v -0.065515 -0.106024 -0.270369
v -0.065500 -0.106164 -0.270000
v -0.065561 -0.105866 -0.270741
v -0.066137 -0.104972 -0.272308
v -0.066970 -0.104100 -0.273327
v -0.071084 -0.100985 -0.274367
v -0.070601 -0.101286 -0.274460
v -0.068764 -0.102584 -0.274327
v -0.067297 -0.103798 -0.273598
v -0.074206 -0.100011 -0.271599
v -0.073399 -0.099954 -0.272949
v -0.073026 -0.100048 -0.273331
v -0.072187 -0.100384 -0.273933
v -0.074500 -0.100564 -0.270000
v 0.065500 -0.106164 -0.270000
v 0.065515 -0.106024 -0.270369
v 0.065561 -0.105866 -0.270741
v 0.073431 -0.099948 -0.272912
v 0.074214 -0.100015 -0.271579
v 0.074495 -0.100467 -0.270212
v 0.074500 -0.100564 -0.270000
v 0.072177 -0.100389 -0.273939
v 0.073025 -0.100048 -0.273332
v 0.070669 -0.101243 -0.274450
v 0.071087 -0.100984 -0.274367
v 0.067311 -0.103785 -0.273608
v 0.068996 -0.102408 -0.274387
v 0.065758 -0.105482 -0.271501
v 0.066181 -0.104920 -0.272380
v 0.066970 -0.104101 -0.273327
v -0.028576 -0.011799 -0.299724
v -0.028096 -0.014225 -0.299735
v -0.026800 -0.016259 -0.299756
v -0.026189 -0.016830 -0.299762
v -0.024168 -0.017963 -0.299775
v -0.022003 -0.018336 -0.299781
v 0.000000 -0.018336 -0.299785
v 0.022003 -0.018336 -0.299781
v 0.028576 -0.011799 -0.299724
v 0.028444 -0.013079 -0.299728
v 0.027565 -0.015268 -0.299745
v 0.026291 -0.016745 -0.299761
v 0.024200 -0.017949 -0.299775
v 0.028579 0.000100 -0.299722
v -0.028579 0.000100 -0.299722
v -0.029893 0.000100 -0.299683
v -0.104687 0.000100 -0.245606
v 0.103404 -0.114678 -0.149000
v 0.103668 -0.114559 -0.149000
v 0.108471 -0.112163 -0.148997
v 0.109240 -0.111712 -0.148998
v 0.108205 -0.112314 -0.148999
v 0.102254 -0.115187 -0.148999
v 0.118837 -0.103580 -0.148999
v 0.121429 -0.100044 -0.148999
v 0.122483 -0.098033 -0.148999
v 0.113774 -0.108508 -0.148999
v 0.115651 -0.106880 -0.149000
v 0.122918 -0.096906 -0.149000
v 0.061000 -0.128381 -0.148999
v 0.070843 -0.125811 -0.148999
v 0.073435 -0.125087 -0.148999
v -0.112504 -0.061599 -0.238833
v -0.111360 -0.058902 -0.242214
v -0.110865 -0.062416 -0.242858
v -0.114180 -0.069446 -0.231441
v -0.113072 -0.067138 -0.235877
v -0.112535 -0.070128 -0.236379
v -0.099930 -0.029265 -0.258775
v -0.098126 -0.027838 -0.260442
v -0.097940 -0.033426 -0.260545
v -0.097832 -0.039619 -0.260283
v -0.106240 -0.053628 -0.251462
v -0.108611 -0.057810 -0.247842
v -0.109024 -0.053595 -0.247540
v -0.113588 -0.078706 -0.227764
v -0.105368 -0.070677 -0.249435
v -0.107491 -0.072263 -0.246470
v -0.109523 -0.074191 -0.242296
v -0.111532 -0.076369 -0.236274
v -0.108221 -0.062372 -0.247707
v -0.105934 -0.058991 -0.251071
v -0.103682 -0.050178 -0.254348
v -0.106567 -0.048698 -0.251465
v -0.109463 -0.049794 -0.246716
v -0.101236 -0.035864 -0.257553
v -0.101032 -0.041505 -0.257474
v -0.104197 -0.039533 -0.254449
v -0.103924 -0.044567 -0.254600
v -0.106918 -0.044288 -0.251006
v -0.101491 -0.030893 -0.257220
v -0.102296 -0.031884 -0.256371
v -0.104492 -0.035148 -0.253845
v -0.104497 -0.035158 -0.253838
v -0.107299 -0.040482 -0.250010
v -0.109241 -0.044824 -0.246671
v -0.109934 -0.046477 -0.245284
v -0.094210 -0.032318 -0.263578
v -0.094448 -0.026203 -0.263542
v -0.091201 -0.025885 -0.266071
v -0.097334 -0.027351 -0.261139
v -0.095857 -0.026648 -0.262392
v -0.090160 -0.025964 -0.266855
v -0.089770 -0.026013 -0.267147
v -0.087588 -0.026478 -0.268757
v -0.087274 -0.026570 -0.268986
v -0.118174 -0.079144 -0.207048
v -0.119400 -0.080589 -0.198660
v -0.120782 -0.077255 -0.195052
v -0.123332 -0.079836 -0.175893
v -0.115758 -0.081108 -0.216126
v -0.121915 -0.083057 -0.180056
v -0.113642 -0.064267 -0.234873
v -0.114782 -0.066860 -0.230257
v -0.115934 -0.069335 -0.224908
v -0.110397 -0.066166 -0.243023
v -0.119529 -0.075621 -0.203765
v -0.118301 -0.073752 -0.211706
v -0.117625 -0.075696 -0.213403
v -0.116448 -0.073764 -0.220283
v -0.115825 -0.075840 -0.221335
v -0.121009 -0.071563 -0.198488
v -0.116980 -0.077560 -0.214645
v -0.111888 -0.055671 -0.240998
v -0.113074 -0.058629 -0.237421
v -0.114251 -0.061537 -0.233270
v -0.115426 -0.064346 -0.228472
v -0.116607 -0.067011 -0.222953
v -0.117801 -0.069482 -0.216642
v -0.113611 -0.072094 -0.232122
v -0.115302 -0.071668 -0.226269
v -0.117104 -0.071647 -0.218750
v -0.119014 -0.071712 -0.209466
v -0.119514 -0.069104 -0.208184
v -0.120673 -0.071050 -0.200756
v -0.114705 -0.074008 -0.227134
v -0.112319 -0.052425 -0.239499
v -0.112122 -0.051923 -0.240045
v -0.118545 -0.067261 -0.213866
v -0.117712 -0.065533 -0.218356
v -0.117087 -0.064160 -0.221497
v -0.115925 -0.061460 -0.226823
v -0.114905 -0.058972 -0.230969
v -0.114678 -0.058408 -0.231827
v -0.112455 -0.052769 -0.239116
v 0.069269 -0.117060 -0.215709
v 0.073153 -0.118551 -0.197437
v 0.071646 -0.121007 -0.183840
v 0.061000 -0.113986 -0.248961
v 0.061000 -0.112484 -0.255546
v 0.061560 -0.112761 -0.253469
v 0.062825 -0.113502 -0.248031
v 0.065564 -0.115232 -0.234218
v 0.061000 -0.115441 -0.241762
v 0.069120 -0.116996 -0.216436
v 0.065128 -0.118408 -0.215965
v 0.061000 -0.118568 -0.223430
v 0.061000 -0.128103 -0.151375
v 0.070584 -0.123998 -0.163924
v 0.065035 -0.125691 -0.162758
v 0.061782 -0.124165 -0.181820
v 0.066928 -0.122593 -0.182708
v 0.075645 -0.122286 -0.165465
v 0.080121 -0.120593 -0.167411
v 0.077956 -0.121433 -0.166411
v 0.061000 -0.122730 -0.194394
v -0.073827 -0.120217 -0.184510
v -0.076341 -0.119571 -0.183250
v -0.069120 -0.116996 -0.216436
v -0.077956 -0.121433 -0.166411
v -0.075645 -0.122286 -0.165465
v -0.070584 -0.123998 -0.163924
v -0.061782 -0.124165 -0.181820
v -0.061000 -0.124387 -0.181747
v -0.061000 -0.128381 -0.148999
v -0.061000 -0.122803 -0.193846
v -0.067566 -0.116286 -0.224082
v -0.061000 -0.119096 -0.219991
v -0.061000 -0.116200 -0.237665
v -0.065564 -0.115232 -0.234218
v -0.062825 -0.113502 -0.248031
v -0.061000 -0.113387 -0.251682
v -0.061560 -0.112761 -0.253469
v -0.061000 -0.112484 -0.255546
v -0.067247 -0.126783 -0.149001
v -0.065035 -0.125691 -0.162758
v -0.066928 -0.122593 -0.182708
v -0.071646 -0.121007 -0.183840
v -0.065128 -0.118408 -0.215965
v 0.121009 -0.071564 -0.198486
v 0.119514 -0.069104 -0.208184
v 0.108191 -0.112165 -0.149775
v 0.108377 -0.112010 -0.150024
v 0.108609 -0.111811 -0.150341
v 0.109159 -0.111321 -0.151117
v 0.110364 -0.110156 -0.152928
v 0.112717 -0.107498 -0.156854
v 0.105291 -0.112053 -0.158001
v 0.107034 -0.112123 -0.153119
v 0.103214 -0.111932 -0.163871
v -0.112546 -0.109472 -0.148999
v -0.113774 -0.108508 -0.148999
v -0.112717 -0.107498 -0.156854
v -0.110900 -0.110650 -0.148999
v -0.110364 -0.110156 -0.152928
v -0.109159 -0.111321 -0.151117
v -0.108609 -0.111811 -0.150341
v -0.108772 -0.111990 -0.148999
v -0.108377 -0.112010 -0.150024
v -0.108469 -0.112165 -0.148999
v -0.108191 -0.112165 -0.149775
v -0.108205 -0.112314 -0.148999
v -0.105291 -0.112053 -0.158001
v -0.103214 -0.111932 -0.163871
v -0.107034 -0.112123 -0.153119
v -0.102696 -0.114993 -0.148999
v -0.103370 -0.114693 -0.149000
v -0.103682 -0.114553 -0.149000
v 0.117128 -0.071571 -0.218684
v 0.118326 -0.073682 -0.211635
v 0.117645 -0.075640 -0.213358
v 0.119555 -0.075554 -0.203688
v 0.111538 -0.076332 -0.236278
v 0.114597 -0.058205 -0.232129
v 0.114277 -0.061427 -0.233188
v 0.113099 -0.058510 -0.237348
v 0.115925 -0.061460 -0.226823
v 0.116117 -0.061919 -0.225985
v 0.115454 -0.064244 -0.228382
v 0.120807 -0.077190 -0.194972
v 0.123357 -0.079773 -0.175806
v 0.119045 -0.071625 -0.209359
v 0.117831 -0.069391 -0.216539
v 0.118545 -0.067261 -0.213865
v 0.116636 -0.066914 -0.222856
v 0.116974 -0.063905 -0.222044
v 0.117712 -0.065533 -0.218356
v 0.114133 -0.057038 -0.233799
v 0.111911 -0.055543 -0.240933
v 0.112005 -0.051625 -0.240364
v 0.109482 -0.049646 -0.246669
v 0.110466 -0.047773 -0.244139
v 0.109014 -0.044295 -0.247099
v 0.106934 -0.044117 -0.250976
v 0.108555 -0.043240 -0.247933
v 0.104210 -0.039337 -0.254432
v 0.104492 -0.035148 -0.253845
v 0.102704 -0.032429 -0.255924
v 0.101245 -0.035642 -0.257548
v 0.102296 -0.031884 -0.256371
v 0.097946 -0.033180 -0.260549
v 0.098880 -0.028378 -0.259760
v 0.101492 -0.030893 -0.257220
v 0.094448 -0.026203 -0.263542
v 0.094210 -0.032051 -0.263590
v 0.097334 -0.027351 -0.261139
v 0.098127 -0.027838 -0.260442
v 0.087588 -0.026478 -0.268757
v 0.089770 -0.026013 -0.267147
v 0.090160 -0.025964 -0.266855
v 0.091201 -0.025885 -0.266071
v 0.087274 -0.026570 -0.268986
v 0.105371 -0.070605 -0.249448
v 0.107495 -0.072202 -0.246480
v 0.109528 -0.074142 -0.242303
v 0.121932 -0.083022 -0.180011
v 0.119417 -0.080552 -0.198623
v 0.118190 -0.079104 -0.207016
v 0.113663 -0.064167 -0.234826
v 0.113089 -0.067051 -0.235854
v 0.112524 -0.061489 -0.238793
v 0.110880 -0.062308 -0.242845
v 0.103469 -0.056121 -0.253776
v 0.103689 -0.050003 -0.254360
v 0.105941 -0.058858 -0.251085
v 0.106250 -0.053474 -0.251467
v 0.108230 -0.062260 -0.247714
v 0.108623 -0.057679 -0.247839
v 0.110408 -0.066075 -0.243024
v 0.112547 -0.070056 -0.236372
v 0.097834 -0.039388 -0.260298
v 0.101039 -0.041293 -0.257483
v 0.103934 -0.044376 -0.254602
v 0.106579 -0.048531 -0.251457
v 0.109039 -0.053451 -0.247520
v 0.111379 -0.058782 -0.242180
v 0.115766 -0.081088 -0.216119
v 0.113595 -0.078678 -0.227763
v 0.115840 -0.075792 -0.221314
v 0.114719 -0.073952 -0.227117
v 0.115320 -0.071598 -0.226235
v 0.114805 -0.066769 -0.230203
v 0.114197 -0.069368 -0.231413
v 0.113625 -0.072030 -0.232110
v 0.116995 -0.077516 -0.214619
v 0.116467 -0.073702 -0.220243
v 0.115957 -0.069252 -0.224848
v 0.106098 -0.092844 -0.229938
v 0.107549 -0.090021 -0.234093
v 0.110264 -0.090618 -0.224311
v 0.092230 -0.101117 -0.236990
v 0.092728 -0.099916 -0.239658
v 0.093734 -0.099930 -0.237344
v 0.108447 -0.083225 -0.241175
v 0.109569 -0.084469 -0.237892
v 0.112025 -0.085031 -0.228696
v 0.104689 -0.085048 -0.247269
v 0.098455 -0.095012 -0.241565
v 0.096875 -0.093957 -0.247338
v 0.099617 -0.093474 -0.243231
v 0.099369 -0.091053 -0.248849
v 0.101798 -0.090624 -0.245562
v 0.101036 -0.088802 -0.249549
v 0.095569 -0.095517 -0.246091
v 0.095445 -0.097057 -0.242224
v 0.094391 -0.097067 -0.244395
v 0.094510 -0.098541 -0.239901
v 0.093442 -0.098548 -0.242205
v 0.092360 -0.101339 -0.235967
v 0.092473 -0.101986 -0.233542
v 0.093905 -0.101751 -0.230909
v 0.093648 -0.102053 -0.230487
v 0.097571 -0.101084 -0.224211
v 0.096127 -0.102258 -0.223632
v 0.102182 -0.099621 -0.217689
v 0.100455 -0.102829 -0.210443
v 0.107497 -0.096719 -0.213455
v 0.103722 -0.103473 -0.199339
v 0.104640 -0.103697 -0.195993
v 0.110550 -0.097949 -0.199910
v 0.106363 -0.104185 -0.189351
v 0.113442 -0.099773 -0.183647
v 0.109840 -0.105580 -0.173785
v 0.116187 -0.102093 -0.165088
v 0.114666 -0.086431 -0.214748
v 0.108557 -0.087749 -0.236593
v 0.106007 -0.087799 -0.242754
v 0.106754 -0.086009 -0.243573
v 0.104229 -0.086512 -0.247317
v 0.101997 -0.087050 -0.249750
v 0.103334 -0.088317 -0.246833
v 0.104767 -0.090067 -0.240831
v 0.102985 -0.092876 -0.237546
v 0.100927 -0.096043 -0.232905
v 0.091970 -0.101899 -0.235025
v 0.092147 -0.101804 -0.234928
v 0.093049 -0.101183 -0.234869
v 0.095421 -0.099595 -0.234514
v 0.097356 -0.096567 -0.239509
v 0.091952 -0.101963 -0.234854
v 0.092053 -0.101967 -0.234602
v 0.092668 -0.101752 -0.233871
v 0.094455 -0.101040 -0.232011
v 0.098763 -0.099378 -0.227192
v 0.104286 -0.096094 -0.224349
v 0.109056 -0.093449 -0.219644
v 0.111950 -0.094767 -0.205916
v 0.113032 -0.091992 -0.210456
v 0.114833 -0.096799 -0.188516
v 0.115912 -0.094170 -0.192199
v 0.117686 -0.099391 -0.168252
v 0.107167 -0.084542 -0.243644
v 0.109190 -0.085949 -0.237711
v 0.111668 -0.086526 -0.228445
v 0.111112 -0.088338 -0.227149
v 0.114319 -0.087934 -0.214494
v 0.113801 -0.089740 -0.213224
v 0.117197 -0.090231 -0.195448
v 0.116680 -0.092002 -0.194436
v 0.118847 -0.096962 -0.170633
v 0.105351 -0.105816 -0.185686
v 0.101207 -0.104873 -0.200585
v 0.096958 -0.104124 -0.214579
v 0.093217 -0.103504 -0.226375
v 0.091758 -0.103170 -0.231152
v 0.090810 -0.102680 -0.235103
v -0.094769 -0.112028 -0.184716
v -0.092286 -0.114003 -0.180195
v -0.089584 -0.110964 -0.203163
v -0.083299 -0.114772 -0.197625
v -0.079124 -0.116786 -0.195192
v -0.085213 -0.118289 -0.171164
v -0.075832 -0.110986 -0.234734
v -0.074209 -0.115109 -0.216647
v -0.078441 -0.113211 -0.217819
v -0.082044 -0.111379 -0.219145
v -0.083345 -0.107123 -0.235374
v -0.079893 -0.108982 -0.235098
v -0.083279 -0.108842 -0.228322
v -0.085098 -0.109628 -0.220548
v -0.086745 -0.112831 -0.200324
v -0.089173 -0.116088 -0.175590
v -0.103982 -0.107835 -0.180939
v -0.105327 -0.105853 -0.185601
v -0.098502 -0.108346 -0.193034
v -0.101173 -0.104910 -0.200528
v -0.093895 -0.107453 -0.208843
v -0.096914 -0.104159 -0.214559
v -0.093168 -0.103533 -0.226390
v -0.070488 -0.113332 -0.234370
v -0.082827 -0.119429 -0.169171
v -0.087629 -0.104640 -0.235438
v -0.088257 -0.105769 -0.229742
v -0.089855 -0.106415 -0.223336
v -0.090777 -0.102701 -0.235109
v -0.091711 -0.103193 -0.231186
v -0.095569 -0.095517 -0.246091
v -0.098353 -0.095028 -0.241740
v -0.099519 -0.093490 -0.243389
v -0.092604 -0.101746 -0.234043
v -0.093002 -0.102015 -0.232183
v -0.093835 -0.101735 -0.231132
v -0.096561 -0.102303 -0.222378
v -0.097521 -0.102411 -0.219555
v -0.100040 -0.102762 -0.211777
v -0.102118 -0.099596 -0.217946
v -0.117824 -0.104719 -0.148999
v -0.110518 -0.097916 -0.200126
v -0.107449 -0.096690 -0.213688
v -0.105555 -0.100255 -0.206401
v -0.091992 -0.101825 -0.235219
v -0.091949 -0.101960 -0.234874
v -0.092011 -0.101963 -0.234718
v -0.092086 -0.101808 -0.235057
v -0.092967 -0.101188 -0.235046
v -0.092131 -0.101398 -0.236304
v -0.093629 -0.099947 -0.237530
v -0.092574 -0.100259 -0.238939
v -0.092728 -0.099916 -0.239658
v -0.094394 -0.098564 -0.240088
v -0.093232 -0.098922 -0.241559
v -0.095327 -0.097083 -0.242404
v -0.094391 -0.097067 -0.244395
v -0.096875 -0.093957 -0.247338
v -0.101710 -0.090640 -0.245688
v -0.099369 -0.091053 -0.248849
v -0.101997 -0.087049 -0.249750
v -0.104151 -0.086530 -0.247411
v -0.108362 -0.083230 -0.241367
v -0.107105 -0.084550 -0.243758
v -0.111982 -0.085014 -0.228890
v -0.111410 -0.083521 -0.232023
v -0.114631 -0.086406 -0.214961
v -0.121534 -0.099869 -0.148999
v -0.122493 -0.098011 -0.148999
v -0.118837 -0.096944 -0.170732
v -0.116657 -0.091975 -0.194615
v -0.102348 -0.103176 -0.204147
v -0.103661 -0.103459 -0.199557
v -0.106363 -0.104185 -0.189351
v -0.109840 -0.105580 -0.173785
v -0.113425 -0.099743 -0.183815
v -0.116183 -0.102072 -0.165183
v -0.120640 -0.101253 -0.148999
v -0.117679 -0.099371 -0.168350
v -0.115890 -0.094142 -0.192377
v -0.114813 -0.096771 -0.188690
v -0.112998 -0.091963 -0.210672
v -0.111917 -0.094736 -0.206133
v -0.110220 -0.090595 -0.224519
v -0.109011 -0.093423 -0.219865
v -0.101036 -0.088802 -0.249549
v -0.103253 -0.088334 -0.246937
v -0.104697 -0.090069 -0.240981
v -0.102908 -0.092875 -0.237726
v -0.100846 -0.096036 -0.233118
v -0.097251 -0.096581 -0.239700
v -0.096257 -0.098111 -0.237301
v -0.098686 -0.099363 -0.227434
v -0.095329 -0.099597 -0.234723
v -0.097498 -0.101063 -0.224470
v -0.094377 -0.101031 -0.232227
v -0.105942 -0.087804 -0.242882
v -0.107493 -0.090009 -0.234274
v -0.106038 -0.092828 -0.230142
v -0.104223 -0.096074 -0.224579
v -0.104612 -0.085067 -0.247359
v -0.106692 -0.086015 -0.243691
v -0.108504 -0.087740 -0.236759
v -0.123076 -0.096402 -0.148999
v -0.117173 -0.090206 -0.195628
v -0.113766 -0.089712 -0.213439
v -0.114284 -0.087908 -0.214707
v -0.111069 -0.088318 -0.227349
v -0.111625 -0.086508 -0.228641
v -0.109139 -0.085942 -0.237869
v -0.109518 -0.084464 -0.238046
v 0.034081 0.000100 -0.299430
v 0.039309 0.000100 -0.298450
v 0.104564 0.000100 -0.245999
v -0.061000 -0.104110 -0.281177
v -0.061000 -0.103917 -0.281560
v -0.061000 -0.102948 -0.283320
v -0.061000 -0.106105 -0.276591
v -0.061000 -0.105380 -0.278391
v -0.061000 -0.112176 -0.256804
v -0.061000 -0.111860 -0.258060
v -0.061000 -0.110837 -0.261934
v -0.061000 -0.101272 -0.285649
v -0.061000 -0.099693 -0.286972
v -0.061000 -0.097866 -0.287630
v -0.061000 -0.095742 -0.287609
v -0.061000 -0.109862 -0.265352
v -0.061000 -0.108593 -0.269435
v -0.061000 -0.107926 -0.271464
v 0.061000 -0.109715 -0.265842
v 0.061000 -0.110835 -0.261943
v 0.061000 -0.102384 -0.284209
v 0.061000 -0.102642 -0.283816
v 0.061000 -0.102671 -0.283770
v 0.061000 -0.103946 -0.281503
v 0.061000 -0.111860 -0.258060
v 0.061000 -0.112176 -0.256804
v 0.061000 -0.099488 -0.287089
v 0.061000 -0.100984 -0.285954
v 0.061000 -0.101039 -0.285898
v 0.061000 -0.104873 -0.279558
v 0.061000 -0.107392 -0.273042
v 0.061000 -0.107926 -0.271464
v 0.061000 -0.097654 -0.287659
v 0.061000 -0.097714 -0.287651
v 0.061000 -0.098681 -0.287435
v 0.061000 -0.099246 -0.287210
v 0.065778 -0.106568 -0.268442
v 0.066634 -0.106614 -0.267013
v 0.066970 -0.106554 -0.266673
v 0.067996 -0.106249 -0.265971
v 0.068916 -0.105866 -0.265632
v 0.071108 -0.104614 -0.265639
v 0.069675 -0.105486 -0.265512
v 0.073035 -0.103024 -0.266678
v 0.072827 -0.103230 -0.266499
v 0.071430 -0.104388 -0.265733
v 0.074458 -0.100881 -0.269387
v 0.073851 -0.102071 -0.267672
v 0.074490 -0.100714 -0.269697
v 0.046423 -0.068800 -0.296659
v 0.000000 -0.068800 -0.299717
v 0.000000 -0.057845 -0.299780
v 0.016585 -0.057532 -0.299771
v 0.031151 -0.039022 -0.299654
v 0.016138 -0.039169 -0.299781
v 0.000000 -0.039297 -0.299785
v 0.022401 -0.068799 -0.299666
v 0.032040 -0.057100 -0.299621
v 0.034198 -0.068800 -0.299433
v 0.038265 -0.056792 -0.299146
v 0.040067 -0.068800 -0.298890
v 0.043623 -0.068800 -0.298041
v -0.016138 -0.039171 -0.299781
v -0.031151 -0.039023 -0.299654
v -0.045112 -0.068800 -0.297419
v -0.046833 -0.068800 -0.296370
v -0.038265 -0.056792 -0.299146
v -0.042567 -0.068801 -0.298369
v -0.043937 -0.068800 -0.297928
v -0.029971 -0.068801 -0.299580
v -0.038461 -0.068800 -0.299103
v -0.039391 -0.068801 -0.298988
v -0.032041 -0.057100 -0.299621
v -0.016585 -0.057532 -0.299771
v -0.017035 -0.068800 -0.299690
v 0.083384 -0.020611 -0.271849
v 0.081217 -0.021183 -0.273377
v 0.087498 -0.019809 -0.268862
v 0.091263 -0.019782 -0.266001
v 0.094552 -0.022652 -0.263417
v 0.079517 -0.097165 -0.268615
v 0.071674 -0.100374 -0.274715
v 0.074697 -0.098190 -0.274058
v 0.063352 -0.106897 -0.271092
v 0.062026 -0.105675 -0.276336
v 0.067475 -0.102915 -0.275456
v 0.077275 -0.098921 -0.268974
v 0.077928 -0.094897 -0.272882
v 0.083531 -0.093080 -0.267581
v 0.076699 -0.096394 -0.273452
v 0.082082 -0.094820 -0.268071
v 0.080725 -0.096124 -0.268387
v 0.070117 -0.098418 -0.279385
v 0.068173 -0.097690 -0.281593
v 0.071436 -0.096992 -0.278727
v 0.064982 -0.098018 -0.284337
v 0.061923 -0.097871 -0.286896
v 0.061444 -0.100788 -0.285779
v 0.063569 -0.099356 -0.285067
v 0.061657 -0.102316 -0.283689
v 0.064712 -0.100602 -0.282987
v 0.066807 -0.099075 -0.282289
v 0.068053 -0.100038 -0.280062
v 0.065007 -0.101911 -0.280766
v -0.083384 -0.020611 -0.271849
v -0.091263 -0.019782 -0.266001
v -0.087498 -0.019809 -0.268862
v -0.081217 -0.021183 -0.273377
v -0.071558 -0.100406 -0.274823
v -0.074582 -0.098227 -0.274165
v -0.067973 -0.100055 -0.280133
v -0.079517 -0.097165 -0.268615
v -0.082082 -0.094820 -0.268071
v -0.082675 -0.094174 -0.267899
v -0.076585 -0.096435 -0.273556
v -0.071358 -0.097012 -0.278796
v -0.061906 -0.097868 -0.286911
v -0.068116 -0.097700 -0.281643
v -0.064945 -0.098019 -0.284369
v -0.077815 -0.094939 -0.272985
v -0.083563 -0.093032 -0.267566
v -0.077275 -0.098921 -0.268974
v -0.074490 -0.100714 -0.269697
v -0.075422 -0.100237 -0.269247
v -0.074458 -0.100881 -0.269387
v -0.067360 -0.102940 -0.275565
v -0.061915 -0.105690 -0.276444
v -0.063352 -0.106897 -0.271092
v -0.061598 -0.102320 -0.283739
v -0.064928 -0.101924 -0.280836
v -0.070038 -0.098437 -0.279454
v -0.066748 -0.099083 -0.282339
v -0.064653 -0.100609 -0.283038
v -0.063531 -0.099357 -0.285099
v -0.061406 -0.100788 -0.285811
v -0.095267 -0.092351 -0.252951
v -0.094319 -0.089283 -0.257307
v -0.078253 -0.102501 -0.259578
v -0.081376 -0.102209 -0.255057
v -0.084465 -0.099511 -0.256408
v -0.078714 -0.100740 -0.263016
v -0.073990 -0.101869 -0.267920
v -0.076948 -0.102651 -0.261348
v -0.073035 -0.103025 -0.266677
v -0.075488 -0.102838 -0.263247
v -0.072827 -0.103230 -0.266499
v -0.081421 -0.098760 -0.262876
v -0.086878 -0.097367 -0.257010
v -0.066693 -0.106605 -0.266948
v -0.065812 -0.106580 -0.268353
v -0.071724 -0.104957 -0.263729
v -0.071326 -0.104462 -0.265700
v -0.069672 -0.105487 -0.265512
v -0.067426 -0.107091 -0.264378
v -0.068916 -0.105866 -0.265633
v -0.068044 -0.106231 -0.265947
v -0.066969 -0.106554 -0.266673
v -0.069602 -0.107156 -0.260675
v -0.071081 -0.107617 -0.256700
v -0.074183 -0.104848 -0.260006
v -0.076034 -0.105145 -0.255975
v 0.076948 -0.102651 -0.261348
v 0.078253 -0.102501 -0.259578
v 0.074183 -0.104848 -0.260006
v 0.067426 -0.107091 -0.264378
v 0.071724 -0.104957 -0.263729
v 0.075488 -0.102838 -0.263247
v 0.071081 -0.107617 -0.256700
v 0.069602 -0.107156 -0.260675
v 0.076034 -0.105145 -0.255975
v 0.081376 -0.102209 -0.255057
v 0.086878 -0.097367 -0.257010
v 0.081421 -0.098760 -0.262876
v 0.078714 -0.100740 -0.263016
v 0.084465 -0.099511 -0.256408
v 0.094318 -0.089284 -0.257307
v 0.095267 -0.092351 -0.252951
v -0.085916 -0.100386 -0.251865
v -0.089180 -0.099045 -0.249371
v -0.090527 -0.097348 -0.251027
v -0.091940 -0.097948 -0.246954
v -0.092157 -0.095590 -0.252035
v -0.077120 -0.105945 -0.251606
v -0.073441 -0.109115 -0.247238
v -0.077875 -0.106976 -0.246807
v -0.072380 -0.108261 -0.252260
v -0.081450 -0.103757 -0.250596
v -0.081765 -0.105009 -0.246138
v -0.082388 -0.106150 -0.241027
v -0.110998 -0.045019 -0.241916
v -0.109015 -0.040253 -0.246095
v -0.113568 -0.047632 -0.233714
v -0.111561 -0.042758 -0.239137
v -0.118502 -0.063212 -0.214897
v -0.116670 -0.059091 -0.223578
v -0.114815 -0.054587 -0.230848
v -0.112928 -0.049847 -0.236897
v 0.070501 -0.113326 -0.234370
v 0.073441 -0.109115 -0.247238
v 0.075832 -0.110986 -0.234734
v 0.079893 -0.108982 -0.235098
v 0.072380 -0.108261 -0.252260
v 0.077875 -0.106976 -0.246807
v 0.077120 -0.105945 -0.251606
v 0.083345 -0.107123 -0.235374
v 0.082372 -0.106129 -0.241134
v 0.081765 -0.105009 -0.246138
v 0.081450 -0.103757 -0.250596
v 0.085916 -0.100386 -0.251865
v 0.091940 -0.097948 -0.246954
v 0.089180 -0.099045 -0.249371
v 0.090527 -0.097348 -0.251027
v 0.092157 -0.095590 -0.252035
v -0.107637 -0.108779 -0.166956
v -0.085488 -0.104492 -0.240535
v -0.088118 -0.103079 -0.239755
v -0.088011 -0.101924 -0.243622
v -0.085126 -0.103334 -0.245030
v -0.091042 -0.099442 -0.244680
v -0.088345 -0.100580 -0.246869
v -0.088694 -0.099837 -0.248223
v -0.091465 -0.102268 -0.234974
v -0.090334 -0.101936 -0.238645
v -0.090504 -0.100786 -0.241869
v -0.085442 -0.101232 -0.250515
v -0.085194 -0.101993 -0.248878
v 0.090646 -0.102783 -0.235132
v 0.090333 -0.101915 -0.238713
v 0.091047 -0.099433 -0.244697
v 0.090509 -0.100769 -0.241909
v 0.088348 -0.100570 -0.246888
v 0.088012 -0.101907 -0.243670
v 0.088111 -0.103058 -0.239838
v 0.088690 -0.103995 -0.235374
v 0.085196 -0.101983 -0.248901
v 0.085124 -0.103317 -0.245086
v 0.085477 -0.104470 -0.240631
v 0.086262 -0.105453 -0.235466
v 0.107637 -0.108779 -0.166956
v 0.103982 -0.107835 -0.180939
v 0.109015 -0.040253 -0.246095
v 0.112928 -0.049847 -0.236897
v 0.110998 -0.045019 -0.241916
v 0.118502 -0.063212 -0.214897
v 0.116670 -0.059091 -0.223578
v 0.114815 -0.054587 -0.230848
v 0.113568 -0.047632 -0.233714
v 0.111561 -0.042758 -0.239137
v 0.098529 -0.108316 -0.193101
v 0.086772 -0.112815 -0.200348
v 0.083321 -0.114761 -0.197640
v 0.078463 -0.113200 -0.217826
v 0.093926 -0.107423 -0.208892
v 0.089613 -0.110943 -0.203196
v 0.089889 -0.106389 -0.223360
v 0.085130 -0.109609 -0.220564
v 0.088293 -0.105745 -0.229753
v 0.082073 -0.111363 -0.219157
v 0.079137 -0.116780 -0.195199
v 0.074222 -0.115104 -0.216650
v 0.082835 -0.119425 -0.169176
v 0.094795 -0.112005 -0.184767
v 0.092310 -0.113986 -0.180235
v 0.089193 -0.116076 -0.175616
v 0.085226 -0.118282 -0.171176
v 0.083312 -0.108823 -0.228331
v -0.068293 0.118344 0.226827
v -0.067491 0.118482 0.227033
v -0.068393 0.119175 0.226463
v -0.067508 0.119342 0.226682
v -0.068357 0.119777 0.225776
v -0.067410 0.119958 0.225995
v -0.068193 0.120025 0.224912
v -0.067218 0.120198 0.225119
v -0.070195 0.117669 0.226330
v -0.070463 0.118395 0.225940
v -0.070562 0.118935 0.225269
v -0.070475 0.119187 0.224444
v -0.072113 0.116418 0.225823
v -0.072506 0.116990 0.225420
v -0.072722 0.117428 0.224783
v -0.072727 0.117662 0.224015
v 0.070277 0.117628 0.226309
v 0.072113 0.116418 0.225823
v 0.070551 0.118348 0.225917
v 0.072506 0.116990 0.225420
v 0.070656 0.118885 0.225247
v 0.072722 0.117428 0.224783
v 0.070573 0.119137 0.224425
v 0.072727 0.117662 0.224015
v 0.069796 0.117853 0.226436
v 0.070032 0.118605 0.226049
v 0.070104 0.119162 0.225374
v 0.070000 0.119414 0.224540
v 0.067883 0.118425 0.226933
v 0.067942 0.119272 0.226575
v 0.067874 0.119882 0.225888
v 0.067695 0.120126 0.225017
v 0.067491 0.118482 0.227033
v 0.067508 0.119342 0.226682
v 0.067410 0.119958 0.225995
v 0.067218 0.120198 0.225119
v 0.066666 0.120265 0.225256
v 0.066113 0.120329 0.225387
v 0.066850 0.120025 0.226134
v 0.066289 0.120089 0.226267
v 0.066944 0.119409 0.226822
v 0.066379 0.119473 0.226957
v 0.066927 0.118548 0.227173
v 0.066362 0.118612 0.227306
v 0.041833 0.121366 0.232954
v 0.041849 0.122227 0.232605
v 0.041759 0.122844 0.231915
v 0.041583 0.123083 0.231035
v 0.030101 0.123724 0.232354
v 0.029997 0.123724 0.232354
v 0.030102 0.123491 0.233258
v 0.029997 0.123491 0.233258
v 0.030103 0.122872 0.233957
v 0.029997 0.122872 0.233957
v 0.030103 0.122003 0.234300
v 0.029997 0.122003 0.234300
v -0.029997 0.122003 0.234300
v -0.029997 0.122872 0.233957
v -0.029997 0.123491 0.233258
v -0.029997 0.123724 0.232354
v -0.041480 0.123095 0.231059
v -0.041583 0.123083 0.231035
v -0.041655 0.122856 0.231940
v -0.041759 0.122844 0.231915
v -0.041743 0.122239 0.232629
v -0.041849 0.122227 0.232605
v -0.041727 0.121378 0.232978
v -0.041833 0.121366 0.232954
v -0.066362 0.118612 0.227306
v -0.066379 0.119473 0.226957
v -0.066289 0.120089 0.226267
v -0.066113 0.120329 0.225387
v -0.066666 0.120265 0.225256
v -0.066850 0.120025 0.226134
v -0.066944 0.119409 0.226822
v -0.066927 0.118548 0.227173
v -0.085649 0.103960 0.219826
v -0.085649 0.094431 0.221166
v -0.081814 0.107755 0.222085
v -0.077438 0.096861 0.226185
v -0.076516 0.112632 0.224436
v -0.041736 0.101520 0.235767
v -0.029997 0.102159 0.237089
v 0.029997 0.102159 0.237089
v 0.030095 0.102159 0.237088
v 0.076460 0.112683 0.224457
v 0.075588 0.097275 0.227042
v 0.085649 0.094431 0.221166
v 0.085649 0.103960 0.219826
v -0.082118 0.108953 0.220373
v -0.085899 0.104463 0.219393
v -0.082108 0.108276 0.221654
v -0.085941 0.104613 0.219214
v -0.082215 0.108694 0.221056
v -0.085893 0.105073 0.218393
v -0.085961 0.104875 0.218819
v -0.098356 0.091853 0.210242
v -0.098404 0.091393 0.211062
v -0.098112 0.090740 0.211675
v 0.098356 0.091853 0.210242
v 0.085893 0.105073 0.218393
v 0.085961 0.104875 0.218819
v 0.098404 0.091393 0.211062
v 0.098112 0.090740 0.211675
v 0.085899 0.104463 0.219393
v 0.085941 0.104613 0.219214
v 0.076811 0.113231 0.224039
v 0.076937 0.113904 0.222682
v 0.076979 0.113659 0.223416
v -0.098112 0.089196 0.211892
v -0.094047 0.091352 0.214854
v 0.092050 -0.096715 0.232869
v 0.094451 -0.095699 0.233480
v 0.092300 -0.096427 0.233633
v 0.090035 -0.097068 0.232235
v 0.090030 -0.097066 0.232245
v 0.091739 -0.096596 0.233460
v 0.092012 -0.096479 0.233647
v 0.089095 -0.096742 0.233631
v 0.089726 -0.096982 0.232651
v 0.090559 -0.096673 0.233648
v -0.089726 -0.096982 0.232651
v -0.089095 -0.096742 0.233631
v -0.090559 -0.096673 0.233648
v -0.090030 -0.097066 0.232245
v -0.091739 -0.096596 0.233460
v -0.092012 -0.096479 0.233647
v -0.094183 -0.095825 0.233504
v -0.094451 -0.095699 0.233480
v -0.092050 -0.096715 0.232869
v -0.090035 -0.097068 0.232235
v 0.098112 0.089196 0.211892
v 0.094047 0.091352 0.214854
v -0.099498 0.089589 0.210091
v -0.099118 0.089963 0.210696
v -0.099232 0.090567 0.210138
v -0.099041 0.091040 0.209483
v 0.099421 0.090333 0.209815
v 0.099356 0.089738 0.210344
v -0.099742 0.086693 0.209894
v -0.099147 0.088149 0.210908
v -0.099519 0.087413 0.210351
v 0.093090 -0.096763 0.231099
v 0.095933 -0.094795 0.233350
v 0.095134 -0.095326 0.233427
v 0.099147 0.088149 0.210908
v 0.099519 0.087413 0.210351
v 0.099742 0.086693 0.209894
v -0.097156 -0.093731 0.233196
v -0.096484 -0.094359 0.233287
v -0.093090 -0.096763 0.231099
v 0.077249 0.063655 0.230950
v 0.077540 0.063866 0.230769
v 0.076064 0.096131 0.226976
v 0.078829 0.064428 0.229991
v 0.079144 0.064493 0.229803
v 0.080000 0.064553 0.229295
v 0.080630 0.064492 0.228920
v 0.082225 0.063926 0.227971
v 0.083408 0.063009 0.227281
v 0.084190 0.061951 0.226858
v 0.084647 0.060827 0.226673
v 0.084802 0.059590 0.226728
v 0.084558 0.058237 0.227104
v 0.077249 -0.015566 0.242083
v 0.077540 -0.015355 0.241903
v 0.079144 -0.014728 0.240937
v 0.080000 -0.014669 0.240428
v 0.080630 -0.014729 0.240054
v 0.082225 -0.015295 0.239105
v 0.078829 -0.014794 0.241125
v 0.083408 -0.016213 0.238415
v 0.084190 -0.017270 0.237992
v 0.084647 -0.018394 0.237807
v 0.084802 -0.019631 0.237861
v 0.085649 -0.081428 0.245881
v 0.079573 0.055733 0.230786
v 0.078161 0.056294 0.231503
v 0.076339 -0.016586 0.242684
v 0.083671 0.056827 0.227960
v 0.082559 0.056035 0.228854
v 0.083933 0.057122 0.227728
v 0.082142 0.055862 0.229161
v 0.080683 0.055610 0.230136
v 0.084558 -0.020985 0.238238
v 0.083933 -0.022099 0.238861
v 0.083671 -0.022394 0.239094
v 0.079573 -0.023488 0.241920
v 0.076389 -0.077947 0.251284
v 0.080683 -0.023612 0.241269
v 0.085449 -0.081334 0.246028
v 0.082142 -0.023360 0.240294
v 0.082559 -0.023186 0.239988
v 0.078161 -0.022927 0.242637
v 0.077030 -0.022030 0.243104
v 0.066362 -0.075793 0.254628
v 0.076226 -0.020894 0.243345
v 0.075783 -0.019595 0.243375
v 0.075754 -0.018201 0.243193
v 0.077030 0.057192 0.231970
v 0.076226 0.058327 0.232211
v 0.076213 -0.016801 0.242776
v 0.075783 0.059626 0.232241
v 0.066362 0.097713 0.230243
v 0.075754 0.061020 0.232059
v 0.076213 0.062420 0.231642
v 0.076339 0.062636 0.231550
v -0.075989 0.058868 0.232249
v -0.076561 -0.016265 0.242530
v -0.075930 0.059041 0.232253
v -0.075944 -0.017413 0.242992
v -0.075989 -0.020354 0.243383
v -0.076495 -0.077978 0.251236
v -0.075930 -0.020181 0.243387
v -0.066362 -0.075793 0.254628
v -0.075712 -0.018741 0.243288
v -0.066362 0.097713 0.230243
v -0.075712 0.060480 0.232155
v -0.084773 0.059149 0.226812
v -0.084730 0.060453 0.226661
v -0.076684 -0.021622 0.243221
v -0.076864 -0.021845 0.243162
v -0.077984 -0.022819 0.242717
v -0.082931 -0.022982 0.239702
v -0.083885 -0.022158 0.238905
v -0.085649 -0.081428 0.245881
v -0.081556 -0.023522 0.240703
v -0.079518 -0.023475 0.241951
v -0.079826 -0.023540 0.241779
v -0.080059 -0.023575 0.241645
v -0.076684 0.057599 0.232087
v -0.076864 0.057376 0.232028
v -0.077984 0.056402 0.231583
v -0.082931 0.056239 0.228568
v -0.083885 0.057063 0.227771
v -0.081964 -0.015158 0.239260
v -0.084479 0.058036 0.227192
v -0.083222 -0.016029 0.238521
v -0.081556 0.055700 0.229569
v -0.080314 -0.014688 0.240242
v -0.080059 0.055647 0.230511
v -0.079826 0.055682 0.230645
v -0.080000 -0.014669 0.240428
v -0.079518 0.055746 0.230817
v -0.078793 -0.014803 0.241146
v -0.077524 -0.015367 0.241913
v -0.084479 -0.021185 0.238326
v -0.084773 -0.020073 0.237946
v -0.084730 -0.018768 0.237795
v -0.084325 -0.017529 0.237928
v -0.083482 -0.016292 0.238372
v -0.078793 0.064419 0.230012
v -0.077524 0.063855 0.230779
v -0.076969 0.095929 0.226557
v -0.076561 0.062956 0.231396
v -0.075944 0.061808 0.231858
v -0.084325 0.061693 0.226794
v -0.083482 0.062929 0.227238
v -0.083222 0.063192 0.227387
v -0.081964 0.064063 0.228126
v -0.080314 0.064533 0.229108
v -0.080000 0.064553 0.229295
v -0.029997 -0.070696 0.261382
v 0.029997 -0.070696 0.261382
v 0.041833 -0.071544 0.260066
v -0.041833 -0.071544 0.260066
v 0.094186 -0.085722 0.239629
v 0.098097 -0.086343 0.236574
v 0.098109 -0.086147 0.236538
v 0.098112 -0.085950 0.236507
v 0.090610 -0.084233 0.242291
v -0.098109 -0.086147 0.236538
v -0.098097 -0.086343 0.236574
v -0.094186 -0.085722 0.239629
v -0.090610 -0.084233 0.242291
v -0.098112 -0.085950 0.236507
v -0.063995 -0.085025 0.251163
v -0.072101 -0.087109 0.248497
v -0.079425 -0.090397 0.244287
v 0.084386 -0.093202 0.240697
v 0.079425 -0.090397 0.244287
v -0.084386 -0.093202 0.240697
v 0.079265 -0.090307 0.244403
v -0.039465 -0.080777 0.256601
v 0.039465 -0.080777 0.256601
v 0.038448 -0.080610 0.256814
v 0.072016 -0.087079 0.248534
v 0.063995 -0.085025 0.251163
v 0.029997 -0.079968 0.257636
v -0.029997 -0.079968 0.257636
v -0.031014 -0.079978 0.257624
v 0.030622 0.101116 0.237231
v 0.040561 -0.071370 0.260337
v -0.041224 0.100534 0.236028
v -0.031269 -0.070706 0.261367
v -0.087961 -0.096181 0.235373
v -0.088450 -0.096444 0.234624
v 0.088450 -0.096444 0.234624
v 0.087961 -0.096181 0.235373
v 0.096777 -0.091715 0.236449
v 0.097369 -0.090337 0.236672
v 0.093442 -0.089115 0.239919
v 0.097612 -0.089585 0.236734
v 0.097863 -0.088550 0.236756
v 0.096341 -0.092504 0.236249
v 0.092032 -0.092227 0.239233
v 0.095498 -0.093713 0.235813
v 0.093467 -0.095644 0.234604
v 0.094338 -0.094946 0.235144
v 0.094978 -0.094316 0.235521
v 0.092586 -0.095903 0.234624
v 0.090128 -0.094682 0.237654
v 0.091423 -0.096163 0.234639
v 0.086334 -0.091562 0.242108
v 0.088117 -0.089393 0.242877
v 0.089139 -0.087743 0.242999
v 0.089584 -0.086879 0.242940
v 0.081994 -0.088085 0.246030
v 0.084178 -0.084938 0.246589
v 0.081815 -0.087991 0.246154
v 0.083985 -0.084842 0.246725
v 0.073778 -0.084619 0.250595
v 0.075304 -0.081433 0.251554
v 0.064935 -0.082478 0.253414
v 0.065758 -0.079267 0.254619
v 0.040406 -0.078229 0.258852
v 0.041229 -0.075019 0.260057
v 0.039286 -0.078056 0.259080
v 0.040021 -0.074844 0.260304
v 0.029997 -0.077387 0.259960
v 0.029997 -0.074167 0.261261
v -0.029997 -0.074167 0.261261
v -0.029997 -0.077387 0.259960
v -0.031115 -0.077397 0.259947
v -0.031203 -0.074177 0.261247
v -0.040406 -0.078229 0.258852
v -0.041229 -0.075019 0.260057
v -0.064935 -0.082478 0.253414
v -0.065758 -0.079267 0.254619
v -0.073872 -0.084650 0.250554
v -0.075405 -0.081464 0.251510
v -0.081994 -0.088085 0.246030
v -0.084178 -0.084938 0.246589
v -0.086334 -0.091562 0.242108
v -0.088117 -0.089393 0.242877
v -0.089139 -0.087743 0.242999
v -0.089584 -0.086879 0.242940
v -0.097612 -0.089585 0.236734
v -0.097369 -0.090337 0.236672
v -0.093442 -0.089115 0.239919
v -0.090557 -0.096300 0.234643
v -0.090128 -0.094682 0.237654
v -0.094978 -0.094316 0.235521
v -0.094338 -0.094946 0.235144
v -0.092032 -0.092227 0.239233
v -0.093467 -0.095644 0.234604
v -0.092590 -0.095902 0.234624
v -0.096777 -0.091715 0.236449
v -0.096341 -0.092504 0.236249
v -0.095498 -0.093713 0.235813
v -0.097863 -0.088550 0.236756
v -0.095006 -0.095003 0.234480
v -0.095496 -0.094584 0.234681
v -0.095586 -0.094661 0.234419
v -0.094567 -0.095222 0.234521
v -0.097279 -0.093257 0.234185
v -0.097611 -0.092120 0.235266
v -0.097990 -0.092413 0.234051
v -0.098679 -0.090044 0.235346
v -0.099144 -0.090422 0.233749
v -0.099034 -0.089015 0.235282
v -0.099510 -0.089440 0.233606
v -0.099455 -0.086778 0.234938
v -0.099944 -0.087150 0.233284
v -0.097082 -0.092875 0.235156
v -0.099391 -0.086452 0.235034
v -0.099408 -0.086167 0.234969
v -0.099652 0.085211 0.210352
v -0.099716 0.084891 0.210223
v -0.099680 0.083645 0.210498
v -0.099104 0.086729 0.211171
v -0.099020 0.086873 0.211269
v 0.095497 -0.094584 0.234680
v 0.095423 -0.094763 0.234437
v 0.095852 -0.094484 0.234388
v 0.097519 -0.092994 0.234143
v 0.097083 -0.092876 0.235155
v 0.097775 -0.092690 0.234094
v 0.097611 -0.092120 0.235266
v 0.099005 -0.090728 0.233794
v 0.098680 -0.090044 0.235345
v 0.099323 -0.089981 0.233684
v 0.099034 -0.089016 0.235281
v 0.099887 -0.087722 0.233363
v 0.099455 -0.086778 0.234936
v 0.099944 -0.087150 0.233284
v 0.094683 -0.095167 0.234510
v 0.099391 -0.086452 0.235034
v 0.099408 -0.086167 0.234969
v 0.098699 0.087327 0.211600
v 0.099573 0.085534 0.210497
v 0.099442 0.085961 0.210712
v 0.150000 -0.008567 -0.070886
v 0.150000 -0.025388 -0.066686
v 0.150000 -0.040701 -0.058557
v 0.150000 -0.053604 -0.046978
v 0.150000 -0.063337 -0.032631
v 0.150000 -0.069327 -0.016361
v 0.150000 -0.071227 0.000000
v -0.129322 -0.110451 -0.076499
v -0.129201 -0.110328 -0.077534
v -0.120610 -0.118232 -0.078083
v -0.120322 -0.118688 -0.076499
v -0.121774 -0.117147 -0.079809
v -0.123730 -0.115472 -0.080864
v -0.123420 -0.115739 -0.080775
v -0.127842 -0.111595 -0.079835
v -0.127563 -0.111882 -0.080068
v -0.125916 -0.113505 -0.080864
v -0.125506 -0.113888 -0.080947
v -0.128741 -0.110680 -0.078710
v 0.120322 -0.118688 -0.076499
v 0.129322 -0.110451 -0.076499
v 0.129255 -0.110323 -0.077273
v 0.128847 -0.110582 -0.078511
v 0.125838 -0.113579 -0.080883
v 0.126298 -0.113141 -0.080750
v 0.127786 -0.111653 -0.079885
v 0.120728 -0.118107 -0.078368
v 0.121919 -0.117022 -0.079937
v 0.123716 -0.115484 -0.080861
v -0.104286 -0.128971 0.011393
v -0.105789 -0.129266 -0.001630
v -0.096195 -0.131287 -0.000879
v -0.093930 -0.125976 -0.096242
v -0.098646 -0.124713 -0.095265
v -0.098460 -0.122547 -0.111703
v -0.132286 -0.121327 -0.003668
v -0.134420 -0.119957 -0.004171
v -0.131916 -0.118818 -0.028080
v -0.122486 -0.108628 -0.114865
v -0.127141 -0.101402 -0.113138
v -0.148435 -0.044843 0.077489
v -0.140100 -0.114473 0.012059
v -0.138007 -0.114974 -0.006313
v -0.144779 -0.100970 0.052783
v -0.144164 -0.104534 0.047154
v -0.143484 -0.107588 0.041086
v -0.142738 -0.110098 0.034601
v -0.141926 -0.112069 0.027653
v -0.141046 -0.113520 0.020165
v -0.148159 -0.058140 0.075902
v -0.148574 -0.030211 0.078000
v -0.148543 -0.014417 0.077781
v -0.147881 0.000100 0.078417
v -0.133665 -0.108803 -0.053388
v -0.121559 -0.118460 -0.073400
v -0.120600 -0.118788 -0.074942
v -0.118307 -0.122317 -0.059389
v -0.116011 -0.118943 -0.089332
v -0.121818 -0.115697 -0.087031
v -0.125174 -0.116129 -0.072013
v -0.123746 -0.117208 -0.072129
v -0.124803 -0.119144 -0.057290
v -0.123197 -0.117567 -0.072303
v -0.121797 -0.118349 -0.073168
v -0.127852 -0.113310 -0.073172
v -0.127103 -0.114244 -0.072620
v -0.129015 -0.116212 -0.055407
v -0.125941 -0.115450 -0.072140
v -0.129257 -0.110780 -0.075738
v -0.131579 -0.113513 -0.054019
v -0.129056 -0.111301 -0.074976
v -0.128635 -0.112119 -0.074109
v -0.125652 -0.104660 -0.113710
v -0.132991 -0.111061 -0.053376
v -0.118797 -0.111927 -0.115792
v -0.147655 -0.014236 0.080686
v -0.147735 -0.030160 0.080930
v -0.147668 -0.045044 0.080432
v -0.147488 -0.058688 0.078832
v -0.147149 -0.071137 0.075618
v -0.147719 -0.070206 0.072736
v -0.146904 -0.076927 0.073245
v -0.147429 -0.075809 0.070404
v -0.146602 -0.082432 0.070280
v -0.147087 -0.081140 0.067494
v -0.146239 -0.087629 0.066721
v -0.146693 -0.086178 0.064004
v -0.145815 -0.092478 0.062597
v -0.146244 -0.090883 0.059963
v -0.145329 -0.096939 0.057941
v -0.145740 -0.095215 0.055404
v -0.145179 -0.099133 0.050358
v -0.117342 -0.113022 -0.116043
v -0.127409 -0.121686 -0.028676
v -0.129319 -0.122750 -0.003219
v -0.134107 -0.120615 0.017164
v -0.136516 -0.119300 0.015992
v -0.137435 -0.118242 0.024844
v -0.140492 -0.108670 0.053767
v -0.139804 -0.111899 0.047376
v -0.136377 -0.115768 0.042386
v -0.139069 -0.114563 0.040462
v -0.135646 -0.117915 0.034689
v -0.138283 -0.116671 0.032976
v -0.134898 -0.119524 0.026305
v -0.126294 -0.120549 0.038516
v -0.131745 -0.119207 0.036539
v -0.126000 -0.122237 0.029468
v -0.131175 -0.120854 0.027852
v -0.125812 -0.123400 0.019591
v -0.130619 -0.121981 0.018370
v -0.125628 -0.124057 0.008836
v -0.125349 -0.124229 -0.002843
v -0.124119 -0.123204 -0.029119
v -0.119916 -0.124800 -0.029611
v -0.113773 -0.115281 -0.116733
v -0.111508 -0.116389 -0.117573
v -0.111821 -0.120681 -0.090846
v -0.108779 -0.117472 -0.119043
v -0.105457 -0.118530 -0.121359
v -0.107569 -0.128446 -0.030262
v -0.106960 -0.129083 -0.015529
v -0.120249 -0.125512 -0.015596
v -0.107661 -0.127410 -0.045630
v -0.107371 -0.126039 -0.061387
v -0.113589 -0.124078 -0.060426
v -0.106214 -0.122554 -0.092929
v -0.105677 -0.120578 -0.107825
v -0.105415 -0.118542 -0.121391
v -0.101336 -0.119605 -0.124695
v -0.098551 -0.121384 -0.119532
v -0.093826 -0.123722 -0.113769
v -0.088313 -0.124819 -0.117856
v -0.088747 -0.130090 -0.071516
v -0.088666 -0.131827 -0.050882
v -0.099233 -0.129631 -0.045865
v -0.088653 -0.131885 -0.050074
v -0.098809 -0.130609 -0.030168
v -0.087883 -0.133100 -0.029097
v -0.097812 -0.131176 -0.015129
v -0.088321 -0.125162 -0.115215
v -0.088482 -0.127416 -0.096833
v -0.088502 -0.127603 -0.095212
v -0.099239 -0.128290 -0.062063
v -0.120208 -0.125780 -0.002515
v -0.119923 -0.125578 0.009617
v -0.119551 -0.124886 0.020829
v -0.083729 -0.133376 0.007072
v -0.079654 -0.131630 0.031032
v -0.102731 -0.128176 0.023528
v -0.079490 -0.131508 0.032052
v -0.101404 -0.126861 0.034760
v -0.119251 -0.123684 0.031150
v -0.086837 -0.133513 -0.015894
v -0.087241 -0.133411 -0.020235
v -0.135646 -0.113745 -0.028067
v -0.145039 -0.089102 0.069927
v -0.144683 -0.094123 0.065758
v -0.144250 -0.098729 0.061038
v -0.143741 -0.102881 0.055793
v -0.143155 -0.106546 0.050050
v -0.142492 -0.109685 0.043835
v -0.141750 -0.112269 0.037165
v -0.140931 -0.114303 0.029994
v -0.140034 -0.115808 0.022243
v -0.139059 -0.116806 0.013837
v -0.136876 -0.117370 -0.005255
v -0.134382 -0.116173 -0.027878
v 0.069727 -0.136821 -0.027581
v 0.070378 -0.136267 -0.041476
v 0.088653 -0.131885 -0.050074
v 0.061000 -0.130391 -0.131391
v 0.069475 -0.130004 -0.116759
v 0.061000 -0.132094 -0.115859
v 0.070168 -0.131564 -0.101128
v 0.061000 -0.134743 -0.089366
v 0.070730 -0.134345 -0.070579
v 0.061000 -0.136990 -0.061000
v 0.060642 -0.137056 -0.061000
v 0.024977 -0.142927 -0.038111
v 0.032747 -0.141281 -0.061000
v 0.049073 -0.139048 -0.061000
v 0.016372 -0.142738 -0.061000
v 0.012560 -0.143762 -0.037625
v 0.024234 -0.143072 -0.010487
v 0.042236 -0.137321 0.036280
v 0.021431 -0.139419 0.038146
v 0.044913 -0.139641 0.013275
v 0.022857 -0.141957 0.015062
v 0.047458 -0.140494 -0.012163
v 0.048300 -0.140424 -0.025685
v 0.048818 -0.140059 -0.039675
v 0.051965 -0.138580 -0.061000
v 0.000000 -0.140253 0.038870
v 0.010755 -0.140032 0.038680
v 0.020928 -0.137570 0.048648
v 0.011478 -0.142628 0.015593
v -0.000000 -0.142270 0.022649
v 0.000000 -0.142869 0.015786
v 0.012180 -0.143821 -0.009975
v -0.000000 -0.144116 -0.011050
v 0.000000 -0.144062 -0.037445
v 0.079490 -0.131508 0.032052
v 0.061812 -0.134549 0.033738
v 0.088313 -0.124819 -0.117856
v 0.084053 -0.126007 -0.118111
v 0.088321 -0.125162 -0.115215
v 0.084323 -0.127922 -0.101956
v 0.088482 -0.127416 -0.096833
v 0.088502 -0.127603 -0.095212
v 0.079431 -0.127308 -0.117845
v 0.079884 -0.129095 -0.101844
v 0.080289 -0.132158 -0.071219
v 0.088747 -0.130090 -0.071516
v 0.088666 -0.131827 -0.050882
v 0.087883 -0.133100 -0.029097
v 0.087241 -0.133411 -0.020235
v 0.068662 -0.137070 -0.014177
v 0.086837 -0.133513 -0.015894
v 0.065370 -0.136552 0.010997
v 0.083729 -0.133376 0.007072
v 0.079654 -0.131630 0.031032
v -0.000000 -0.138519 0.048671
v -0.000000 -0.143263 -0.061000
v -0.084053 -0.126007 -0.118111
v -0.042236 -0.137321 0.036280
v -0.021431 -0.139419 0.038146
v -0.060416 -0.137098 -0.061000
v -0.051314 -0.138687 -0.061000
v -0.048818 -0.140059 -0.039675
v -0.012560 -0.143762 -0.037625
v -0.015341 -0.142800 -0.061000
v -0.061000 -0.130391 -0.131391
v -0.061000 -0.132095 -0.115855
v -0.061812 -0.134549 0.033738
v -0.065370 -0.136552 0.010997
v -0.068662 -0.137070 -0.014177
v -0.022857 -0.141957 0.015062
v -0.044913 -0.139641 0.013275
v -0.024234 -0.143072 -0.010487
v -0.020928 -0.137570 0.048648
v -0.012180 -0.143821 -0.009975
v -0.011478 -0.142628 0.015593
v -0.010755 -0.140032 0.038680
v -0.033587 -0.141184 -0.061000
v -0.024977 -0.142927 -0.038111
v -0.048300 -0.140424 -0.025685
v -0.047458 -0.140494 -0.012163
v -0.079431 -0.127308 -0.117845
v -0.069475 -0.130004 -0.116759
v -0.079884 -0.129095 -0.101844
v -0.084323 -0.127922 -0.101956
v -0.070168 -0.131564 -0.101128
v -0.070730 -0.134345 -0.070579
v -0.080289 -0.132158 -0.071219
v -0.061000 -0.134453 -0.092486
v -0.061000 -0.136990 -0.061000
v -0.070378 -0.136267 -0.041476
v -0.069727 -0.136821 -0.027581
v 0.066792 -0.126904 -0.148999
v 0.061000 -0.129396 -0.140196
v 0.072594 -0.125324 -0.148999
v -0.061000 -0.129396 -0.140196
v -0.072577 -0.125329 -0.148999
v 0.147973 0.000100 0.078110
v 0.148542 -0.014417 0.077783
v 0.148574 -0.030211 0.078002
v 0.148435 -0.044843 0.077491
v 0.148159 -0.058141 0.075904
v 0.147719 -0.070206 0.072738
v 0.147428 -0.075809 0.070406
v 0.147087 -0.081141 0.067496
v 0.146239 -0.087630 0.066722
v 0.145815 -0.092479 0.062598
v 0.145328 -0.096939 0.057942
v 0.144778 -0.100971 0.052784
v 0.141046 -0.113521 0.020166
v 0.141925 -0.112070 0.027654
v 0.142738 -0.110099 0.034602
v 0.143484 -0.107589 0.041087
v 0.144164 -0.104535 0.047155
v 0.140100 -0.114474 0.012060
v 0.138007 -0.114975 -0.006312
v 0.133665 -0.108804 -0.053388
v 0.127141 -0.101402 -0.113138
v 0.132990 -0.111062 -0.053376
v 0.126731 -0.114657 -0.072424
v 0.127856 -0.113304 -0.073176
v 0.131579 -0.113514 -0.054019
v 0.128368 -0.112559 -0.073729
v 0.129116 -0.111164 -0.075153
v 0.121803 -0.118346 -0.073162
v 0.122565 -0.117945 -0.072606
v 0.124801 -0.119145 -0.057291
v 0.123753 -0.117203 -0.072128
v 0.124577 -0.116607 -0.072006
v 0.125947 -0.115444 -0.072142
v 0.129013 -0.116213 -0.055408
v 0.120576 -0.118791 -0.075009
v 0.121080 -0.118656 -0.074000
v 0.118306 -0.122318 -0.059390
v 0.120391 -0.118782 -0.075712
v 0.116010 -0.118944 -0.089333
v 0.121817 -0.115698 -0.087031
v 0.122486 -0.108628 -0.114865
v 0.125652 -0.104661 -0.113710
v 0.117342 -0.113022 -0.116043
v 0.113773 -0.115281 -0.116733
v 0.111508 -0.116389 -0.117573
v 0.130017 -0.122606 0.008034
v 0.125347 -0.124229 -0.002843
v 0.129317 -0.122751 -0.003219
v 0.124118 -0.123204 -0.029120
v 0.127407 -0.121687 -0.028676
v 0.131914 -0.118819 -0.028080
v 0.132284 -0.121328 -0.003668
v 0.105676 -0.120578 -0.107826
v 0.098459 -0.122547 -0.111703
v 0.098551 -0.121384 -0.119532
v 0.111820 -0.120681 -0.090847
v 0.108779 -0.117472 -0.119043
v 0.105457 -0.118530 -0.121359
v 0.101336 -0.119605 -0.124695
v 0.098645 -0.124713 -0.095266
v 0.093929 -0.125976 -0.096242
v 0.093826 -0.123722 -0.113769
v 0.099233 -0.129631 -0.045865
v 0.099239 -0.128290 -0.062063
v 0.107370 -0.126040 -0.061387
v 0.106213 -0.122555 -0.092929
v 0.107659 -0.127410 -0.045631
v 0.107568 -0.128446 -0.030262
v 0.106958 -0.129083 -0.015529
v 0.098808 -0.130610 -0.030168
v 0.120207 -0.125781 -0.002515
v 0.105787 -0.129267 -0.001630
v 0.120248 -0.125512 -0.015596
v 0.119915 -0.124800 -0.029611
v 0.134105 -0.120616 0.017165
v 0.130617 -0.121981 0.018371
v 0.131173 -0.120855 0.027853
v 0.134419 -0.119958 -0.004171
v 0.136515 -0.119300 0.015993
v 0.134896 -0.119525 0.026306
v 0.131743 -0.119207 0.036540
v 0.119549 -0.124886 0.020829
v 0.119248 -0.123684 0.031150
v 0.101403 -0.126861 0.034760
v 0.102730 -0.128177 0.023528
v 0.125998 -0.122238 0.029469
v 0.125810 -0.123400 0.019591
v 0.119921 -0.125579 0.009617
v 0.104285 -0.128972 0.011394
v 0.126291 -0.120550 0.038516
v 0.140490 -0.108671 0.053768
v 0.139802 -0.111900 0.047377
v 0.139067 -0.114564 0.040463
v 0.136375 -0.115769 0.042387
v 0.138281 -0.116671 0.032977
v 0.135644 -0.117916 0.034690
v 0.137434 -0.118243 0.024845
v 0.147654 -0.014236 0.080687
v 0.147735 -0.030160 0.080931
v 0.147667 -0.045044 0.080433
v 0.147488 -0.058689 0.078834
v 0.147148 -0.071138 0.075619
v 0.146904 -0.076928 0.073246
v 0.146602 -0.082433 0.070281
v 0.135645 -0.113746 -0.028067
v 0.145038 -0.089102 0.069929
v 0.144682 -0.094124 0.065760
v 0.144250 -0.098730 0.061040
v 0.143740 -0.102882 0.055795
v 0.143154 -0.106546 0.050052
v 0.142491 -0.109686 0.043836
v 0.141750 -0.112270 0.037167
v 0.140930 -0.114304 0.029995
v 0.140033 -0.115809 0.022244
v 0.139058 -0.116807 0.013838
v 0.136875 -0.117371 -0.005254
v 0.134381 -0.116174 -0.027878
v -0.118492 -0.103980 -0.148999
v -0.121504 -0.099919 -0.148999
v -0.123036 -0.096536 -0.148999
v 0.122712 -0.097477 -0.148999
v 0.121605 -0.099747 -0.148999
v 0.117043 -0.105543 -0.148999
v 0.118498 -0.103979 -0.148999
v 0.120711 -0.101151 -0.148999
v -0.102953 -0.115859 -0.143474
v -0.103660 -0.114563 -0.148999
v -0.099505 -0.116344 -0.148999
v -0.103714 -0.114538 -0.148999
v -0.105851 -0.115278 -0.139494
v -0.106451 -0.113237 -0.148999
v -0.108339 -0.114549 -0.136873
v -0.101994 -0.117721 -0.134828
v -0.110442 -0.113604 -0.135835
v -0.109445 -0.111587 -0.148999
v -0.112237 -0.112538 -0.135673
v -0.113311 -0.108880 -0.148999
v 0.105851 -0.115278 -0.139494
v 0.108339 -0.114549 -0.136873
v 0.101994 -0.117721 -0.134828
v 0.102953 -0.115859 -0.143474
v 0.106432 -0.113247 -0.148999
v 0.099794 -0.116226 -0.148999
v 0.112236 -0.112536 -0.135688
v 0.110896 -0.110653 -0.148999
v 0.110441 -0.113602 -0.135848
v 0.109442 -0.111591 -0.148999
v 0.108536 -0.112126 -0.148999
v -0.150000 -0.001995 0.071557
v -0.150000 -0.033280 0.063237
v -0.150000 -0.037047 0.061036
v -0.150000 -0.040401 0.058812
v -0.150000 -0.029517 0.065144
v -0.150000 -0.021005 0.068483
v -0.150000 -0.014811 0.070131
v -0.150000 -0.016098 -0.069542
v -0.150000 -0.032373 -0.063567
v -0.150000 -0.046728 -0.053847
v -0.150000 -0.058319 -0.040954
v -0.150000 -0.066463 -0.025648
v -0.150000 -0.070678 -0.008832
v -0.150000 -0.070718 0.008505
v -0.150000 -0.066580 0.025341
v -0.150000 -0.058507 0.040684
v -0.150000 -0.046976 0.053630
v -0.150000 -0.043625 0.056416
v -0.150000 -0.010598 0.070900
v -0.150000 -0.007942 0.071242
v -0.150000 -0.003926 0.071519
v 0.150000 -0.003925 0.071519
v 0.150000 -0.005857 0.071423
v 0.150000 -0.040391 0.058819
v 0.150000 -0.043621 0.056419
v 0.150000 -0.046976 0.053630
v 0.150000 -0.052441 0.048277
v 0.150000 -0.062522 0.034172
v 0.150000 -0.068907 0.018054
v 0.150000 -0.027013 0.066262
v 0.150000 -0.030903 0.064473
v 0.150000 -0.033280 0.063237
v 0.150000 -0.037043 0.061039
v 0.150000 -0.007940 0.071242
v 0.150000 -0.013072 0.070482
v 0.150000 -0.020999 0.068484
v 0.150000 -0.071221 0.000872
v -0.150000 0.000100 -0.071434
v -0.150000 0.008836 -0.070886
v -0.150000 0.027408 -0.065967
v -0.150000 0.043997 -0.056277
v -0.150000 0.057404 -0.042516
v -0.150000 0.066659 -0.025680
v -0.149500 0.067126 -0.025859
v -0.150000 0.071092 -0.006986
v -0.149500 0.071590 -0.007035
v -0.150000 0.071434 0.000000
v -0.149500 0.071934 0.000000
v 0.149500 0.069711 -0.017747
v 0.149500 0.056766 -0.044183
v 0.149500 0.071934 0.000000
v -0.026923 0.041364 -0.299701
v -0.028167 0.039301 -0.299692
v -0.028593 0.037015 -0.299692
v -0.025773 0.042379 -0.299706
v -0.023638 0.043359 -0.299710
v -0.022008 0.043572 -0.299712
v 0.000000 0.043570 -0.299719
v 0.022008 0.043572 -0.299712
v 0.028368 0.038680 -0.299690
v 0.028593 0.037015 -0.299692
v 0.024313 0.043144 -0.299709
v 0.026393 0.041893 -0.299704
v 0.027376 0.040792 -0.299698
v -0.032217 0.000100 -0.299572
v -0.038098 0.000100 -0.298800
v 0.060049 0.055279 -0.278030
v 0.055180 0.057487 -0.281239
v 0.055203 0.058893 -0.278797
v 0.044692 0.065094 -0.281888
v 0.060090 0.055259 -0.278001
v 0.063575 0.053582 -0.275481
v 0.057462 0.046305 -0.286301
v 0.056365 0.051169 -0.285519
v 0.055511 0.054817 -0.283941
v 0.060905 0.022056 -0.285997
v 0.068565 0.021697 -0.281596
v 0.077046 0.014999 -0.276257
v 0.062181 0.049402 -0.281471
v 0.060811 0.052848 -0.280214
v 0.065128 0.051579 -0.276144
v 0.058655 0.039969 -0.286520
v 0.065775 0.050652 -0.276377
v 0.067284 0.048210 -0.276843
v 0.063807 0.044702 -0.282123
v 0.068742 0.045392 -0.277212
v 0.065480 0.038570 -0.282327
v 0.071762 0.037633 -0.277685
v 0.067098 0.030918 -0.282132
v 0.074600 0.027413 -0.277423
v 0.014899 0.044504 -0.299695
v 0.040622 0.052132 -0.295988
v 0.041152 0.043350 -0.296570
v 0.041752 0.031122 -0.296649
v 0.037586 0.058872 -0.295912
v 0.037684 0.063228 -0.292768
v 0.042305 0.059926 -0.291379
v 0.042688 0.063667 -0.287099
v 0.042617 0.063320 -0.287663
v 0.038330 0.066458 -0.287598
v 0.042552 0.062952 -0.288214
v 0.042538 0.062859 -0.288346
v 0.042523 0.062765 -0.288478
v 0.042403 0.061757 -0.289723
v 0.043709 0.073390 -0.256096
v 0.046199 0.069647 -0.266436
v 0.041365 0.071236 -0.269614
v 0.044382 0.067566 -0.276575
v 0.039564 0.069026 -0.279997
v 0.043265 0.065538 -0.283165
v 0.043013 0.064856 -0.284793
v 0.057318 0.078673 -0.201816
v 0.057291 0.078652 -0.201976
v 0.049885 0.078531 -0.218848
v 0.050095 0.072942 -0.244539
v 0.049993 0.072861 -0.245124
v 0.068463 0.089920 -0.122307
v 0.080903 0.099654 -0.043213
v 0.084427 0.101984 -0.022406
v 0.087426 0.102855 -0.010298
v 0.089146 0.102746 -0.006019
v 0.091237 0.102108 -0.002137
v 0.028708 0.044229 -0.299594
v 0.029934 0.000100 -0.299681
v 0.029173 0.031730 -0.299684
v 0.039006 0.031359 -0.298209
v 0.038412 0.043725 -0.298124
v 0.037884 0.052634 -0.297528
v 0.034876 0.031563 -0.299239
v 0.034325 0.044021 -0.299151
v 0.033835 0.053012 -0.298544
v 0.028295 0.053255 -0.298982
v 0.033557 0.059324 -0.296903
v 0.028059 0.059597 -0.297328
v 0.033644 0.063742 -0.293715
v 0.028131 0.064041 -0.294113
v 0.034237 0.067021 -0.288474
v 0.028629 0.067344 -0.288830
v 0.035372 0.069629 -0.280776
v 0.029583 0.069977 -0.281070
v 0.037028 0.071874 -0.270270
v 0.030975 0.072250 -0.270478
v 0.039183 0.074062 -0.256608
v 0.032787 0.074471 -0.256702
v 0.044853 0.079285 -0.219015
v 0.037550 0.079789 -0.218791
v 0.049255 0.092785 -0.120478
v 0.058786 0.092028 -0.121471
v 0.069951 0.102079 -0.041228
v 0.058636 0.103047 -0.039828
v 0.073141 0.104471 -0.020110
v 0.061318 0.105472 -0.018738
v 0.075883 0.105284 -0.007748
v 0.063622 0.106226 -0.006418
v 0.085370 0.104019 -0.004668
v 0.083666 0.104155 -0.009035
v 0.080699 0.103304 -0.021324
v 0.077235 0.100944 -0.042345
v 0.065075 0.091068 -0.122066
v 0.000000 0.108360 -0.012836
v 0.000000 0.108796 -0.006040
v 0.015767 0.107972 -0.014378
v 0.031423 0.107258 -0.015677
v 0.015090 0.105458 -0.035214
v 0.030068 0.104768 -0.036579
v 0.025313 0.094039 -0.117913
v 0.000000 0.067717 -0.289038
v 0.014858 0.067675 -0.288821
v 0.000000 0.064645 -0.293970
v 0.014607 0.064352 -0.294159
v 0.000000 0.063027 -0.295552
v 0.014570 0.059895 -0.297406
v 0.000000 0.044635 -0.299695
v 0.000000 0.044825 -0.299690
v 0.014689 0.053544 -0.299077
v 0.000000 0.055827 -0.298706
v 0.000000 0.060201 -0.297319
v 0.008080 0.072820 -0.270102
v 0.000000 0.073009 -0.269370
v 0.008539 0.075139 -0.256051
v 0.000000 0.076659 -0.246293
v 0.009745 0.080747 -0.217291
v 0.000000 0.087646 -0.168402
v 0.012713 0.094540 -0.116828
v 0.000000 0.105092 -0.039537
v 0.000000 0.067971 -0.288473
v 0.000000 0.070535 -0.280847
v 0.007728 0.070477 -0.280885
v 0.000000 0.071398 -0.277334
v 0.000000 0.072886 -0.270039
v 0.019377 0.080477 -0.217762
v 0.016963 0.074953 -0.256277
v 0.016046 0.072663 -0.270247
v 0.015341 0.070341 -0.280973
v 0.150000 0.000100 -0.071434
v -0.150000 0.000100 0.071544
v 0.150000 0.000100 0.071544
v -0.055180 0.057487 -0.281239
v -0.055200 0.058876 -0.278832
v -0.060090 0.055259 -0.278001
v -0.063574 0.053582 -0.275481
v -0.067284 0.048210 -0.276843
v -0.068742 0.045392 -0.277212
v -0.065775 0.050652 -0.276377
v -0.065128 0.051579 -0.276144
v -0.060905 0.022056 -0.285997
v -0.058655 0.039969 -0.286520
v -0.057462 0.046305 -0.286301
v -0.056365 0.051169 -0.285519
v -0.055511 0.054817 -0.283942
v -0.060811 0.052848 -0.280214
v -0.062181 0.049402 -0.281471
v -0.068565 0.021697 -0.281596
v -0.077046 0.014999 -0.276257
v -0.067098 0.030918 -0.282132
v -0.074600 0.027413 -0.277423
v -0.065480 0.038570 -0.282327
v -0.071762 0.037633 -0.277685
v -0.063807 0.044702 -0.282123
v -0.009795 0.080975 -0.215674
v -0.019475 0.080701 -0.216156
v -0.025453 0.094357 -0.115521
v -0.070176 0.102272 -0.039634
v -0.058826 0.103243 -0.038232
v -0.049531 0.093090 -0.118118
v -0.091605 0.101952 -0.001533
v -0.089431 0.102688 -0.005430
v -0.087656 0.102866 -0.009639
v -0.084626 0.102082 -0.021397
v -0.081153 0.099840 -0.041642
v -0.068830 0.090209 -0.119998
v -0.047474 0.070802 -0.259358
v -0.049993 0.072861 -0.245124
v -0.043866 0.073523 -0.255183
v -0.050095 0.072942 -0.244539
v -0.050136 0.078739 -0.217294
v -0.057291 0.078652 -0.201976
v -0.046201 0.069649 -0.266426
v -0.041477 0.071351 -0.268971
v -0.046133 0.069583 -0.266804
v -0.041133 0.065792 -0.285990
v -0.043428 0.065914 -0.282155
v -0.042425 0.068300 -0.278359
v -0.040445 0.062648 -0.291179
v -0.040323 0.058409 -0.294338
v -0.039000 0.031530 -0.298209
v -0.041745 0.031291 -0.296649
v -0.038402 0.043912 -0.298120
v -0.028701 0.044418 -0.299590
v -0.029168 0.031903 -0.299684
v -0.012783 0.094864 -0.114423
v -0.015138 0.105667 -0.033625
v -0.015805 0.108066 -0.013377
v -0.031499 0.107353 -0.014672
v -0.057318 0.078673 -0.201816
v -0.065433 0.091361 -0.119740
v -0.061470 0.105569 -0.017716
v -0.073323 0.104569 -0.019084
v -0.063800 0.106220 -0.005740
v -0.076094 0.105286 -0.007070
v -0.034870 0.031735 -0.299239
v -0.034316 0.044210 -0.299146
v -0.028287 0.053435 -0.298957
v -0.033826 0.053191 -0.298519
v -0.028057 0.059753 -0.297257
v -0.085652 0.103957 -0.004065
v -0.083894 0.104162 -0.008364
v -0.080895 0.103402 -0.020303
v -0.077480 0.101133 -0.040760
v -0.059115 0.092327 -0.119127
v -0.045084 0.079497 -0.217448
v -0.037744 0.080004 -0.217211
v -0.039328 0.074197 -0.255686
v -0.032908 0.074609 -0.255772
v -0.037132 0.071990 -0.269620
v -0.031063 0.072367 -0.269823
v -0.035440 0.069742 -0.280341
v -0.029640 0.070091 -0.280632
v -0.034274 0.067141 -0.288204
v -0.041142 0.043535 -0.296565
v -0.037874 0.052810 -0.297503
v -0.033554 0.059479 -0.296833
v -0.028141 0.064174 -0.293963
v -0.039638 0.069137 -0.279568
v -0.038370 0.066576 -0.287331
v -0.037697 0.063359 -0.292620
v -0.028660 0.067465 -0.288558
v -0.033656 0.063875 -0.293566
v -0.037583 0.059026 -0.295842
v -0.040611 0.052306 -0.295964
v -0.017024 0.075096 -0.255333
v -0.016090 0.072784 -0.269583
v -0.030164 0.104973 -0.034989
v -0.015370 0.070457 -0.280530
v -0.087807 0.063303 -0.206581
v -0.088835 0.065507 -0.193555
v -0.084283 0.054580 -0.242573
v -0.084477 0.056635 -0.237493
v -0.085260 0.058409 -0.231071
v -0.086081 0.061094 -0.220011
v -0.087397 0.059932 -0.220501
v -0.088014 0.041307 -0.257526
v -0.086493 0.045315 -0.254797
v -0.085330 0.048888 -0.251327
v -0.084577 0.051990 -0.247217
v -0.081508 0.025757 -0.272342
v -0.079688 0.031358 -0.272568
v -0.087599 0.024191 -0.267536
v -0.084765 0.013245 -0.270710
v -0.088420 0.012248 -0.267822
v -0.091217 0.013050 -0.265468
v -0.085684 0.053015 -0.242119
v -0.086192 0.050296 -0.246427
v -0.087152 0.047060 -0.250145
v -0.088492 0.043381 -0.253192
v -0.090135 0.039332 -0.255491
v -0.092003 0.034991 -0.256970
v -0.089835 0.036913 -0.259423
v -0.093996 0.030450 -0.257579
v -0.091846 0.032211 -0.260453
v -0.096009 0.025803 -0.257274
v -0.093928 0.027291 -0.260596
v -0.097935 0.021147 -0.256013
v -0.095961 0.022240 -0.259833
v -0.092485 0.023128 -0.263519
v -0.090333 0.028617 -0.263924
v -0.088158 0.033848 -0.263478
v -0.096447 0.011774 -0.260420
v -0.097845 0.017167 -0.258194
v -0.094523 0.017456 -0.262301
v -0.099551 0.012257 -0.255929
v -0.101072 0.007715 -0.253338
v -0.099690 0.016582 -0.253815
v -0.101261 0.012227 -0.250952
v 0.084765 0.013245 -0.270710
v 0.081508 0.025757 -0.272342
v 0.087599 0.024191 -0.267536
v 0.088420 0.012248 -0.267822
v 0.091217 0.013050 -0.265468
v 0.079688 0.031358 -0.272568
v -0.104903 0.001387 -0.244111
v 0.092485 0.023128 -0.263519
v 0.095961 0.022240 -0.259833
v 0.094523 0.017456 -0.262301
v 0.097845 0.017167 -0.258194
v 0.096447 0.011774 -0.260420
v 0.099551 0.012257 -0.255929
v 0.101072 0.007715 -0.253338
v 0.088014 0.041307 -0.257526
v 0.089835 0.036913 -0.259423
v 0.088158 0.033848 -0.263478
v 0.091846 0.032211 -0.260453
v 0.090333 0.028617 -0.263924
v 0.093928 0.027291 -0.260596
v 0.088791 0.065529 -0.193548
v 0.089977 0.064844 -0.193785
v 0.087807 0.063303 -0.206581
v 0.086081 0.061094 -0.220011
v 0.087397 0.059932 -0.220501
v 0.085675 0.058895 -0.228633
v 0.083349 0.059177 -0.232012
v 0.084477 0.056635 -0.237493
v 0.084314 0.055594 -0.240277
v 0.084283 0.054580 -0.242573
v 0.084577 0.051990 -0.247217
v 0.085330 0.048888 -0.251327
v 0.086493 0.045315 -0.254797
v 0.097935 0.021147 -0.256013
v 0.099690 0.016582 -0.253815
v 0.101261 0.012227 -0.250952
v 0.096009 0.025803 -0.257274
v 0.093996 0.030450 -0.257579
v 0.092003 0.034991 -0.256970
v 0.090135 0.039332 -0.255491
v 0.088492 0.043381 -0.253192
v 0.087152 0.047060 -0.250145
v 0.086192 0.050296 -0.246427
v 0.085684 0.053015 -0.242119
v 0.104903 0.001387 -0.244111
v 0.043483 0.065845 -0.282138
v -0.149500 0.070875 0.012299
v 0.149500 0.065327 0.030115
v 0.149500 0.070748 0.013011
v 0.149500 0.071922 0.001313
v 0.150000 0.002275 0.071467
v 0.150000 0.012458 0.070341
v 0.150000 0.015231 0.069792
v 0.150000 0.033139 0.063283
v 0.150000 0.048689 0.052271
v 0.150000 0.060775 0.037540
v 0.150000 0.068537 0.020138
v 0.150000 0.071422 0.001304
v 0.150000 0.069226 -0.017623
v 0.150000 0.062105 -0.035297
v 0.150000 0.050565 -0.050459
v 0.150000 0.035427 -0.062031
v 0.150000 0.017768 -0.069189
v 0.150000 0.009666 0.070785
v 0.150000 0.007061 0.071103
v 0.150000 0.004448 0.071336
v -0.150000 0.002275 0.071467
v -0.150000 0.004448 0.071336
v -0.150000 0.007061 0.071103
v -0.150000 0.009665 0.070785
v -0.150000 0.039724 0.059371
v -0.150000 0.054110 0.046637
v -0.150000 0.064582 0.030529
v -0.150000 0.070383 0.012213
v -0.150000 0.012457 0.070342
v -0.150000 0.015229 0.069792
v -0.150000 0.022465 0.067810
f 808 809 838
f 892 901 1954
f 1048 1019 1090
f 1016 836 1048
f 1231 1126 1208
f 1890 1608 1609
f 1973 889 1974
f 1611 1612 1613
f 1955 1956 891
f 891 892 1955
f 1955 892 1954
f 891 1956 1957
f 1090 1019 1092
f 1381 1390 1394
f 837 838 809
f 1017 838 837
f 1078 1076 949
f 949 1076 942
f 949 942 771
f 771 942 952
f 1954 901 1953
f 901 1965 1953
f 1616 1924 1923
f 1963 1964 734
f 734 1964 733
f 1962 1963 1936
f 667 434 669
f 669 635 667
f 635 669 623
f 383 181 400
f 806 809 808
f 807 809 806
f 798 806 808
f 861 1950 777
f 821 970 1019
f 822 970 821
f 1019 1048 1047
f 1973 1972 887
f 887 889 1973
f 887 1972 1978
f 1202 1201 1580
f 1783 1780 1781
f 1888 1890 1609
f 1901 1607 1608
f 1612 1611 1610
f 1975 1974 889
f 179 154 157
f 157 178 179
f 1958 853 891
f 1950 853 1958
f 1344 1341 1342
f 1342 1351 1350
f 1232 1231 1207
f 1232 1126 1231
f 1205 1235 1234
f 1081 1084 1083
f 1091 1092 1093
f 1088 1048 1090
f 1016 1048 1088
f 856 892 891
f 891 853 856
f 1529 1141 1510
f 1510 1530 1529
f 1511 1530 1510
f 770 949 771
f 778 949 770
f 771 772 770
f 951 942 950
f 951 952 942
f 901 892 900
f 900 1154 901
f 1865 1610 1866
f 1866 1610 1611
f 1866 1810 1865
f 1794 1833 1834
f 1834 1795 1794
f 1794 1795 1613
f 1682 1672 1681
f 1721 1720 1719
f 1616 1927 1926
f 1790 1791 1837
f 1580 1201 1200
f 1200 1201 1317
f 1390 1381 883
f 1262 1261 904
f 1329 1330 1331
f 158 1338 166
f 1336 1329 1331
f 1335 1338 1336
f 1338 158 1336
f 153 157 154
f 1192 1252 1321
f 1321 1252 1320
f 1321 1320 1204
f 1579 1311 1198
f 395 215 701
f 109 1578 1577
f 1606 1607 683
f 666 668 667
f 407 434 667
f 667 668 407
f 179 181 182
f 182 181 183
f 182 154 179
f 182 149 154
f 182 150 149
f 180 181 179
f 400 181 180
f 1212 1273 1281
f 386 383 385
f 385 383 400
f 389 383 386
f 500 515 499
f 500 557 562
f 507 506 655
f 503 506 507
f 518 494 517
f 1045 838 1017
f 1017 1046 1045
f 808 838 1045
f 1045 798 808
f 1046 798 1045
f 1018 798 1046
f 1078 949 1018
f 801 1720 1721
f 778 770 779
f 779 770 772
f 835 821 1019
f 820 821 835
f 1019 1047 835
f 835 1047 820
f 820 1047 810
f 810 1048 836
f 810 1047 1048
f 829 970 822
f 822 823 829
f 1231 1208 1970
f 1977 887 1978
f 1976 887 1977
f 889 887 888
f 893 887 1976
f 1191 1252 1192
f 1204 1320 1203
f 1203 1202 1580
f 1203 1580 1579
f 1579 1204 1203
f 1317 1201 1318
f 1201 1202 1318
f 1780 1783 1782
f 1609 1884 1886
f 1886 1888 1609
f 1608 1890 1900
f 1900 1901 1608
f 1900 1890 1896
f 1609 1610 1882
f 1613 1612 1615
f 1615 769 765
f 1331 1330 1368
f 1368 1332 1331
f 1368 1330 1369
f 1343 1341 1344
f 1344 1340 1343
f 1340 1345 1343
f 1394 1390 1391
f 1390 1304 1391
f 1512 1530 1511
f 1341 1343 1359
f 1341 1359 865
f 865 896 866
f 1502 896 865
f 865 1503 1502
f 1957 1958 1949
f 891 1957 1949
f 1949 1958 891
f 1950 1958 1959
f 1378 1349 1350
f 1350 1351 1378
f 1019 970 968
f 968 1092 1019
f 970 829 968
f 968 829 755
f 968 766 966
f 1093 1092 1094
f 1092 968 1094
f 1094 968 966
f 1206 1232 1207
f 847 769 843
f 833 832 1015
f 1084 1081 1082
f 1017 1084 1082
f 1082 1046 1017
f 1089 1088 1090
f 1087 1088 1089
f 1090 1092 1089
f 1092 1091 1089
f 1091 1030 1089
f 1085 1088 1087
f 1016 1088 1085
f 858 860 842
f 842 860 839
f 943 941 942
f 1148 1965 901
f 901 1154 1148
f 944 943 942
f 841 886 842
f 842 944 841
f 841 944 929
f 929 944 1024
f 1024 841 929
f 1024 1070 1020
f 1024 944 1070
f 946 925 913
f 842 912 913
f 913 914 842
f 922 943 911
f 911 912 842
f 842 839 911
f 1020 1070 1057
f 1529 1530 1436
f 1436 1530 1435
f 1845 1854 1844
f 1611 1867 1868
f 1868 1866 1611
f 1867 1866 1868
f 1810 1866 1807
f 1805 1806 1807
f 1807 1806 1810
f 1807 1867 1805
f 1807 1866 1867
f 1837 1838 1823
f 1683 1682 1924
f 1672 1682 1683
f 1679 1684 1924
f 1681 1684 1679
f 1922 1923 1924
f 1924 1684 1922
f 1616 1923 1922
f 1718 1719 1720
f 1718 1723 1724
f 1720 1723 1718
f 1845 1859 1861
f 1861 1854 1845
f 1858 1787 1748
f 1843 1859 1845
f 1858 1859 1843
f 1792 1838 1837
f 1837 1791 1792
f 1792 1860 1789
f 1791 1860 1792
f 1788 1787 1858
f 1791 1824 1821
f 1821 1860 1791
f 1820 1860 1821
f 1824 814 1821
f 1835 1795 1834
f 1825 1824 1791
f 1791 1790 1825
f 1790 1835 1825
f 1825 1835 1834
f 1829 1813 1815
f 1831 1829 1815
f 1816 1829 1830
f 1829 1831 1830
f 1852 1855 1853
f 1849 1855 1832
f 1856 1853 1849
f 1849 1853 1855
f 1832 1830 1849
f 1849 1830 1831
f 1832 1855 1850
f 1767 1766 1765
f 1736 1850 1734
f 1734 1850 1854
f 1238 1583 1582
f 1236 1583 1238
f 1235 1205 1236
f 1247 1581 1580
f 1580 1200 1247
f 1307 883 1308
f 1308 883 904
f 1392 1391 1303
f 1185 1302 1301
f 1301 1186 1185
f 1301 1300 1186
f 1305 1302 1185
f 1305 1391 1304
f 1305 1304 1307
f 1185 1303 1305
f 1305 1303 1391
f 1307 1308 1305
f 1305 1308 1302
f 1390 883 1306
f 1306 1304 1390
f 1306 883 1307
f 1307 1304 1306
f 1316 1200 1317
f 1234 1235 1127
f 1123 1314 1315
f 1313 1314 1123
f 1964 1762 732
f 733 1964 732
f 1962 1936 1935
f 1937 1936 1963
f 1159 230 1158
f 266 1159 1160
f 251 282 281
f 575 275 576
f 275 663 576
f 1415 1328 158
f 1331 1348 1337
f 1337 1336 1331
f 1479 1485 1484
f 1473 1485 1479
f 1493 1484 1456
f 1484 1485 1456
f 166 157 156
f 156 148 166
f 1474 1485 1473
f 1472 1485 1474
f 157 153 155
f 146 156 155
f 155 156 157
f 1330 1328 1367
f 1369 1330 1367
f 1367 1415 1363
f 1328 1415 1367
f 1330 1329 1327
f 1327 1328 1330
f 1416 1328 1327
f 1327 1336 1416
f 1329 1336 1327
f 60 1328 1416
f 158 1328 60
f 1416 1336 60
f 60 1336 158
f 1217 1193 1222
f 1197 1204 1579
f 1579 1198 1197
f 1197 1321 1204
f 1322 1193 1192
f 1192 1321 1322
f 1321 1197 1322
f 1322 1197 1198
f 1209 1311 1579
f 1579 1578 1195
f 1578 480 1195
f 1195 1209 1579
f 112 480 1578
f 1551 1272 1553
f 135 1577 1576
f 134 1576 1575
f 1575 139 134
f 679 683 1607
f 596 597 598
f 635 623 599
f 623 597 599
f 462 463 438
f 600 597 462
f 462 597 623
f 668 666 708
f 713 704 707
f 419 475 476
f 476 475 466
f 1273 1212 1213
f 1281 1270 1269
f 1269 1212 1281
f 1189 1190 1287
f 1282 1190 1189
f 1281 1273 1282
f 400 180 384
f 384 385 400
f 397 379 395
f 386 385 391
f 391 379 386
f 386 379 390
f 390 389 386
f 379 397 390
f 404 389 390
f 390 397 404
f 383 389 388
f 511 591 517
f 549 1693 537
f 523 544 522
f 583 581 589
f 282 581 583
f 583 281 282
f 584 583 522
f 251 281 584
f 281 583 584
f 149 150 151
f 494 518 505
f 572 518 517
f 606 72 604
f 604 621 606
f 1781 1780 553
f 553 502 1781
f 1780 552 553
f 556 1813 555
f 552 1813 556
f 800 801 802
f 802 1728 803
f 789 1723 1720
f 806 798 799
f 798 797 799
f 799 797 795
f 782 949 778
f 778 779 782
f 782 779 783
f 818 821 820
f 816 818 812
f 755 829 828
f 828 829 823
f 834 832 833
f 833 1007 834
f 834 971 766
f 1008 966 834
f 765 769 764
f 1971 1970 1208
f 1971 893 1976
f 1971 1208 1126
f 1207 1231 1969
f 1231 1970 1969
f 1969 1968 1207
f 894 888 887
f 887 893 1131
f 1252 1191 1251
f 1320 1252 1253
f 1252 1251 1253
f 1259 1318 1319
f 1320 1253 1319
f 1319 1253 1259
f 1319 1203 1320
f 1202 1203 1319
f 1319 1318 1202
f 1257 1318 1259
f 1257 903 1255
f 1257 1255 1317
f 1317 1318 1257
f 1783 1873 1785
f 1773 552 1780
f 1773 1813 552
f 1780 1782 1773
f 1847 1782 1774
f 1847 1773 1782
f 1888 1886 1889
f 1607 1901 1908
f 1908 47 1607
f 1901 47 1908
f 1901 1900 1899
f 1899 47 1901
f 1883 1884 1609
f 1609 1882 1883
f 1883 1885 1884
f 1614 1615 1612
f 769 1615 1948
f 843 769 1948
f 1948 1975 843
f 1948 1614 1975
f 1615 1614 1948
f 1793 1794 1613
f 1613 1615 1793
f 765 1794 1793
f 1793 1615 765
f 890 1975 889
f 889 850 890
f 890 850 1975
f 843 1975 848
f 1975 850 848
f 848 847 843
f 1486 1484 1493
f 1403 1395 1394
f 1394 1391 1403
f 1403 1391 1392
f 1349 1378 1399
f 1399 1396 1382
f 1399 1378 1396
f 1394 1395 1393
f 1393 1381 1394
f 1382 1381 1393
f 1504 1503 1377
f 1502 1503 1504
f 186 174 175
f 1441 1461 1440
f 868 1342 1341
f 1341 865 868
f 1351 1342 868
f 868 1378 1351
f 874 872 873
f 874 868 865
f 1358 1359 1377
f 1358 865 1359
f 1377 1503 1358
f 1503 865 1358
f 866 1061 867
f 867 865 866
f 1061 1064 867
f 867 1064 1066
f 1505 896 1502
f 1960 1927 1616
f 1396 1378 884
f 877 883 884
f 1382 1396 884
f 884 1381 1382
f 884 883 1381
f 897 1512 1511
f 1150 1061 866
f 1142 1144 1054
f 1093 1094 1095
f 1075 1076 1078
f 1075 1073 1076
f 1061 1150 1062
f 1055 1070 1069
f 1069 1068 1055
f 1055 1068 1059
f 1055 1057 1070
f 1058 1059 1060
f 1052 874 1066
f 1059 1068 1067
f 1034 1033 1067
f 1073 1075 1067
f 979 977 978
f 1013 832 987
f 987 977 1013
f 974 975 966
f 1205 1573 1572
f 1232 1206 1233
f 1234 1127 1233
f 1126 1232 1233
f 1233 1127 1126
f 1013 977 989
f 989 832 1013
f 1014 1015 832
f 832 992 1014
f 992 993 1014
f 1010 978 988
f 852 1135 863
f 888 1135 852
f 972 830 831
f 831 1028 979
f 845 830 832
f 832 834 845
f 1080 1018 1046
f 1046 1082 1080
f 1078 1018 1080
f 862 775 860
f 861 777 862
f 777 775 862
f 854 1950 861
f 861 862 854
f 854 853 1950
f 773 772 771
f 773 775 772
f 860 775 773
f 771 839 773
f 773 839 860
f 771 952 840
f 840 839 771
f 950 942 932
f 1153 885 1023
f 892 856 857
f 857 885 1153
f 857 858 842
f 856 858 857
f 842 886 857
f 886 885 857
f 946 912 923
f 1155 900 892
f 892 857 899
f 899 857 1153
f 1143 1142 1141
f 1144 1142 1143
f 945 944 946
f 943 944 945
f 946 923 945
f 1070 944 1074
f 942 1076 1074
f 1074 944 942
f 1074 1068 1069
f 1076 1073 1074
f 1073 1068 1074
f 1021 885 886
f 886 841 1021
f 841 1024 1021
f 1021 1024 1020
f 1020 1057 1021
f 1022 1023 1021
f 1021 1023 885
f 940 925 946
f 946 944 940
f 940 913 925
f 928 944 916
f 916 944 842
f 938 914 926
f 938 944 928
f 934 912 946
f 946 913 934
f 934 913 912
f 921 943 922
f 941 943 921
f 924 941 920
f 924 920 908
f 1148 1057 1146
f 1528 1141 1529
f 1528 1143 1141
f 1805 1867 1799
f 1799 1806 1805
f 1846 1844 1854
f 1846 1855 1852
f 1846 1850 1855
f 1854 1850 1846
f 1810 1806 1851
f 1806 1844 1851
f 1852 1810 1851
f 1851 1846 1852
f 1844 1846 1851
f 1836 1790 1837
f 1837 1823 1836
f 1836 1835 1790
f 1803 1823 1838
f 1803 1798 1823
f 1680 1682 1681
f 1681 1679 1680
f 1924 1682 1680
f 1680 1679 1924
f 1724 1725 1716
f 1716 1718 1724
f 1719 1718 1716
f 1672 1673 1674
f 1674 1708 1672
f 1674 1675 1676
f 1674 1673 1675
f 1927 1673 1925
f 1925 1673 1672
f 1925 1926 1927
f 1925 1924 1616
f 1616 1926 1925
f 1925 1683 1924
f 1672 1683 1925
f 1754 1861 1756
f 1756 1861 1859
f 1672 1708 1710
f 1681 1672 1710
f 1710 1712 1681
f 1845 1844 1842
f 1842 1843 1845
f 1842 1844 1806
f 1838 1792 1839
f 1839 1792 1789
f 1789 1788 1839
f 1824 1825 1827
f 1827 815 814
f 1827 1825 1834
f 1813 1829 1828
f 1624 1830 1741
f 1816 1830 1624
f 1741 1830 1742
f 1852 1853 1808
f 1808 1810 1852
f 1808 1809 1810
f 1766 1809 1808
f 1808 1765 1766
f 1738 1850 1736
f 1738 1744 1832
f 1832 1850 1738
f 1705 1707 1706
f 1706 1707 1708
f 1706 1674 1676
f 1708 1674 1706
f 1708 1707 1709
f 1709 1710 1708
f 1704 1706 1676
f 1705 1706 1704
f 1705 1704 1703
f 1703 1704 1702
f 1736 1734 1735
f 1735 1707 1705
f 1735 1761 1707
f 1242 1582 1581
f 1581 1244 1242
f 1583 1236 1584
f 1584 1236 1205
f 1246 1244 1581
f 1581 1247 1246
f 1302 1308 1263
f 1263 1262 1264
f 1261 1262 1263
f 904 1261 1263
f 1263 1308 904
f 1295 1186 1277
f 1186 1300 1277
f 1270 1276 1278
f 1278 1300 1268
f 1276 1277 1278
f 1278 1277 1300
f 1187 1186 1295
f 1295 1309 1187
f 1185 1186 1187
f 1187 1303 1185
f 1187 1309 1392
f 1392 1303 1187
f 1265 1301 1302
f 1302 1263 1265
f 1264 1266 1265
f 1265 1263 1264
f 1268 1300 1267
f 1300 1301 1267
f 1267 1265 1266
f 1301 1265 1267
f 1315 1316 1121
f 1121 1123 1315
f 903 1257 882
f 1123 1121 1122
f 1313 1123 1125
f 1125 1127 1235
f 1914 728 243
f 730 728 490
f 272 270 279
f 279 278 272
f 1962 1935 1938
f 1938 1617 1962
f 1939 1617 1938
f 1963 490 1946
f 1946 1937 1963
f 490 1937 1946
f 283 282 249
f 249 282 251
f 1158 230 222
f 191 1157 1158
f 1158 232 191
f 234 1157 191
f 59 1160 1440
f 59 266 1160
f 368 266 59
f 230 266 267
f 267 266 368
f 230 1159 231
f 231 266 230
f 1159 266 231
f 58 1460 1179
f 575 582 274
f 274 282 283
f 274 582 581
f 274 581 282
f 537 1693 1643
f 1542 1460 58
f 58 334 1542
f 54 334 361
f 365 363 364
f 332 334 58
f 263 663 275
f 313 339 341
f 1369 1367 1365
f 1365 1367 1363
f 1473 1479 1481
f 1457 1175 1454
f 1454 1456 1457
f 1475 1485 1472
f 1475 1456 1485
f 1472 1474 1478
f 1478 1474 752
f 752 746 1478
f 147 746 752
f 146 746 147
f 147 156 146
f 148 156 147
f 1217 1222 1215
f 1323 1222 1193
f 1193 1322 1323
f 1323 1198 1311
f 1323 1322 1198
f 1311 1209 1229
f 1209 1195 1229
f 1229 1323 1311
f 447 446 445
f 445 481 447
f 485 482 483
f 447 481 483
f 483 482 447
f 110 1578 109
f 109 112 110
f 110 112 1578
f 108 112 109
f 481 112 108
f 108 483 481
f 453 455 457
f 451 701 205
f 437 77 624
f 437 462 438
f 624 608 437
f 477 440 78
f 438 440 477
f 477 437 438
f 77 437 477
f 1214 1230 1248
f 215 1550 212
f 212 1551 1553
f 212 1550 1551
f 205 701 206
f 1272 1551 1274
f 1274 1275 1273
f 1273 1213 1274
f 1274 1213 1272
f 1537 455 453
f 109 1577 117
f 133 135 1576
f 1576 134 133
f 133 117 135
f 1575 1605 681
f 682 1605 1606
f 1606 683 682
f 1607 47 680
f 680 679 1607
f 601 437 608
f 600 462 601
f 462 437 601
f 603 607 83
f 596 598 617
f 622 500 499
f 622 621 500
f 609 634 635
f 635 599 609
f 609 599 597
f 435 463 436
f 436 623 669
f 436 462 623
f 463 462 436
f 436 669 434
f 434 435 436
f 473 463 435
f 479 486 473
f 668 708 706
f 706 708 707
f 710 704 703
f 665 708 666
f 665 666 667
f 611 628 634
f 468 470 466
f 466 475 465
f 474 460 479
f 474 465 475
f 458 482 484
f 484 460 458
f 484 482 485
f 479 460 484
f 484 486 479
f 485 486 484
f 419 418 461
f 461 475 419
f 461 474 475
f 460 474 461
f 513 151 150
f 1249 1269 1191
f 1192 1193 1249
f 1249 1191 1192
f 1249 1193 1217
f 1217 1212 1249
f 1212 1269 1249
f 392 381 1285
f 1285 381 382
f 381 401 382
f 1190 1282 1286
f 1285 382 1286
f 1286 382 401
f 168 401 381
f 1190 1286 168
f 168 1286 401
f 381 384 169
f 169 168 381
f 189 168 169
f 213 1550 215
f 213 215 395
f 1551 1550 1549
f 216 1545 1549
f 1549 1274 1551
f 1275 1274 1549
f 1549 1545 1275
f 702 402 703
f 676 402 702
f 403 389 404
f 404 399 403
f 512 513 497
f 676 388 387
f 387 388 389
f 389 403 387
f 387 402 676
f 387 403 402
f 383 388 671
f 183 181 671
f 181 383 671
f 701 451 394
f 659 662 660
f 660 662 661
f 700 659 664
f 579 313 664
f 569 24 591
f 568 664 659
f 568 570 579
f 579 664 568
f 589 581 580
f 581 582 580
f 579 570 577
f 575 576 577
f 570 580 577
f 577 582 575
f 577 580 582
f 499 515 516
f 516 508 499
f 587 588 591
f 587 509 508
f 587 516 588
f 508 516 587
f 510 509 587
f 591 511 587
f 587 511 510
f 491 511 517
f 557 500 501
f 501 558 557
f 501 556 555
f 552 556 501
f 500 621 501
f 621 604 501
f 501 553 552
f 502 553 501
f 1781 502 501
f 501 604 98
f 546 544 545
f 546 547 548
f 545 547 546
f 548 522 546
f 522 544 546
f 545 544 540
f 520 549 537
f 251 584 520
f 1693 549 489
f 538 500 562
f 538 523 500
f 544 523 538
f 538 540 544
f 539 540 538
f 515 500 514
f 500 523 514
f 586 523 522
f 522 583 586
f 586 583 589
f 586 514 523
f 589 588 586
f 507 655 689
f 518 572 571
f 651 657 656
f 656 657 655
f 656 653 651
f 656 655 506
f 506 652 656
f 494 505 615
f 3 614 615
f 615 614 494
f 1781 592 1876
f 1876 1783 1781
f 1876 1873 1783
f 1875 1873 1876
f 794 795 796
f 795 797 796
f 1685 1922 1684
f 1616 1922 1685
f 1724 1723 1687
f 819 818 816
f 821 818 819
f 822 821 819
f 819 823 822
f 813 814 816
f 816 812 813
f 1820 1821 813
f 813 1821 814
f 803 1728 813
f 811 812 818
f 820 810 811
f 811 818 820
f 807 806 805
f 761 1827 1834
f 966 766 969
f 766 971 969
f 961 834 966
f 1132 1971 1126
f 893 1971 1132
f 1132 1131 893
f 1134 1135 888
f 888 894 1134
f 887 1131 895
f 1250 1251 1191
f 1191 1269 1250
f 1268 1267 1250
f 1250 1278 1268
f 1266 1251 1250
f 1250 1267 1266
f 1250 1269 1270
f 1270 1278 1250
f 1259 1253 1260
f 1260 1253 1251
f 1260 1266 1264
f 1260 1251 1266
f 1770 1894 1885
f 1885 1769 1770
f 1770 1769 1779
f 1767 1772 1768
f 1771 1772 1778
f 1767 1765 1778
f 1778 1772 1767
f 1779 1769 1778
f 1778 1769 1771
f 1776 1812 1775
f 1813 1773 1814
f 1773 1847 1814
f 1815 1813 1814
f 1814 1847 1815
f 1885 1894 1887
f 1887 1889 1886
f 1884 1885 1887
f 1887 1886 1884
f 1891 1897 1896
f 1896 1890 1891
f 1890 1888 1891
f 1888 1889 1891
f 1874 1873 1875
f 1874 1785 1873
f 1896 1897 1895
f 1897 1878 70
f 1898 1900 1896
f 1898 1899 1900
f 1885 1883 1869
f 1869 1883 1882
f 1869 1769 1885
f 1771 1769 1869
f 1869 1772 1771
f 1879 1610 1865
f 1879 1880 1610
f 1881 1882 1610
f 1610 1880 1881
f 1864 1879 1865
f 1864 1809 1766
f 1865 1810 1864
f 1810 1809 1864
f 849 848 850
f 847 848 849
f 1332 1325 1333
f 1331 1332 1333
f 1326 1325 1332
f 1371 1325 1326
f 1347 1337 1348
f 1348 1325 1347
f 1335 1336 1347
f 1336 1337 1347
f 1484 1486 1483
f 1369 1365 1483
f 1401 1386 1395
f 1400 1401 1385
f 1387 1401 1400
f 1386 1401 1387
f 174 176 1387
f 1400 175 1387
f 1387 175 174
f 1339 1338 1335
f 1335 1340 1339
f 1376 1373 1374
f 1324 1325 1371
f 1324 1374 1373
f 1324 1347 1325
f 1375 1373 1376
f 1375 1359 1343
f 1375 1343 1345
f 1345 1373 1375
f 1377 1359 1375
f 1375 1504 1377
f 1376 1504 1375
f 186 1419 172
f 1161 1432 1437
f 1437 1160 1161
f 1437 1438 1160
f 1449 1456 1454
f 1160 1438 1524
f 869 874 873
f 868 874 869
f 873 1378 869
f 1378 868 869
f 870 874 865
f 865 867 870
f 1066 874 870
f 1509 1500 896
f 896 1505 1509
f 1509 1505 1500
f 1515 1499 1514
f 1514 1512 1515
f 1515 1512 1513
f 1515 1513 866
f 866 896 1515
f 896 1500 1515
f 1500 1505 1496
f 1496 1515 1500
f 1499 1515 1496
f 1495 1499 1496
f 1496 1506 1495
f 1505 1506 1496
f 1962 1617 1961
f 1927 1960 1961
f 1961 1617 1939
f 1939 1940 1961
f 875 1378 873
f 1136 1062 1150
f 1060 1059 1063
f 1063 1136 1060
f 1062 1136 1063
f 1056 1055 1054
f 1057 1055 1056
f 1054 1144 1056
f 1144 1146 1056
f 1056 1146 1057
f 1053 1142 1054
f 1053 1058 1142
f 1054 1055 1053
f 1053 1055 1059
f 1059 1058 1053
f 1065 1052 1066
f 1033 1052 1065
f 1066 1064 1065
f 1065 1067 1033
f 1065 1064 1061
f 1061 1062 1065
f 1059 1067 1065
f 1065 1063 1059
f 1062 1063 1065
f 872 874 1051
f 874 1052 1051
f 1097 1098 1108
f 1097 1095 1098
f 1035 1032 1097
f 1093 1095 1097
f 1097 1032 1093
f 1071 1068 1073
f 1073 1067 1071
f 1071 1067 1068
f 1034 1067 1036
f 1036 1067 1075
f 863 1135 1029
f 1098 1095 1096
f 1096 1095 1094
f 1096 966 979
f 1096 1094 966
f 1027 1114 1100
f 1100 1028 1027
f 979 1028 1100
f 1100 1096 979
f 1004 978 977
f 972 831 1001
f 1001 831 979
f 962 966 1008
f 1008 974 962
f 962 974 966
f 984 974 1008
f 1008 834 984
f 984 834 1007
f 966 975 999
f 999 976 966
f 833 1006 999
f 999 1007 833
f 975 1007 999
f 1205 1572 1569
f 1588 1587 1206
f 1196 1573 1205
f 1206 1587 1196
f 1196 1233 1206
f 1196 1205 1234
f 1234 1233 1196
f 980 992 832
f 832 989 980
f 980 993 992
f 983 993 980
f 980 989 977
f 980 977 979
f 980 966 983
f 979 966 980
f 983 1015 994
f 1015 1014 994
f 994 993 983
f 994 1014 993
f 864 831 830
f 864 852 863
f 830 852 864
f 860 858 859
f 859 862 860
f 859 858 856
f 952 951 958
f 958 840 952
f 948 839 942
f 1151 1023 1022
f 1022 1021 1151
f 1153 1023 1151
f 1151 1057 1148
f 1151 1021 1057
f 1151 899 1153
f 1430 1604 1596
f 1965 1148 1420
f 1148 1517 1420
f 1518 1148 1519
f 1518 1517 1148
f 936 923 912
f 936 945 923
f 912 911 936
f 943 945 936
f 1069 1070 1072
f 1072 1074 1069
f 1070 1074 1072
f 939 940 944
f 944 938 939
f 939 938 926
f 926 914 939
f 928 916 915
f 842 914 915
f 915 916 842
f 910 911 839
f 922 911 910
f 910 921 922
f 941 921 910
f 947 919 942
f 942 941 947
f 947 941 924
f 930 920 941
f 941 910 930
f 1148 1146 1147
f 1517 1518 1421
f 1423 1424 1603
f 1162 1435 1161
f 1162 1436 1435
f 1795 1835 1796
f 1835 1836 1796
f 1798 1803 1822
f 1681 1712 1726
f 1726 1684 1681
f 1725 1685 1726
f 1726 1685 1684
f 1757 1756 1859
f 1745 1756 1757
f 1750 1748 1787
f 1715 1726 1712
f 1715 1716 1725
f 1725 1726 1715
f 1712 1710 1711
f 1710 1709 1711
f 1843 1842 1840
f 1840 1803 1838
f 1826 814 1824
f 1824 1827 1826
f 1826 1827 814
f 555 1813 1633
f 1633 1828 555
f 1813 1828 1633
f 559 501 555
f 558 501 559
f 1623 1622 1816
f 1816 1624 1623
f 1626 1742 1699
f 558 559 554
f 555 1828 554
f 554 559 555
f 1743 1742 1830
f 1832 1744 1743
f 1743 1830 1832
f 1699 1742 1743
f 488 547 545
f 1745 1747 1760
f 1760 1756 1745
f 1760 1761 1756
f 1707 1761 1760
f 1760 1709 1707
f 1698 1700 1695
f 1699 1700 1698
f 1698 1697 1699
f 1739 1743 1744
f 1744 1738 1739
f 1702 1700 1701
f 1701 1703 1702
f 1701 1700 1699
f 1738 1703 1701
f 1701 1739 1738
f 1699 1743 1701
f 1743 1739 1701
f 1705 1703 1737
f 1737 1735 1705
f 1736 1735 1737
f 1737 1738 1736
f 1737 1703 1738
f 1753 1735 1734
f 1753 1861 1754
f 1854 1861 1753
f 1753 1734 1854
f 1238 1582 1240
f 1582 1242 1240
f 1240 1239 1238
f 1240 1242 1241
f 1241 1239 1240
f 1238 1239 1237
f 1237 1236 1238
f 1235 1236 1237
f 1237 1125 1235
f 1239 1125 1237
f 1585 1205 1571
f 1585 1584 1205
f 1315 1314 1245
f 1244 1246 1245
f 1189 1287 1296
f 1296 1188 1189
f 1310 1309 1295
f 1295 1294 1310
f 1293 1277 1276
f 1295 1277 1293
f 1293 1294 1295
f 1254 1121 1316
f 1317 1255 1254
f 1254 1316 1317
f 1119 1254 1255
f 1121 1254 1119
f 903 882 1117
f 1128 1119 1117
f 1117 1119 903
f 1109 880 1110
f 1256 882 1257
f 1120 1122 1121
f 1120 1111 1102
f 1102 1122 1120
f 1120 1119 1128
f 1121 1119 1120
f 1124 1114 1126
f 1126 1127 1124
f 1127 1125 1124
f 1123 1122 1124
f 1124 1125 1123
f 1312 1239 1241
f 1312 1125 1239
f 1312 1241 1313
f 1313 1125 1312
f 236 732 1762
f 1156 236 1762
f 731 236 1156
f 1156 1157 234
f 490 728 1915
f 728 1914 1915
f 1915 1937 490
f 1936 1937 1915
f 1915 1914 1936
f 245 1914 243
f 245 244 1914
f 245 243 241
f 241 244 245
f 284 278 276
f 275 274 276
f 283 284 276
f 276 274 283
f 729 734 733
f 243 728 242
f 728 730 242
f 241 243 242
f 735 730 490
f 1963 734 735
f 735 490 1963
f 734 729 735
f 735 729 730
f 241 286 285
f 285 278 284
f 272 278 285
f 285 286 272
f 285 244 241
f 284 244 285
f 292 270 269
f 238 729 733
f 291 297 219
f 1910 1938 1935
f 1654 1649 1640
f 1656 1649 1654
f 1913 248 250
f 252 249 251
f 252 253 249
f 190 232 1158
f 1158 222 190
f 190 222 232
f 1440 1461 56
f 268 222 230
f 230 267 268
f 1180 1179 1460
f 1442 1179 1180
f 58 1179 1462
f 1179 1184 1462
f 273 275 575
f 575 274 273
f 273 274 275
f 697 716 718
f 325 355 327
f 354 355 325
f 1460 1542 1543
f 1543 54 1460
f 1543 1542 334
f 334 54 1543
f 357 358 359
f 359 332 357
f 361 334 359
f 334 332 359
f 367 358 365
f 367 365 364
f 357 332 330
f 300 358 357
f 365 358 300
f 307 263 277
f 278 279 277
f 277 263 275
f 275 276 277
f 277 276 278
f 1364 1365 1363
f 1473 1481 165
f 165 1481 148
f 1458 1457 1456
f 1456 1475 1458
f 1175 1457 1458
f 1458 1475 1476
f 1472 1478 1477
f 1476 1475 1477
f 1477 1475 1472
f 752 1474 748
f 748 147 752
f 148 147 164
f 1473 165 164
f 164 165 148
f 147 748 164
f 164 1474 1473
f 164 748 1474
f 1223 1215 1222
f 1220 1222 1225
f 1222 1323 1225
f 1323 1229 1225
f 1539 1195 480
f 1539 445 1195
f 481 445 1539
f 480 112 1539
f 1539 112 481
f 453 457 452
f 418 451 452
f 459 457 458
f 459 461 418
f 418 452 459
f 459 452 457
f 458 460 459
f 460 461 459
f 456 455 446
f 456 457 455
f 458 457 456
f 456 446 447
f 447 482 456
f 456 482 458
f 420 418 419
f 420 451 418
f 419 476 420
f 476 416 420
f 448 449 420
f 420 416 448
f 207 701 215
f 207 206 701
f 1554 206 207
f 1171 1170 1194
f 1171 1172 1220
f 1171 1194 1172
f 1577 135 122
f 122 117 1577
f 135 117 122
f 107 108 109
f 109 117 107
f 483 108 107
f 129 134 139
f 129 133 134
f 140 139 1575
f 1575 681 140
f 140 129 139
f 141 681 1605
f 1605 682 141
f 141 140 681
f 143 682 683
f 683 679 684
f 679 680 684
f 605 603 83
f 607 603 602
f 602 597 600
f 600 601 602
f 608 607 602
f 602 601 608
f 606 621 619
f 619 605 606
f 487 486 485
f 438 463 478
f 463 473 478
f 478 440 438
f 478 473 486
f 478 487 440
f 486 487 478
f 404 397 398
f 398 399 404
f 703 402 405
f 405 710 703
f 707 704 711
f 711 706 707
f 704 710 711
f 470 468 427
f 4 614 3
f 4 5 614
f 639 5 4
f 708 665 712
f 707 708 712
f 712 713 707
f 627 665 667
f 667 635 627
f 627 628 625
f 635 634 627
f 634 628 627
f 11 609 597
f 9 5 639
f 408 465 409
f 409 435 434
f 434 407 409
f 407 408 409
f 466 470 469
f 469 476 466
f 469 416 476
f 465 474 464
f 435 409 464
f 464 409 465
f 464 473 435
f 479 473 464
f 464 474 479
f 1214 1248 1167
f 1211 1212 1217
f 1211 1213 1212
f 1213 1165 1271
f 1271 1167 1248
f 1165 1167 1271
f 1553 1272 1271
f 1272 1213 1271
f 380 391 385
f 385 384 380
f 380 384 381
f 381 392 380
f 1552 1284 1275
f 1275 1545 1552
f 1285 1284 1552
f 1552 392 1285
f 1552 380 392
f 1285 1286 1283
f 1283 1286 1282
f 1283 1284 1285
f 1283 1282 1273
f 1273 1275 1283
f 1275 1284 1283
f 177 384 180
f 177 169 384
f 177 180 179
f 189 169 177
f 179 178 177
f 178 189 177
f 1548 1549 1550
f 377 1548 1550
f 391 1548 377
f 379 391 377
f 402 403 406
f 406 403 399
f 406 405 402
f 713 674 705
f 704 713 705
f 703 704 705
f 705 702 703
f 498 646 503
f 498 503 507
f 497 671 498
f 507 512 498
f 512 497 498
f 184 182 183
f 150 182 184
f 184 513 150
f 672 388 676
f 672 671 388
f 393 397 395
f 395 701 393
f 701 394 393
f 449 394 450
f 450 394 451
f 450 420 449
f 451 420 450
f 591 24 573
f 517 591 573
f 573 572 517
f 591 588 590
f 590 569 591
f 570 569 590
f 590 580 570
f 590 588 589
f 589 580 590
f 24 569 25
f 570 568 574
f 574 659 660
f 574 568 659
f 578 313 579
f 579 577 578
f 578 577 313
f 313 577 340
f 339 313 340
f 340 576 663
f 340 577 576
f 307 339 340
f 663 263 340
f 340 263 307
f 620 617 598
f 620 616 617
f 499 616 620
f 620 622 499
f 598 619 620
f 621 622 620
f 620 619 621
f 494 614 495
f 517 494 495
f 495 491 517
f 493 616 499
f 617 616 493
f 493 509 510
f 510 511 493
f 499 508 493
f 508 509 493
f 595 592 1781
f 1781 501 595
f 595 501 592
f 561 34 35
f 561 538 562
f 539 538 561
f 562 557 561
f 38 540 542
f 542 540 539
f 521 584 522
f 521 520 584
f 521 522 548
f 548 549 521
f 549 520 521
f 1645 520 537
f 251 520 255
f 585 586 588
f 585 516 515
f 588 516 585
f 515 514 585
f 514 586 585
f 524 571 15
f 652 571 524
f 518 571 519
f 519 505 518
f 519 652 506
f 519 571 652
f 653 656 528
f 652 527 528
f 528 656 652
f 30 29 572
f 30 573 26
f 572 573 30
f 1877 1878 1875
f 1875 1876 1877
f 783 779 780
f 793 795 794
f 800 799 793
f 793 799 795
f 949 796 957
f 957 796 797
f 957 1018 949
f 798 1018 957
f 957 797 798
f 949 782 786
f 786 796 949
f 786 782 783
f 783 787 786
f 794 796 786
f 786 787 794
f 1686 1725 1724
f 1686 1685 1725
f 1724 1687 1686
f 1616 1685 1686
f 1686 1687 1616
f 785 781 1722
f 1722 1723 785
f 1723 789 785
f 789 788 785
f 1722 781 1688
f 1688 781 1689
f 1688 1723 1722
f 1688 1687 1723
f 1616 1687 1688
f 781 780 776
f 1689 781 776
f 803 805 804
f 804 802 803
f 800 802 804
f 804 805 806
f 806 799 804
f 804 799 800
f 762 763 766
f 766 968 762
f 755 828 757
f 767 834 766
f 766 763 767
f 767 845 834
f 815 1827 825
f 760 1794 765
f 1833 1794 760
f 1834 1833 760
f 760 761 1834
f 971 834 1009
f 834 961 1009
f 965 961 966
f 1126 1131 1133
f 1133 1132 1126
f 1131 1132 1133
f 1264 1262 1258
f 1258 1260 1264
f 1259 1260 1258
f 882 1256 1258
f 1258 1257 1259
f 1258 1256 1257
f 1777 1812 1776
f 1777 1776 1779
f 1779 1778 1777
f 1777 1778 1765
f 1774 1782 1784
f 1784 1775 1774
f 1784 1782 1783
f 1783 1785 1784
f 1857 1775 1812
f 1815 1847 1857
f 1857 1847 1774
f 1774 1775 1857
f 1897 1891 1892
f 1875 1878 1892
f 1892 1878 1897
f 1892 1891 1889
f 1892 1874 1875
f 69 91 1897
f 1897 70 69
f 69 86 91
f 70 86 69
f 1878 1877 102
f 102 1877 99
f 87 605 83
f 87 72 606
f 606 605 87
f 1767 1768 1871
f 1871 1881 1880
f 889 888 851
f 888 852 851
f 851 850 889
f 851 849 850
f 1334 1348 1331
f 1331 1333 1334
f 1334 1325 1348
f 1334 1333 1325
f 1487 1486 1493
f 1493 1492 1487
f 1370 1368 1369
f 1369 1483 1370
f 1332 1368 1370
f 1370 1326 1332
f 1490 1492 1466
f 1502 1504 1501
f 1501 1505 1502
f 1501 1506 1505
f 1501 1507 1506
f 1480 1483 1365
f 1365 1364 1480
f 1480 1479 1484
f 1484 1483 1480
f 1395 1403 1402
f 1402 1401 1395
f 1402 1385 1401
f 1402 1403 1392
f 1400 1385 1384
f 1385 1413 1384
f 1338 1339 1379
f 1386 1387 1379
f 166 1338 1379
f 1379 157 166
f 178 157 1379
f 1379 176 178
f 1379 1387 176
f 1397 1393 1395
f 1395 1386 1397
f 1386 1356 1397
f 1357 1356 1386
f 1339 1356 1357
f 1386 1379 1357
f 1357 1379 1339
f 1355 1339 1340
f 1355 1356 1339
f 1355 1340 1344
f 1356 1355 1354
f 1354 1397 1356
f 1346 1373 1345
f 1346 1324 1373
f 1347 1324 1346
f 1335 1347 1346
f 1346 1340 1335
f 1346 1345 1340
f 178 176 187
f 1438 1437 1535
f 1161 1435 1434
f 1531 1512 1514
f 1514 1532 1531
f 1530 1512 1531
f 1532 1434 1531
f 1435 1530 1531
f 1531 1434 1435
f 1495 1506 1465
f 1506 1507 1465
f 1465 1490 1466
f 1465 1507 1490
f 1494 1465 1471
f 1494 1499 1495
f 1495 1465 1494
f 1467 1492 1493
f 1466 1492 1467
f 1467 1465 1466
f 1471 1465 1467
f 1456 1449 1469
f 1497 1471 1469
f 1452 1179 1442
f 1452 1184 1179
f 1160 1524 1439
f 1439 1524 1441
f 1440 1160 1439
f 1439 1441 1440
f 1441 1524 1536
f 1536 1524 1438
f 1438 1535 1536
f 871 867 1066
f 1066 870 871
f 871 870 867
f 1943 1961 1942
f 1944 1961 1943
f 1942 1961 1941
f 1941 1961 1940
f 1940 1917 1941
f 878 884 1378
f 1378 875 878
f 877 884 878
f 878 875 877
f 1086 1085 1087
f 1043 1086 1044
f 1044 1086 1087
f 1043 1044 1037
f 1037 1089 1030
f 1087 1089 1037
f 1037 1044 1087
f 1042 1038 1039
f 1039 1038 1081
f 1083 1042 1039
f 1039 1081 1083
f 1110 880 1104
f 1050 1104 877
f 1049 1104 1050
f 1031 1032 1030
f 1093 1032 1031
f 1031 1091 1093
f 1031 1030 1091
f 1035 1097 1105
f 1110 1104 1105
f 1105 1049 1035
f 1105 1104 1049
f 1107 1109 1105
f 1105 1109 1110
f 1105 1097 1108
f 1128 1113 1112
f 1112 1120 1128
f 1111 1120 1112
f 1108 1111 1112
f 1112 1113 1108
f 1026 1114 1027
f 863 1029 1026
f 1027 1028 1026
f 1026 864 863
f 1028 831 1026
f 831 864 1026
f 1130 894 887
f 887 895 1130
f 1130 1131 1126
f 1130 895 1131
f 1103 1100 1114
f 1108 1098 1103
f 1103 1111 1108
f 1102 1111 1103
f 977 987 1012
f 1012 987 832
f 979 978 1000
f 1000 1001 979
f 1000 1010 990
f 975 974 985
f 974 984 985
f 985 1007 975
f 985 984 1007
f 966 976 981
f 976 998 981
f 833 1015 1005
f 1571 1205 1570
f 1205 1569 1570
f 1207 1968 1763
f 1763 1206 1207
f 1573 1196 1574
f 855 854 862
f 862 859 855
f 853 854 855
f 855 856 853
f 855 859 856
f 839 840 907
f 892 899 1152
f 899 1151 1152
f 1152 1155 892
f 900 1155 1152
f 1154 900 1152
f 1152 1148 1154
f 1152 1151 1148
f 1604 1430 1431
f 1431 1162 1604
f 1436 1162 1431
f 1431 1430 1528
f 1529 1436 1431
f 1431 1528 1529
f 1528 1430 1527
f 1143 1528 1527
f 1425 1595 1594
f 1426 1595 1425
f 1425 1424 1521
f 1596 1595 1427
f 1427 1595 1426
f 1427 1426 1523
f 1428 1525 1526
f 1523 1525 1428
f 1428 1427 1523
f 1526 1525 1145
f 1145 1527 1526
f 1143 1527 1145
f 1144 1143 1145
f 1145 1146 1144
f 1145 1525 1523
f 1523 1147 1145
f 1145 1147 1146
f 937 911 943
f 943 936 937
f 937 936 911
f 914 913 935
f 935 939 914
f 927 938 928
f 928 915 927
f 927 915 938
f 914 938 917
f 917 915 914
f 938 915 917
f 839 908 909
f 909 910 839
f 909 930 910
f 909 908 920
f 920 930 909
f 931 908 839
f 839 906 931
f 924 908 931
f 931 947 924
f 919 947 931
f 931 906 919
f 839 948 953
f 1521 1424 1520
f 1520 1147 1521
f 1520 1423 1519
f 1424 1423 1520
f 1521 1147 1522
f 1522 1147 1523
f 1523 1426 1522
f 1522 1425 1521
f 1426 1425 1522
f 1519 1148 1149
f 1148 1147 1149
f 1149 1520 1519
f 1147 1520 1149
f 1602 1423 1603
f 1422 1518 1519
f 1519 1423 1422
f 1422 1421 1518
f 1802 1803 1801
f 1801 1800 1802
f 1803 1840 1801
f 1806 1799 1801
f 1801 1842 1806
f 1801 1840 1842
f 1801 1799 1867
f 1867 1800 1801
f 1797 1796 1836
f 1797 1836 1823
f 1823 1798 1797
f 1797 1798 1863
f 1797 1863 1613
f 1613 1795 1797
f 1795 1796 1797
f 1863 1798 1862
f 1798 1822 1862
f 1613 1863 1862
f 1862 1800 1867
f 1802 1800 1862
f 1862 1611 1613
f 1862 1867 1611
f 1746 1747 1745
f 1745 1757 1746
f 1748 1747 1746
f 1858 1748 1746
f 1746 1859 1858
f 1746 1757 1859
f 1748 1750 1749
f 1749 1747 1748
f 1712 1711 1713
f 1713 1711 1758
f 1758 1711 1759
f 1759 1749 1758
f 1747 1749 1759
f 1759 1760 1747
f 1759 1711 1709
f 1709 1760 1759
f 1838 1839 1841
f 1841 1840 1838
f 1841 1788 1858
f 1841 1839 1788
f 1858 1843 1841
f 1843 1840 1841
f 1740 1624 1741
f 1741 1742 1658
f 1742 1626 1658
f 1658 1740 1741
f 1621 1829 1816
f 1621 1828 1829
f 33 1621 34
f 558 554 560
f 557 558 560
f 560 561 557
f 34 561 560
f 560 33 34
f 1692 488 1691
f 1696 488 1692
f 547 488 1696
f 548 547 1696
f 1696 549 548
f 1696 489 549
f 1693 489 1696
f 1696 1697 1693
f 1693 1697 1694
f 1694 1698 1695
f 1697 1698 1694
f 1761 1735 1755
f 1735 1753 1755
f 1755 1753 1754
f 1754 1756 1755
f 1756 1761 1755
f 1199 1246 1247
f 1199 1245 1246
f 1199 1247 1200
f 1315 1245 1199
f 1200 1316 1199
f 1199 1316 1315
f 1313 1241 1243
f 1243 1314 1313
f 1243 1245 1314
f 1244 1245 1243
f 1243 1242 1244
f 1241 1242 1243
f 1389 1408 1388
f 1400 1389 1388
f 1411 1408 1389
f 1411 1389 1400
f 1400 1384 1411
f 1287 172 1288
f 1288 1296 1287
f 172 1296 1288
f 186 175 185
f 1405 1388 1408
f 1255 903 902
f 902 1119 1255
f 903 1119 902
f 879 883 877
f 879 880 883
f 877 1104 879
f 879 1104 880
f 1115 1117 882
f 235 297 292
f 237 1156 234
f 731 1156 237
f 237 236 731
f 237 235 236
f 246 244 284
f 246 247 244
f 246 284 283
f 248 247 246
f 283 249 246
f 246 250 248
f 249 253 246
f 253 250 246
f 239 286 241
f 241 242 239
f 292 269 225
f 225 269 226
f 226 238 225
f 226 269 271
f 271 239 226
f 286 239 271
f 271 269 270
f 272 286 271
f 271 270 272
f 362 339 307
f 291 219 296
f 232 219 233
f 234 191 233
f 233 191 232
f 233 237 234
f 235 237 233
f 233 219 297
f 297 235 233
f 1912 1910 1935
f 1912 248 1913
f 1912 247 248
f 1914 244 1912
f 244 247 1912
f 1912 1935 1936
f 1936 1914 1912
f 1911 1912 1913
f 1910 1912 1911
f 1913 250 1911
f 1911 250 253
f 253 252 1911
f 1939 1938 1921
f 1938 1910 1921
f 1927 1961 1929
f 1945 1961 1944
f 1945 1929 1961
f 1695 1700 1662
f 1934 1943 1942
f 1919 1940 1939
f 1919 1917 1940
f 1939 1921 1919
f 1654 1640 1652
f 1659 1640 1649
f 1659 1694 1695
f 1695 1662 1659
f 1905 1906 567
f 1644 1645 537
f 537 1643 1644
f 1643 1656 1644
f 567 1906 256
f 1540 59 1440
f 1440 56 1540
f 368 59 1540
f 1449 1447 1448
f 1459 1462 1184
f 1183 1462 1459
f 1463 1462 1183
f 311 313 341
f 311 664 313
f 700 664 311
f 311 309 700
f 718 696 698
f 698 697 718
f 299 300 356
f 356 300 357
f 356 330 327
f 357 330 356
f 354 325 323
f 327 330 331
f 343 349 308
f 344 349 343
f 344 355 354
f 151 513 686
f 689 690 686
f 686 513 512
f 686 512 507
f 507 689 686
f 751 1478 746
f 336 337 363
f 299 337 336
f 363 365 336
f 365 300 336
f 336 300 299
f 223 294 305
f 305 306 364
f 364 363 305
f 305 362 304
f 288 306 305
f 148 1481 163
f 1481 159 163
f 161 158 166
f 1561 52 1558
f 1561 200 198
f 1557 1558 1476
f 1476 1477 1557
f 1557 1561 1558
f 49 1561 1557
f 1221 1223 1222
f 1221 1222 1220
f 1220 1172 1221
f 1172 1194 1173
f 1173 1194 1230
f 1173 1221 1172
f 1223 1221 1173
f 1215 1223 1168
f 1223 1173 1168
f 1168 1230 1214
f 1168 1173 1230
f 417 1537 453
f 1194 1537 417
f 1230 1194 417
f 417 202 1230
f 203 452 451
f 453 452 203
f 203 451 205
f 205 201 203
f 203 417 453
f 202 417 203
f 78 440 116
f 440 79 116
f 82 608 624
f 624 77 82
f 82 607 608
f 83 607 82
f 209 207 215
f 444 445 446
f 446 1538 444
f 446 455 454
f 454 1538 446
f 455 1537 454
f 454 1537 1194
f 1194 1170 454
f 119 107 117
f 129 140 128
f 140 141 128
f 144 143 683
f 126 143 144
f 142 143 126
f 142 141 682
f 682 143 142
f 683 684 145
f 145 144 683
f 677 684 680
f 138 684 677
f 677 680 47
f 1899 1898 678
f 1898 96 678
f 47 1899 678
f 678 677 47
f 618 602 603
f 603 605 618
f 605 619 618
f 618 619 598
f 618 598 597
f 597 602 618
f 439 79 440
f 440 487 439
f 439 487 79
f 448 416 415
f 415 398 448
f 430 432 431
f 431 432 706
f 706 711 431
f 430 468 467
f 467 432 430
f 408 432 467
f 467 468 466
f 466 465 467
f 467 465 408
f 668 706 433
f 706 432 433
f 433 407 668
f 433 408 407
f 433 432 408
f 428 711 710
f 426 425 470
f 470 427 426
f 427 428 426
f 426 421 425
f 426 428 710
f 615 641 637
f 503 641 504
f 506 503 504
f 504 615 505
f 504 641 615
f 504 519 506
f 505 519 504
f 626 674 713
f 713 712 626
f 626 712 665
f 626 627 625
f 665 627 626
f 8 631 629
f 628 612 629
f 629 632 628
f 631 632 629
f 639 632 633
f 633 632 631
f 633 9 639
f 633 631 8
f 8 9 633
f 625 628 630
f 628 632 630
f 472 469 470
f 472 425 410
f 470 425 472
f 1219 1167 1165
f 1214 1167 1216
f 1217 1215 1216
f 1166 1165 1213
f 1213 1211 1166
f 1166 1211 1165
f 1555 1554 1553
f 1553 1271 1555
f 1555 1271 1248
f 1248 201 1555
f 391 380 378
f 378 380 1545
f 378 1545 216
f 1545 380 1547
f 1547 1552 1545
f 380 1552 1547
f 1550 213 214
f 214 377 1550
f 214 213 395
f 379 377 214
f 395 379 214
f 646 648 645
f 503 646 645
f 645 641 503
f 646 498 673
f 673 498 671
f 671 672 673
f 496 184 183
f 183 671 496
f 496 671 497
f 496 497 513
f 513 184 496
f 670 648 646
f 646 673 670
f 670 673 672
f 674 648 670
f 396 393 394
f 396 394 449
f 396 398 397
f 397 393 396
f 396 449 448
f 448 398 396
f 650 661 662
f 650 649 661
f 651 649 650
f 660 661 20
f 613 495 614
f 614 5 613
f 5 9 613
f 613 9 8
f 617 491 613
f 491 495 613
f 492 491 617
f 617 493 492
f 511 491 492
f 492 493 511
f 592 501 106
f 99 1877 593
f 593 1877 1876
f 539 561 550
f 1624 1740 1625
f 1625 1626 38
f 38 37 1625
f 1625 1658 1626
f 1740 1658 1625
f 563 1645 1902
f 1902 565 563
f 566 565 1902
f 566 1905 567
f 1902 1905 566
f 261 255 520
f 565 566 261
f 655 657 691
f 691 689 655
f 691 690 689
f 15 527 526
f 526 524 15
f 526 527 652
f 653 528 530
f 572 29 28
f 29 530 28
f 28 530 528
f 783 780 784
f 784 787 783
f 788 787 784
f 784 785 788
f 784 780 781
f 781 785 784
f 774 779 772
f 774 780 779
f 772 775 774
f 774 776 780
f 774 775 777
f 777 776 774
f 792 793 794
f 794 787 792
f 792 787 788
f 791 801 800
f 800 793 791
f 1720 801 791
f 793 792 791
f 1951 776 777
f 1951 777 1950
f 1950 1959 1951
f 754 968 755
f 754 762 968
f 769 847 768
f 768 764 769
f 847 845 768
f 845 767 768
f 768 763 764
f 768 767 763
f 1827 761 826
f 826 825 1827
f 815 825 817
f 816 814 817
f 814 815 817
f 817 819 816
f 764 763 756
f 763 762 756
f 762 754 756
f 755 757 756
f 756 754 755
f 761 760 759
f 759 826 761
f 963 969 971
f 971 1009 963
f 966 969 967
f 967 965 966
f 969 963 967
f 1812 1777 1811
f 1811 1853 1856
f 1856 1812 1811
f 1811 1808 1853
f 1811 1777 1765
f 1765 1808 1811
f 1786 1784 1785
f 1775 1784 1786
f 1786 1770 1779
f 1785 1770 1786
f 1779 1776 1786
f 1776 1775 1786
f 1848 1812 1856
f 1848 1857 1812
f 1856 1849 1848
f 1848 1849 1831
f 1848 1831 1815
f 1815 1857 1848
f 1893 1892 1889
f 1874 1892 1893
f 1893 1887 1894
f 1889 1887 1893
f 1785 1874 1893
f 1894 1770 1893
f 1893 1770 1785
f 91 86 88
f 101 70 1878
f 1878 102 101
f 1772 1869 1870
f 1870 1768 1772
f 1870 1871 1768
f 1870 1869 1882
f 1882 1881 1870
f 1881 1871 1870
f 1767 1871 1872
f 1872 1766 1767
f 1872 1864 1766
f 1872 1871 1880
f 1880 1879 1872
f 1879 1864 1872
f 830 845 844
f 844 852 830
f 844 851 852
f 1486 1487 1482
f 1326 1370 1482
f 1482 1483 1486
f 1482 1370 1483
f 1488 1487 1492
f 1492 1490 1488
f 1376 1374 1491
f 1374 1488 1491
f 1490 1507 1491
f 1491 1488 1490
f 1507 1501 1508
f 1376 1491 1508
f 1508 1491 1507
f 1508 1504 1376
f 1508 1501 1504
f 1362 1481 1479
f 1479 1480 1362
f 1385 1402 1414
f 1414 1413 1385
f 1414 1402 1392
f 1392 1309 1414
f 1309 1310 1414
f 1414 1310 1294
f 1294 1413 1414
f 1352 1342 1350
f 1344 1342 1352
f 1352 1355 1344
f 1352 1354 1355
f 1398 1399 1382
f 1382 1393 1398
f 1393 1397 1398
f 1397 1354 1398
f 172 187 173
f 173 174 186
f 186 172 173
f 173 176 174
f 173 187 176
f 188 189 178
f 178 187 188
f 1433 1434 1532
f 1433 1533 1432
f 1532 1533 1433
f 1433 1432 1161
f 1161 1434 1433
f 1497 1535 1534
f 1534 1535 1437
f 1534 1437 1432
f 1432 1533 1534
f 1498 1534 1533
f 1497 1534 1498
f 1498 1471 1497
f 1498 1494 1471
f 1471 1467 1468
f 1468 1469 1471
f 1468 1467 1493
f 1493 1456 1468
f 1456 1469 1468
f 1470 1535 1497
f 1470 1536 1535
f 1497 1469 1470
f 1470 1469 1449
f 1140 1058 1060
f 1142 1058 1140
f 1060 1136 1140
f 1136 1138 1140
f 897 1138 898
f 1512 897 898
f 898 1150 866
f 866 1513 898
f 1513 1512 898
f 1040 1041 1034
f 1034 1036 1040
f 1040 1036 1075
f 1077 1075 1078
f 1077 1040 1075
f 1041 1040 1077
f 877 875 876
f 876 1050 877
f 1129 1029 1135
f 1129 1130 1126
f 1135 1134 1129
f 1126 1114 1129
f 1114 1026 1129
f 1129 1134 894
f 894 1130 1129
f 1102 1103 1101
f 1101 1103 1114
f 1101 1122 1102
f 1114 1124 1101
f 1101 1124 1122
f 1099 1103 1098
f 1100 1103 1099
f 1098 1096 1099
f 1096 1100 1099
f 991 1004 977
f 977 1012 991
f 991 1012 1004
f 1004 1012 1011
f 988 978 1011
f 978 1004 1011
f 1011 1010 988
f 830 1010 1011
f 832 830 1011
f 1011 1012 832
f 978 1010 1003
f 1003 1000 978
f 1010 1000 1003
f 972 1001 973
f 973 1000 990
f 990 1010 973
f 973 830 972
f 973 1010 830
f 996 1015 983
f 983 966 982
f 966 981 982
f 982 996 983
f 1015 996 982
f 986 998 976
f 986 1005 998
f 833 1005 986
f 986 1006 833
f 986 999 1006
f 976 999 986
f 1015 982 995
f 997 981 998
f 998 1005 997
f 997 982 981
f 997 995 982
f 997 1005 1015
f 1015 995 997
f 1568 1588 1206
f 1206 1763 1568
f 1586 1196 1587
f 1586 1574 1196
f 956 958 951
f 951 907 956
f 840 958 956
f 956 907 840
f 839 907 959
f 1429 1430 1596
f 1596 1427 1429
f 1427 1428 1429
f 1429 1428 1526
f 1526 1527 1429
f 1429 1527 1430
f 913 940 933
f 933 935 913
f 905 906 839
f 839 953 905
f 919 906 905
f 1965 1420 1966
f 1966 1420 1517
f 1591 1600 1424
f 1424 1592 1591
f 1593 1425 1594
f 1424 1425 1593
f 1593 1592 1424
f 1603 1424 1597
f 1424 1598 1597
f 1424 1600 1599
f 1599 1598 1424
f 1423 1602 1601
f 1590 1422 1601
f 1601 1422 1423
f 1764 1952 1421
f 1421 1422 1764
f 1802 1862 1804
f 1804 1862 1822
f 1804 1803 1802
f 1804 1822 1803
f 1719 1716 1717
f 1716 1715 1717
f 1758 1749 1751
f 1751 1749 1750
f 1750 1752 1751
f 1751 1752 1731
f 38 1626 1629
f 43 540 38
f 38 1629 43
f 43 1629 1630
f 1628 1696 1692
f 1697 1696 1628
f 1699 1697 1690
f 1630 1629 1690
f 1690 1626 1699
f 1690 1629 1626
f 1620 1621 1816
f 1632 554 1828
f 1632 560 554
f 1632 46 551
f 551 560 1632
f 551 46 31
f 1692 1691 44
f 44 1628 1692
f 541 488 545
f 541 1691 488
f 541 44 1691
f 545 41 541
f 1661 1643 1693
f 1693 1694 1661
f 1412 1411 1383
f 1383 1411 1384
f 1383 1413 1412
f 1383 1384 1413
f 1404 1419 186
f 186 185 1404
f 1404 185 1407
f 1407 1297 1404
f 1418 1405 175
f 1388 1405 1418
f 1418 175 1400
f 1400 1388 1418
f 1407 185 1406
f 1406 1405 1408
f 1406 185 175
f 175 1405 1406
f 1408 1289 1406
f 1118 1115 882
f 1118 1109 1107
f 1107 1115 1118
f 1116 1115 1107
f 1117 1115 1116
f 1116 1113 1128
f 1128 1117 1116
f 228 227 732
f 732 236 228
f 240 239 242
f 730 729 240
f 240 242 730
f 729 238 240
f 240 238 226
f 226 239 240
f 292 225 229
f 229 225 227
f 227 228 229
f 229 235 292
f 236 235 229
f 229 228 236
f 227 225 224
f 224 225 238
f 224 238 733
f 733 732 224
f 732 227 224
f 339 362 338
f 341 339 338
f 338 337 341
f 363 337 338
f 338 305 363
f 362 305 338
f 307 277 264
f 264 362 307
f 264 277 279
f 279 362 264
f 304 362 265
f 265 362 279
f 265 305 304
f 222 268 221
f 291 296 290
f 290 294 291
f 288 305 290
f 290 305 294
f 1910 1911 1909
f 1909 1921 1910
f 1909 1911 1906
f 1927 1929 1928
f 1928 1929 1675
f 1928 1673 1927
f 1675 1673 1928
f 1676 1675 1947
f 1947 1677 1676
f 1667 1704 1676
f 1676 1677 1667
f 1702 1704 1667
f 1641 1642 1646
f 1662 1642 1641
f 1646 1652 1641
f 1641 1652 1640
f 1640 1659 1641
f 1641 1659 1662
f 1944 1943 1933
f 1943 1934 1933
f 1646 1642 1647
f 1647 1651 1646
f 1650 1651 1647
f 1638 1933 1639
f 1639 1933 1934
f 1916 1941 1917
f 1917 1651 1916
f 1916 1651 1650
f 1942 1941 1916
f 1916 1934 1942
f 1917 1919 1918
f 1660 1659 1649
f 1694 1659 1660
f 1649 1656 1660
f 1660 1656 1643
f 1643 1661 1660
f 1660 1661 1694
f 257 256 1906
f 1906 1911 257
f 257 1911 252
f 257 252 251
f 251 256 257
f 1541 56 1461
f 1461 55 1541
f 1544 54 361
f 1544 55 1461
f 1460 54 1544
f 370 1544 361
f 55 1544 370
f 370 1541 55
f 56 1541 370
f 287 335 306
f 268 335 287
f 366 367 364
f 364 306 366
f 306 335 366
f 366 267 368
f 366 268 267
f 366 335 268
f 1461 1441 1177
f 1182 1463 1183
f 1183 1448 1182
f 1182 1448 1447
f 1175 1458 1182
f 1458 1463 1182
f 1455 1449 1454
f 1455 1447 1449
f 1455 1182 1447
f 1454 1175 1455
f 1175 1182 1455
f 1184 1452 1451
f 1451 1459 1184
f 1476 1558 1464
f 1464 1458 1476
f 1464 1463 1458
f 341 337 312
f 312 311 341
f 309 311 312
f 314 697 699
f 697 698 699
f 700 309 699
f 699 309 314
f 699 659 700
f 662 659 699
f 699 696 662
f 699 698 696
f 327 355 298
f 298 356 327
f 299 356 298
f 343 299 298
f 298 344 343
f 355 344 298
f 326 323 325
f 354 323 321
f 315 308 349
f 349 318 315
f 349 344 348
f 348 344 354
f 718 716 717
f 717 719 718
f 716 318 717
f 198 200 736
f 740 727 736
f 736 727 726
f 1558 52 1565
f 1565 1464 1558
f 1463 1464 1565
f 333 196 726
f 333 330 332
f 333 331 330
f 154 149 152
f 152 153 154
f 152 685 153
f 149 151 152
f 687 685 152
f 151 686 152
f 152 686 687
f 753 687 688
f 687 686 688
f 688 686 690
f 1560 1557 1477
f 745 687 753
f 738 751 746
f 726 727 371
f 371 333 726
f 331 333 371
f 373 740 742
f 742 374 373
f 744 374 742
f 753 744 742
f 280 294 223
f 280 279 270
f 280 265 279
f 223 305 280
f 305 265 280
f 291 294 293
f 292 297 293
f 293 297 291
f 293 270 292
f 293 280 270
f 294 280 293
f 148 163 162
f 162 163 159
f 166 148 162
f 162 161 166
f 159 161 162
f 1363 1415 1366
f 1415 61 1366
f 1366 1364 1363
f 160 161 159
f 160 61 1415
f 160 1415 158
f 158 161 160
f 199 1561 198
f 52 1561 199
f 726 194 199
f 199 736 726
f 198 736 199
f 202 203 1556
f 1556 203 201
f 1556 201 1248
f 1556 1248 1230
f 1230 202 1556
f 78 116 81
f 81 116 74
f 81 82 77
f 81 477 78
f 77 477 81
f 74 116 65
f 65 116 67
f 68 116 79
f 67 116 68
f 79 487 68
f 73 74 84
f 83 82 73
f 73 81 74
f 82 81 73
f 215 212 211
f 211 209 215
f 1554 207 208
f 207 209 208
f 1553 1554 208
f 485 483 441
f 441 487 485
f 483 107 443
f 107 111 443
f 443 441 483
f 111 441 443
f 117 133 118
f 118 119 117
f 127 142 126
f 127 128 141
f 141 142 127
f 137 684 138
f 137 145 684
f 126 144 125
f 144 145 125
f 125 113 126
f 124 85 64
f 124 137 138
f 145 137 124
f 124 125 145
f 96 85 97
f 138 677 97
f 97 124 138
f 85 124 97
f 97 678 96
f 677 678 97
f 64 85 75
f 75 65 64
f 74 65 75
f 84 74 75
f 90 88 84
f 94 88 90
f 84 75 90
f 90 75 85
f 399 398 414
f 398 415 414
f 414 415 416
f 710 405 709
f 709 426 710
f 421 426 709
f 405 406 709
f 430 431 429
f 429 468 430
f 429 431 711
f 711 428 429
f 429 427 468
f 429 428 427
f 615 637 2
f 12 597 596
f 12 11 597
f 596 6 13
f 13 12 596
f 8 629 7
f 7 613 8
f 612 6 7
f 7 629 612
f 617 613 7
f 596 617 7
f 7 6 596
f 411 472 410
f 411 709 406
f 410 423 411
f 423 709 411
f 1210 1211 1217
f 1217 1219 1210
f 1165 1211 1210
f 1210 1219 1165
f 1215 1168 1169
f 1169 1216 1215
f 1169 1168 1214
f 1214 1216 1169
f 1218 1219 1217
f 1217 1216 1218
f 1167 1219 1218
f 1218 1216 1167
f 1554 1555 204
f 205 206 204
f 204 206 1554
f 204 201 205
f 204 1555 201
f 391 378 1546
f 638 632 639
f 674 670 675
f 675 705 674
f 675 672 676
f 675 670 672
f 676 702 675
f 702 705 675
f 654 649 651
f 661 649 654
f 26 573 27
f 27 532 26
f 27 573 24
f 662 696 658
f 658 650 662
f 651 650 658
f 22 25 569
f 22 20 25
f 19 574 660
f 660 20 19
f 20 22 19
f 21 661 536
f 21 20 661
f 536 25 21
f 25 20 21
f 592 106 594
f 594 1876 592
f 594 593 1876
f 501 104 105
f 105 106 501
f 104 594 105
f 105 594 106
f 99 593 100
f 593 594 100
f 100 98 99
f 100 501 98
f 539 550 543
f 543 542 539
f 543 37 38
f 38 542 543
f 36 561 35
f 36 550 561
f 37 543 36
f 36 543 550
f 36 1623 1624
f 1624 1625 36
f 36 1625 37
f 36 35 1622
f 1622 1623 36
f 520 1645 564
f 564 563 520
f 1645 563 564
f 254 566 567
f 254 261 566
f 567 256 254
f 255 261 254
f 251 255 254
f 254 256 251
f 690 691 694
f 652 524 525
f 525 526 652
f 524 526 525
f 17 528 527
f 17 28 528
f 17 571 572
f 572 28 17
f 790 789 1720
f 1720 791 790
f 790 791 792
f 790 788 789
f 790 792 788
f 1689 776 1618
f 776 1951 1618
f 1616 1688 1618
f 1618 1688 1689
f 1618 1960 1616
f 1959 1960 1618
f 1618 1951 1959
f 758 756 757
f 757 759 758
f 764 756 758
f 758 759 760
f 765 764 758
f 758 760 765
f 827 757 828
f 827 759 757
f 825 826 827
f 826 759 827
f 964 963 1009
f 964 967 963
f 965 967 964
f 91 88 92
f 1897 91 92
f 92 1895 1897
f 84 88 89
f 83 73 89
f 89 73 84
f 89 87 83
f 86 87 89
f 89 88 86
f 72 87 71
f 71 87 86
f 71 86 70
f 70 101 71
f 98 604 71
f 71 604 72
f 71 101 102
f 99 98 71
f 71 102 99
f 849 851 846
f 851 844 846
f 847 849 846
f 846 845 847
f 846 844 845
f 1371 1488 1372
f 1372 1488 1374
f 1372 1324 1371
f 1374 1324 1372
f 1489 1488 1371
f 1487 1488 1489
f 1489 1482 1487
f 1371 1326 1489
f 1326 1482 1489
f 1360 159 1481
f 1481 1362 1360
f 1360 1362 159
f 1417 160 159
f 61 160 1417
f 1353 1352 1350
f 1354 1352 1353
f 1350 1349 1353
f 1349 1399 1353
f 1399 1398 1353
f 1353 1398 1354
f 167 168 189
f 189 188 167
f 1190 168 167
f 1287 188 171
f 171 188 187
f 171 172 1287
f 171 187 172
f 170 1287 1190
f 170 188 1287
f 1190 167 170
f 170 167 188
f 1516 1498 1533
f 1516 1532 1514
f 1516 1533 1532
f 1514 1499 1516
f 1499 1494 1516
f 1494 1498 1516
f 1536 1470 1453
f 1453 1452 1442
f 1453 1451 1452
f 1453 1470 1449
f 1449 1451 1453
f 1139 1140 1138
f 1141 1142 1139
f 1142 1140 1139
f 1139 1138 897
f 1511 1510 1139
f 1139 1510 1141
f 1139 897 1511
f 1150 898 1137
f 1137 898 1138
f 1137 1136 1150
f 1137 1138 1136
f 1038 1041 1079
f 1041 1077 1079
f 1081 1038 1079
f 1079 1082 1081
f 1079 1080 1082
f 1078 1080 1079
f 1079 1077 1078
f 1025 1026 1029
f 1029 1129 1025
f 1025 1129 1026
f 1001 1000 1002
f 1002 973 1001
f 1000 973 1002
f 955 959 907
f 955 951 950
f 955 907 951
f 950 932 954
f 954 955 950
f 959 955 954
f 919 905 918
f 942 919 918
f 918 948 942
f 918 953 948
f 918 905 953
f 1517 1421 1967
f 1967 1966 1517
f 1421 1952 1967
f 1589 1422 1590
f 1589 1764 1422
f 1818 1752 1750
f 1818 1750 1787
f 1818 1788 1789
f 1787 1788 1818
f 1731 1752 1727
f 1727 1729 1731
f 1820 813 1727
f 1727 813 1728
f 1728 802 1727
f 802 1729 1727
f 1731 1729 1732
f 1733 1713 1758
f 1758 1751 1733
f 1733 1751 1731
f 1731 1732 1733
f 42 41 545
f 42 44 41
f 1628 44 42
f 42 43 1630
f 545 540 42
f 540 43 42
f 1630 1690 1631
f 1631 42 1630
f 1628 42 1631
f 1621 1620 1619
f 34 1621 1619
f 1816 1622 1619
f 1619 1620 1816
f 1622 35 1619
f 35 34 1619
f 46 1632 1817
f 1828 1621 1817
f 1817 1632 1828
f 551 31 32
f 32 560 551
f 33 560 32
f 41 44 40
f 40 541 41
f 1419 1404 1380
f 1380 1404 1297
f 1380 1297 1188
f 1188 1296 1380
f 1380 172 1419
f 1380 1296 172
f 1279 1270 1281
f 1279 1276 1270
f 1188 1297 1298
f 1298 1299 1188
f 1298 1289 1299
f 1298 1406 1289
f 1298 1297 1407
f 1407 1406 1298
f 1408 1411 1410
f 1410 1289 1408
f 881 1118 882
f 1109 1118 881
f 880 1109 881
f 883 880 881
f 904 883 881
f 882 1258 881
f 881 1262 904
f 881 1258 1262
f 1106 1116 1107
f 1113 1116 1106
f 1108 1113 1106
f 1106 1105 1108
f 1107 1105 1106
f 232 222 220
f 222 221 220
f 220 219 232
f 220 296 219
f 220 221 296
f 288 290 289
f 289 290 296
f 289 306 288
f 296 221 289
f 1902 1645 1657
f 1657 1903 1902
f 1657 1644 1656
f 1645 1644 1657
f 1657 1656 1654
f 1904 1909 1906
f 1906 1905 1904
f 1904 1905 1902
f 1902 1903 1904
f 1921 1909 1920
f 1920 1919 1921
f 1920 1918 1919
f 1931 1677 1930
f 1677 1947 1930
f 1930 1945 1931
f 1929 1945 1930
f 1675 1929 1930
f 1930 1947 1675
f 1635 1647 1642
f 1678 1667 1677
f 1677 1636 1678
f 1636 1635 1678
f 1637 1677 1931
f 1931 1636 1637
f 1637 1636 1677
f 1664 1642 1662
f 1944 1933 1932
f 1932 1945 1944
f 1931 1945 1932
f 1932 1636 1931
f 1648 1647 1638
f 1650 1647 1648
f 1638 1639 1648
f 1648 1639 1934
f 1934 1916 1648
f 1648 1916 1650
f 1460 1544 1181
f 1446 1445 1181
f 1181 1180 1460
f 361 359 360
f 360 370 361
f 360 359 358
f 358 367 360
f 295 221 268
f 268 287 295
f 295 289 221
f 295 287 306
f 306 289 295
f 1461 1177 1178
f 1446 1181 1178
f 1178 1544 1461
f 1178 1181 1544
f 1176 1177 1441
f 1446 1178 1176
f 1176 1178 1177
f 1442 1180 1443
f 1443 1453 1442
f 1180 1181 1443
f 1443 1181 1445
f 1449 1448 1450
f 1450 1451 1449
f 1450 1448 1183
f 1183 1459 1450
f 1459 1451 1450
f 342 299 343
f 342 337 299
f 342 312 337
f 343 308 310
f 310 342 343
f 312 342 310
f 309 312 310
f 314 309 310
f 310 308 314
f 324 326 373
f 323 326 324
f 373 374 324
f 328 326 325
f 316 697 314
f 314 308 316
f 308 315 316
f 716 697 316
f 316 318 716
f 316 315 318
f 317 318 349
f 349 348 317
f 354 321 353
f 353 348 354
f 353 321 320
f 348 353 347
f 195 194 726
f 726 196 195
f 195 1564 1566
f 196 1564 195
f 196 333 197
f 197 332 58
f 197 333 332
f 1463 1565 1563
f 1462 1463 1563
f 1563 1564 1462
f 1563 1565 1566
f 1566 1564 1563
f 692 744 753
f 753 688 692
f 1559 1560 1477
f 1559 1477 1478
f 1478 751 1559
f 751 738 1559
f 49 1557 48
f 1557 1560 48
f 737 745 741
f 740 736 741
f 741 736 200
f 739 685 687
f 687 745 739
f 739 745 737
f 737 738 739
f 750 738 737
f 1560 738 750
f 750 737 49
f 49 48 750
f 320 321 322
f 322 324 374
f 322 321 323
f 323 324 322
f 719 717 715
f 320 322 375
f 375 322 374
f 375 374 744
f 744 721 375
f 1364 1366 1361
f 1361 1366 61
f 1361 1480 1364
f 61 1417 1361
f 1361 1362 1480
f 159 1362 1361
f 193 199 194
f 194 1567 193
f 64 65 63
f 63 65 67
f 67 113 63
f 113 125 63
f 63 124 64
f 125 124 63
f 80 68 487
f 210 208 209
f 210 211 212
f 209 211 210
f 210 212 1553
f 1553 208 210
f 1163 1225 1229
f 1228 444 1538
f 1538 454 1228
f 445 444 1228
f 1195 445 1228
f 1228 1229 1195
f 1228 1163 1229
f 1164 1163 1228
f 487 441 442
f 123 441 111
f 123 121 441
f 119 121 123
f 123 111 107
f 107 119 123
f 95 85 96
f 95 90 85
f 95 96 1898
f 95 1898 1896
f 1896 94 95
f 94 90 95
f 424 423 410
f 410 425 424
f 425 421 424
f 421 709 422
f 422 709 423
f 422 424 421
f 423 424 422
f 3 615 1
f 615 2 1
f 636 2 637
f 636 644 2
f 636 637 641
f 641 644 636
f 628 611 14
f 14 13 6
f 412 406 399
f 412 411 406
f 469 472 412
f 472 411 412
f 217 378 216
f 217 1546 378
f 216 1549 217
f 1549 1546 217
f 1549 1548 218
f 218 1546 1549
f 218 1548 391
f 391 1546 218
f 647 645 648
f 647 638 645
f 647 626 625
f 625 630 647
f 647 648 674
f 674 626 647
f 647 630 632
f 632 638 647
f 639 4 640
f 640 638 639
f 532 654 533
f 651 653 533
f 533 654 651
f 533 30 26
f 26 532 533
f 661 654 535
f 535 27 24
f 574 19 18
f 570 574 18
f 103 104 501
f 501 100 103
f 103 594 104
f 103 100 594
f 259 258 565
f 520 258 259
f 520 563 262
f 262 258 520
f 262 563 565
f 565 258 262
f 718 719 722
f 722 696 718
f 722 658 696
f 16 527 15
f 16 17 527
f 15 571 16
f 571 17 16
f 824 828 823
f 824 827 828
f 823 819 824
f 819 817 824
f 824 817 825
f 825 827 824
f 93 88 94
f 93 92 88
f 1895 92 93
f 1896 1895 93
f 93 94 1896
f 960 954 932
f 942 839 960
f 960 932 942
f 839 959 960
f 959 954 960
f 1789 1860 1819
f 1819 1818 1789
f 1752 1818 1819
f 1819 1860 1820
f 1820 1727 1819
f 1819 1727 1752
f 1730 1732 1729
f 1721 1719 1730
f 1719 1717 1730
f 1717 1732 1730
f 1730 1729 802
f 1730 801 1721
f 1730 802 801
f 1713 1733 1714
f 1714 1715 1712
f 1712 1713 1714
f 1714 1717 1715
f 1714 1732 1717
f 1714 1733 1732
f 1628 1631 1627
f 1627 1631 1690
f 1697 1628 1627
f 1627 1690 1697
f 45 1817 1621
f 45 32 31
f 45 31 46
f 46 1817 45
f 1621 33 45
f 33 32 45
f 44 541 39
f 39 40 44
f 541 40 39
f 1280 1279 1281
f 1299 1279 1280
f 1281 1282 1280
f 1280 1282 1189
f 1189 1188 1280
f 1188 1299 1280
f 1299 1289 1290
f 1289 1410 1290
f 1409 1411 1412
f 1409 1410 1411
f 1409 1290 1410
f 1412 1413 1409
f 1909 1904 1907
f 1907 1920 1909
f 1907 1904 1903
f 1918 1920 1653
f 1646 1651 1653
f 1653 1652 1646
f 1653 1651 1917
f 1917 1918 1653
f 1702 1667 1663
f 1663 1700 1702
f 1663 1662 1700
f 1663 1664 1662
f 1663 1671 1642
f 1642 1664 1663
f 1638 1647 1634
f 1647 1635 1634
f 1634 1635 1636
f 1636 1932 1634
f 1634 1933 1638
f 1634 1932 1933
f 1668 1635 1669
f 1669 1663 1668
f 1665 1678 1635
f 1667 1678 1665
f 370 360 369
f 56 370 369
f 369 360 367
f 368 1540 369
f 369 1540 56
f 369 366 368
f 367 366 369
f 1446 1176 1444
f 1444 1445 1446
f 1441 1536 1444
f 1444 1176 1441
f 1536 1453 1444
f 1444 1443 1445
f 1453 1443 1444
f 329 325 327
f 329 328 325
f 327 331 329
f 331 371 329
f 373 326 372
f 326 328 372
f 372 371 727
f 372 329 371
f 328 329 372
f 372 740 373
f 372 727 740
f 302 717 318
f 318 317 302
f 302 715 717
f 50 1565 52
f 50 1567 1565
f 51 1567 194
f 51 195 1566
f 194 195 51
f 1566 1565 51
f 1565 1567 51
f 57 1564 196
f 196 197 57
f 1462 1564 57
f 58 1462 57
f 57 197 58
f 1562 738 1560
f 1560 1559 1562
f 1562 1559 738
f 200 1561 749
f 749 741 200
f 749 1561 49
f 49 737 749
f 737 741 749
f 740 741 743
f 753 742 743
f 743 742 740
f 743 745 753
f 743 741 745
f 747 738 746
f 747 739 738
f 747 746 146
f 146 155 747
f 747 155 153
f 153 685 747
f 685 739 747
f 53 48 1560
f 1560 750 53
f 53 750 48
f 348 347 319
f 719 715 720
f 721 724 720
f 346 319 347
f 714 375 721
f 721 720 714
f 714 720 715
f 62 1417 159
f 159 1361 62
f 62 1361 1417
f 67 68 66
f 133 129 132
f 132 118 133
f 441 121 76
f 76 442 441
f 487 442 76
f 610 612 628
f 628 14 610
f 610 6 612
f 610 14 6
f 13 14 10
f 11 12 10
f 12 13 10
f 10 14 611
f 10 611 634
f 634 609 10
f 609 11 10
f 469 412 471
f 416 469 471
f 471 414 416
f 3 1 643
f 643 644 641
f 2 644 643
f 643 1 2
f 641 645 643
f 653 530 529
f 529 533 653
f 529 530 29
f 29 30 529
f 30 533 529
f 532 27 531
f 27 535 531
f 531 654 532
f 531 535 654
f 536 661 534
f 661 535 534
f 534 535 24
f 534 25 536
f 24 25 534
f 23 569 570
f 570 18 23
f 23 22 569
f 23 19 22
f 23 18 19
f 260 261 520
f 520 259 260
f 565 261 260
f 260 259 565
f 694 724 693
f 690 694 693
f 693 688 690
f 693 692 688
f 725 721 744
f 725 724 721
f 744 692 725
f 692 693 725
f 725 693 724
f 723 724 694
f 723 722 719
f 719 720 723
f 723 720 724
f 658 722 695
f 695 657 651
f 651 658 695
f 695 691 657
f 695 694 691
f 695 723 694
f 722 723 695
f 1291 1279 1299
f 1299 1290 1291
f 1276 1279 1291
f 1291 1293 1276
f 1920 1907 1655
f 1652 1653 1655
f 1655 1653 1920
f 1654 1652 1655
f 1655 1907 1903
f 1655 1657 1654
f 1903 1657 1655
f 1671 1663 1670
f 1670 1663 1669
f 1642 1671 1670
f 1670 1635 1642
f 1669 1635 1670
f 1635 1668 1666
f 1666 1665 1635
f 1666 1668 1663
f 1666 1663 1667
f 1667 1665 1666
f 303 317 348
f 303 302 317
f 192 193 1567
f 1567 50 192
f 192 50 52
f 52 199 192
f 199 193 192
f 352 346 347
f 352 353 320
f 352 347 353
f 376 714 715
f 320 375 376
f 375 714 376
f 68 80 130
f 130 66 68
f 131 66 130
f 130 80 487
f 114 113 67
f 67 66 114
f 126 113 114
f 114 127 126
f 128 127 114
f 120 132 131
f 120 121 119
f 119 118 120
f 118 132 120
f 1224 1163 1164
f 1225 1163 1224
f 1224 1226 1225
f 1227 1226 1170
f 1225 1226 1227
f 1220 1225 1227
f 1227 1171 1220
f 1170 1171 1227
f 413 412 399
f 413 471 412
f 399 414 413
f 414 471 413
f 3 643 642
f 642 4 3
f 642 640 4
f 642 643 645
f 645 638 642
f 638 640 642
f 1293 1291 1292
f 1292 1291 1290
f 1294 1293 1292
f 1292 1413 1294
f 1292 1409 1413
f 1290 1409 1292
f 348 319 301
f 301 303 348
f 715 302 301
f 302 303 301
f 320 376 351
f 351 352 320
f 346 352 351
f 131 130 136
f 136 76 121
f 487 76 136
f 136 130 487
f 121 120 136
f 136 120 131
f 128 114 115
f 131 132 115
f 115 66 131
f 115 114 66
f 129 128 115
f 115 132 129
f 1174 1224 1164
f 1226 1224 1174
f 1164 1228 1174
f 1170 1226 1174
f 1174 454 1170
f 1174 1228 454
f 345 376 715
f 319 346 345
f 715 301 345
f 345 301 319
f 350 351 376
f 376 345 350
f 346 351 350
f 350 345 346
f 1016 1017 837
f 837 836 1016
f 836 837 810
f 810 837 809
f 1085 1017 1016
f 1085 1084 1017
f 811 810 809
f 811 809 807
f 805 813 812
f 803 813 805
f 805 811 807
f 812 811 805
f 1033 1035 1049
f 1049 1052 1033
f 1032 1035 1033
f 1032 1033 1034
f 1086 1043 1042
f 1086 1042 1083
f 1084 1085 1086
f 1083 1084 1086
f 1041 1032 1034
f 1030 1032 1041
f 1030 1041 1037
f 1037 1041 1038
f 1042 1043 1037
f 1037 1038 1042
f 1052 1049 1050
f 1050 1051 1052
f 876 875 873
f 873 872 876
f 1051 1050 876
f 872 1051 876
f 1581 1582 1586
f 1580 1581 1586
f 1586 1607 1606
f 1968 1969 1586
f 1586 1972 1973
f 1973 1974 1586
f 1586 1585 1571
f 1579 1580 1586
f 1609 1608 1586
f 1586 1971 1976
f 1576 1577 1586
f 1978 1972 1586
f 1608 1607 1586
f 1586 1610 1609
f 1586 1578 1579
f 1575 1576 1586
f 1586 1977 1978
f 1586 1577 1578
f 1612 1610 1586
f 1974 1975 1586
f 1586 1614 1612
f 1606 1605 1586
f 1976 1977 1586
f 1571 1570 1586
f 1586 1582 1583
f 1586 1605 1575
f 1970 1971 1586
f 1586 1969 1970
f 1975 1614 1586
f 1586 1572 1573
f 1586 1763 1968
f 1583 1584 1586
f 1586 1569 1572
f 1587 1588 1586
f 1584 1585 1586
f 1586 1570 1569
f 1573 1574 1586
f 1588 1568 1586
f 1586 1568 1763
f 939 935 933
f 940 939 933
f 961 965 964
f 964 1009 961
f 1589 1762 1964
f 1594 1595 1589
f 1954 1953 1589
f 1589 1602 1603
f 1589 1963 1962
f 1589 1955 1954
f 1161 1160 1589
f 1956 1955 1589
f 1589 1957 1956
f 1589 1953 1965
f 1589 1964 1963
f 1158 1157 1589
f 1589 1958 1957
f 1589 1159 1158
f 1589 1959 1958
f 1962 1961 1589
f 1589 1156 1762
f 1589 1162 1161
f 1160 1159 1589
f 1589 1960 1959
f 1589 1593 1594
f 1596 1604 1589
f 1589 1961 1960
f 1600 1591 1589
f 1604 1162 1589
f 1157 1156 1589
f 1589 1595 1596
f 1590 1601 1589
f 1965 1966 1589
f 1603 1597 1589
f 1589 1599 1600
f 1589 1967 1952
f 1589 1591 1592
f 1592 1593 1589
f 1589 1597 1598
f 1598 1599 1589
f 1589 1601 1602
f 1952 1764 1589
f 1966 1967 1589
