v -0.010745 0.079001 -0.025751
v -0.012047 0.088893 -0.014552
v -0.011370 0.088982 -0.014552
v -0.011963 0.088256 -0.017585
v -0.011287 0.088345 -0.017585
v -0.011925 0.087966 -0.018349
v -0.011248 0.088056 -0.018349
v -0.011791 0.086950 -0.020289
v -0.011115 0.087039 -0.020289
v -0.011656 0.085922 -0.021672
v -0.010979 0.086011 -0.021672
v -0.011556 0.085163 -0.022482
v -0.010879 0.085252 -0.022482
v -0.011287 0.083119 -0.024095
v -0.010610 0.083208 -0.024095
v -0.011266 0.082959 -0.024195
v -0.010589 0.083048 -0.024195
v -0.011011 0.081018 -0.025156
v -0.010334 0.081107 -0.025156
v -0.010793 0.079369 -0.025670
v -0.010117 0.079458 -0.025670
v -0.010068 0.079090 -0.025751
v -0.048761 0.063547 -0.025671
v -0.049032 0.063339 -0.025670
v -0.050966 0.066420 -0.024195
v -0.051236 0.066212 -0.024195
v -0.052785 0.068791 -0.021672
v -0.053055 0.068582 -0.021672
v -0.054040 0.070427 -0.018349
v -0.054311 0.070218 -0.018349
v -0.054609 0.071168 -0.014552
v -0.054880 0.070960 -0.014552
v -0.048490 0.063754 -0.025670
v -0.050695 0.066627 -0.024195
v -0.052514 0.068998 -0.021672
v -0.053769 0.070634 -0.018349
v -0.054338 0.071376 -0.014552
v -0.074001 0.030652 -0.025671
v -0.074132 0.030337 -0.025670
v -0.077347 0.032038 -0.024195
v -0.077478 0.031723 -0.024195
v -0.080108 0.033182 -0.021672
v -0.080238 0.032866 -0.021672
v -0.082014 0.033971 -0.018349
v -0.082144 0.033656 -0.018349
v -0.082877 0.034329 -0.014552
v -0.083007 0.034013 -0.014552
v -0.073871 0.030968 -0.025670
v -0.077216 0.032354 -0.024195
v -0.079977 0.033497 -0.021672
v -0.081883 0.034286 -0.018349
v -0.082746 0.034644 -0.014552
v -0.079413 -0.010455 -0.025671
v -0.079369 -0.010793 -0.025670
v -0.083004 -0.010928 -0.024195
v -0.082959 -0.011266 -0.024195
v -0.085967 -0.011318 -0.021672
v -0.085922 -0.011656 -0.021672
v -0.088012 -0.011587 -0.018349
v -0.087966 -0.011925 -0.018349
v -0.088938 -0.011709 -0.014552
v -0.088893 -0.012047 -0.014552
v -0.079458 -0.010117 -0.025670
v -0.083048 -0.010589 -0.024195
v -0.086011 -0.010979 -0.021672
v -0.088056 -0.011248 -0.018349
v -0.088982 -0.011370 -0.014552
v -0.063547 -0.048761 -0.025671
v -0.063339 -0.049032 -0.025670
v -0.066420 -0.050966 -0.024195
v -0.066212 -0.051236 -0.024195
v -0.068791 -0.052785 -0.021672
v -0.068582 -0.053055 -0.021672
v -0.070427 -0.054040 -0.018349
v -0.070218 -0.054311 -0.018349
v -0.071168 -0.054609 -0.014552
v -0.070960 -0.054880 -0.014552
v -0.063754 -0.048490 -0.025670
v -0.066627 -0.050695 -0.024195
v -0.068998 -0.052514 -0.021672
v -0.070634 -0.053769 -0.018349
v -0.071376 -0.054338 -0.014552
v -0.030652 -0.074001 -0.025671
v -0.030337 -0.074132 -0.025670
v -0.032038 -0.077347 -0.024195
v -0.031723 -0.077478 -0.024195
v -0.033182 -0.080108 -0.021672
v -0.032866 -0.080238 -0.021672
v -0.033971 -0.082014 -0.018349
v -0.033656 -0.082144 -0.018349
v -0.034329 -0.082877 -0.014552
v -0.034013 -0.083007 -0.014552
v -0.030968 -0.073871 -0.025670
v -0.032354 -0.077216 -0.024195
v -0.033497 -0.079977 -0.021672
v -0.034286 -0.081883 -0.018349
v -0.034644 -0.082746 -0.014552
v 0.010455 -0.079413 -0.025671
v 0.010793 -0.079369 -0.025670
v 0.010928 -0.083004 -0.024195
v 0.011266 -0.082959 -0.024195
v 0.011318 -0.085967 -0.021672
v 0.011656 -0.085922 -0.021672
v 0.011587 -0.088012 -0.018349
v 0.011925 -0.087966 -0.018349
v 0.011709 -0.088938 -0.014552
v 0.012047 -0.088893 -0.014552
v 0.010117 -0.079458 -0.025670
v 0.010589 -0.083048 -0.024195
v 0.010979 -0.086011 -0.021672
v 0.011248 -0.088056 -0.018349
v 0.011370 -0.088982 -0.014552
v 0.048264 -0.063460 -0.025751
v 0.048806 -0.063044 -0.025751
v 0.048490 -0.063754 -0.025670
v 0.049032 -0.063339 -0.025670
v 0.049503 -0.065074 -0.025156
v 0.050045 -0.064659 -0.025156
v 0.050695 -0.066627 -0.024195
v 0.051236 -0.066212 -0.024195
v 0.050793 -0.066756 -0.024095
v 0.051335 -0.066340 -0.024095
v 0.052048 -0.068390 -0.022482
v 0.052589 -0.067975 -0.022482
v 0.052514 -0.068998 -0.021672
v 0.053055 -0.068582 -0.021672
v 0.053145 -0.069820 -0.020289
v 0.053686 -0.069405 -0.020289
v 0.053769 -0.070634 -0.018349
v 0.054311 -0.070218 -0.018349
v 0.053947 -0.070866 -0.017585
v 0.054489 -0.070451 -0.017585
v 0.054338 -0.071376 -0.014552
v 0.054880 -0.070960 -0.014552
v 0.073528 -0.030826 -0.025751
v 0.073789 -0.030195 -0.025751
v 0.073871 -0.030968 -0.025670
v 0.074132 -0.030337 -0.025670
v 0.075408 -0.031604 -0.025156
v 0.075669 -0.030974 -0.025156
v 0.077216 -0.032354 -0.024195
v 0.077478 -0.031723 -0.024195
v 0.077366 -0.032415 -0.024095
v 0.077627 -0.031785 -0.024095
v 0.079270 -0.033204 -0.022482
v 0.079531 -0.032573 -0.022482
v 0.079977 -0.033497 -0.021672
v 0.080238 -0.032866 -0.021672
v 0.080935 -0.033894 -0.020289
v 0.081196 -0.033263 -0.020289
v 0.081883 -0.034286 -0.018349
v 0.082144 -0.033656 -0.018349
v 0.082153 -0.034398 -0.017585
v 0.082414 -0.033768 -0.017585
v 0.082746 -0.034644 -0.014552
v 0.083007 -0.034013 -0.014552
v 0.079413 0.010455 -0.025671
v 0.079369 0.010793 -0.025670
v 0.083004 0.010928 -0.024195
v 0.082959 0.011266 -0.024195
v 0.085967 0.011318 -0.021672
v 0.085922 0.011656 -0.021672
v 0.088012 0.011587 -0.018349
v 0.087966 0.011925 -0.018349
v 0.088938 0.011709 -0.014552
v 0.088893 0.012047 -0.014552
v 0.079458 0.010117 -0.025670
v 0.083048 0.010589 -0.024195
v 0.086011 0.010979 -0.021672
v 0.088056 0.011248 -0.018349
v 0.088982 0.011370 -0.014552
v 0.063547 0.048761 -0.025671
v 0.063339 0.049032 -0.025670
v 0.066420 0.050966 -0.024195
v 0.066212 0.051236 -0.024195
v 0.068791 0.052785 -0.021672
v 0.068582 0.053055 -0.021672
v 0.070427 0.054040 -0.018349
v 0.070218 0.054311 -0.018349
v 0.071168 0.054609 -0.014552
v 0.070960 0.054880 -0.014552
v 0.063754 0.048490 -0.025670
v 0.066627 0.050695 -0.024195
v 0.068998 0.052514 -0.021672
v 0.070634 0.053769 -0.018349
v 0.071376 0.054338 -0.014552
v 0.030652 0.074001 -0.025671
v 0.030337 0.074132 -0.025670
v 0.032038 0.077347 -0.024195
v 0.031723 0.077478 -0.024195
v 0.033182 0.080108 -0.021672
v 0.032866 0.080238 -0.021672
v 0.033971 0.082014 -0.018349
v 0.033656 0.082144 -0.018349
v 0.034329 0.082877 -0.014552
v 0.034013 0.083007 -0.014552
v 0.030968 0.073871 -0.025670
v 0.032354 0.077216 -0.024195
v 0.033497 0.079977 -0.021672
v 0.034286 0.081883 -0.018349
v 0.034644 0.082746 -0.014552
v 0.031673 0.081583 -0.020627
v 0.030834 0.079556 -0.023035
v 0.029785 0.077023 -0.024793
v -0.008513 0.079664 -0.025650
v -0.008835 0.082107 -0.024793
v -0.009193 0.084826 -0.023035
v -0.008985 0.083249 -0.024177
v -0.009479 0.087000 -0.020627
v -0.009374 0.086206 -0.021658
v -0.009643 0.088247 -0.018341
v -0.013361 0.086489 -0.020627
v -0.013526 0.087736 -0.018341
v -0.013075 0.084315 -0.023035
v -0.013257 0.085695 -0.021658
v -0.012396 0.079153 -0.025650
v -0.012717 0.081596 -0.024793
v -0.012868 0.082737 -0.024177
v -0.047205 0.064735 -0.025650
v -0.048705 0.066689 -0.024793
v -0.050374 0.068865 -0.023035
v -0.049406 0.067603 -0.024177
v -0.051709 0.070605 -0.020627
v -0.051222 0.069970 -0.021658
v -0.052475 0.071603 -0.018341
v -0.068221 -0.054816 -0.020627
v -0.066481 -0.053481 -0.023035
v -0.064305 -0.051811 -0.024793
v 0.008835 -0.082107 -0.024793
v 0.009193 -0.084826 -0.023035
v 0.009479 -0.087000 -0.020627
v 0.013361 -0.086489 -0.020627
v 0.013075 -0.084315 -0.023035
v 0.012717 -0.081596 -0.024793
v 0.054816 -0.068221 -0.020627
v 0.055582 -0.069219 -0.018341
v 0.053481 -0.066481 -0.023035
v 0.054328 -0.067586 -0.021658
v 0.050311 -0.062351 -0.025650
v 0.051811 -0.064305 -0.024793
v 0.052512 -0.065219 -0.024177
v 0.073248 -0.032460 -0.025650
v 0.075524 -0.033402 -0.024793
v 0.078057 -0.034452 -0.023035
v 0.076588 -0.033843 -0.024177
v 0.080084 -0.035291 -0.020627
v 0.079344 -0.034985 -0.021658
v 0.081246 -0.035773 -0.018341
v 0.081583 -0.031673 -0.020627
v 0.082745 -0.032155 -0.018341
v 0.079556 -0.030834 -0.023035
v 0.080843 -0.031367 -0.021658
v 0.074746 -0.028842 -0.025650
v 0.077023 -0.029785 -0.024793
v 0.078086 -0.030225 -0.024177
v 0.079664 0.008513 -0.025650
v 0.082107 0.008835 -0.024793
v 0.084826 0.009193 -0.023035
v 0.083249 0.008985 -0.024177
v 0.087000 0.009479 -0.020627
v 0.086206 0.009374 -0.021658
v 0.088247 0.009643 -0.018341
v 0.086489 0.013361 -0.020627
v 0.087736 0.013526 -0.018341
v 0.084315 0.013075 -0.023035
v 0.085695 0.013257 -0.021658
v 0.079153 0.012396 -0.025650
v 0.081596 0.012717 -0.024793
v 0.082737 0.012868 -0.024177
v 0.068221 0.054816 -0.020627
v 0.069219 0.055582 -0.018341
v 0.066481 0.053481 -0.023035
v 0.067586 0.054328 -0.021658
v 0.062351 0.050311 -0.025650
v 0.064305 0.051811 -0.024793
v 0.065219 0.052512 -0.024177
v 0.032460 0.073248 -0.025650
v 0.033402 0.075524 -0.024793
v 0.034452 0.078057 -0.023035
v 0.033843 0.076588 -0.024177
v 0.035291 0.080084 -0.020627
v 0.034985 0.079344 -0.021658
v 0.035773 0.081246 -0.018341
v 0.032507 0.083609 -0.014550
v 0.032235 0.082968 -0.017733
v 0.032502 0.083611 -0.014550
v 0.028587 0.074159 -0.025782
v 0.028831 0.074750 -0.025650
v 0.029774 0.077027 -0.024793
v 0.030215 0.078091 -0.024177
v 0.030824 0.079560 -0.023035
v 0.031357 0.080847 -0.021658
v 0.031663 0.081587 -0.020626
v 0.032144 0.082749 -0.018341
v -0.008419 0.079036 -0.025781
v -0.008824 0.082108 -0.024793
v -0.008419 0.079031 -0.025782
v -0.009468 0.087002 -0.020626
v -0.009663 0.088483 -0.017738
v -0.009663 0.088484 -0.017733
v -0.009759 0.089173 -0.014550
v -0.009754 0.089174 -0.014550
v -0.008995 0.083410 -0.024077
v -0.009182 0.084827 -0.023035
v -0.013653 0.088661 -0.014550
v -0.013658 0.088660 -0.014550
v -0.013567 0.087970 -0.017733
v -0.012323 0.078517 -0.025782
v -0.012324 0.078522 -0.025781
v -0.012728 0.081594 -0.024793
v -0.013567 0.087969 -0.017738
v -0.013372 0.086488 -0.020626
v -0.013086 0.084313 -0.023035
v -0.012899 0.082896 -0.024077
v -0.046810 0.064238 -0.025781
v -0.046806 0.064234 -0.025782
v -0.048696 0.066696 -0.024793
v -0.051700 0.070612 -0.020626
v -0.052610 0.071797 -0.017738
v -0.052611 0.071798 -0.017733
v -0.053039 0.072347 -0.014550
v -0.053034 0.072350 -0.014550
v -0.050365 0.068871 -0.023035
v -0.055768 0.069444 -0.017578
v -0.056158 0.069953 -0.014550
v -0.054967 0.068400 -0.020278
v -0.055590 0.069212 -0.018341
v -0.052521 0.065212 -0.024177
v -0.052619 0.065340 -0.024077
v -0.053872 0.066972 -0.022467
v -0.054337 0.067579 -0.021658
v -0.051331 0.063662 -0.025137
v -0.050320 0.062344 -0.025650
v -0.050095 0.062050 -0.025731
v -0.073243 0.032470 -0.025650
v -0.073246 0.032465 -0.025650
v -0.076584 0.033853 -0.024177
v -0.076586 0.033848 -0.024177
v -0.079340 0.034995 -0.021658
v -0.079342 0.034990 -0.021658
v -0.081242 0.035783 -0.018341
v -0.081244 0.035778 -0.018341
v -0.082104 0.036140 -0.014550
v -0.082106 0.036135 -0.014550
v -0.083611 0.032502 -0.014550
v -0.083609 0.032507 -0.014550
v -0.082749 0.032144 -0.018341
v -0.082747 0.032150 -0.018341
v -0.080847 0.031357 -0.021658
v -0.080845 0.031362 -0.021658
v -0.078091 0.030215 -0.024177
v -0.078089 0.030220 -0.024177
v -0.074750 0.028831 -0.025650
v -0.074748 0.028836 -0.025650
v -0.079298 -0.008454 -0.025731
v -0.079665 -0.008502 -0.025650
v -0.081312 -0.008719 -0.025137
v -0.083250 -0.008974 -0.024177
v -0.083410 -0.008995 -0.024077
v -0.085450 -0.009264 -0.022467
v -0.087234 -0.009499 -0.020278
v -0.086208 -0.009363 -0.021658
v -0.088538 -0.009670 -0.017578
v -0.088249 -0.009632 -0.018341
v -0.089174 -0.009754 -0.014550
v -0.088660 -0.013658 -0.014550
v -0.088661 -0.013653 -0.014550
v -0.087735 -0.013536 -0.018341
v -0.087736 -0.013531 -0.018341
v -0.085694 -0.013268 -0.021658
v -0.085694 -0.013262 -0.021658
v -0.082736 -0.012878 -0.024177
v -0.082737 -0.012873 -0.024177
v -0.079151 -0.012406 -0.025650
v -0.079152 -0.012401 -0.025650
v -0.064741 -0.047196 -0.025650
v -0.064738 -0.047200 -0.025650
v -0.067610 -0.049397 -0.024177
v -0.067606 -0.049401 -0.024177
v -0.069976 -0.051213 -0.021658
v -0.069973 -0.051217 -0.021658
v -0.071610 -0.052466 -0.018341
v -0.071606 -0.052471 -0.018341
v -0.072350 -0.053034 -0.014550
v -0.072347 -0.053039 -0.014550
v -0.069956 -0.056154 -0.014550
v -0.069401 -0.055735 -0.017733
v -0.069953 -0.056158 -0.014550
v -0.061836 -0.049931 -0.025782
v -0.062344 -0.050320 -0.025650
v -0.064299 -0.051820 -0.024793
v -0.065212 -0.052521 -0.024177
v -0.066474 -0.053489 -0.023035
v -0.067579 -0.054337 -0.021658
v -0.068214 -0.054825 -0.020626
v -0.069212 -0.055590 -0.018341
v -0.032328 -0.072901 -0.025731
v -0.032470 -0.073243 -0.025650
v -0.033105 -0.074778 -0.025137
v -0.033853 -0.076584 -0.024177
v -0.033915 -0.076733 -0.024077
v -0.034702 -0.078633 -0.022467
v -0.035391 -0.080296 -0.020278
v -0.034995 -0.079340 -0.021658
v -0.035894 -0.081512 -0.017578
v -0.035783 -0.081242 -0.018341
v -0.036140 -0.082104 -0.014550
v -0.032256 -0.083019 -0.017578
v -0.032502 -0.083611 -0.014550
v -0.031753 -0.081803 -0.020278
v -0.032144 -0.082749 -0.018341
v -0.030215 -0.078091 -0.024177
v -0.030277 -0.078240 -0.024077
v -0.031064 -0.080140 -0.022467
v -0.031357 -0.080847 -0.021658
v -0.029467 -0.076285 -0.025137
v -0.028831 -0.074750 -0.025650
v -0.028690 -0.074408 -0.025731
v 0.009759 -0.089173 -0.014550
v 0.009754 -0.089174 -0.014550
v 0.008419 -0.079031 -0.025782
v 0.009663 -0.088484 -0.017733
v 0.009632 -0.088249 -0.018341
v 0.009468 -0.087002 -0.020626
v 0.009363 -0.086208 -0.021658
v 0.009182 -0.084827 -0.023035
v 0.008974 -0.083250 -0.024177
v 0.008824 -0.082108 -0.024793
v 0.008502 -0.079665 -0.025650
v 0.013653 -0.088661 -0.014550
v 0.013568 -0.087970 -0.017733
v 0.013658 -0.088660 -0.014550
v 0.012323 -0.078517 -0.025782
v 0.012406 -0.079151 -0.025650
v 0.012728 -0.081594 -0.024793
v 0.012878 -0.082736 -0.024177
v 0.013086 -0.084313 -0.023035
v 0.013268 -0.085694 -0.021658
v 0.013372 -0.086488 -0.020626
v 0.013536 -0.087735 -0.018341
v 0.046970 -0.064448 -0.025731
v 0.047196 -0.064741 -0.025650
v 0.048207 -0.066059 -0.025137
v 0.049397 -0.067610 -0.024177
v 0.049495 -0.067738 -0.024077
v 0.050747 -0.069370 -0.022467
v 0.051843 -0.070797 -0.020278
v 0.051213 -0.069976 -0.021658
v 0.052644 -0.071841 -0.017578
v 0.052466 -0.071610 -0.018341
v 0.053034 -0.072350 -0.014550
v 0.056154 -0.069956 -0.014550
v 0.056158 -0.069953 -0.014550
v 0.055735 -0.069401 -0.017733
v 0.049931 -0.061836 -0.025782
v 0.049934 -0.061841 -0.025781
v 0.051820 -0.064299 -0.024793
v 0.055734 -0.069399 -0.017738
v 0.054825 -0.068214 -0.020626
v 0.053489 -0.066474 -0.023035
v 0.072657 -0.032227 -0.025781
v 0.075520 -0.033413 -0.024793
v 0.072652 -0.032225 -0.025782
v 0.080080 -0.035301 -0.020626
v 0.081460 -0.035873 -0.017738
v 0.081461 -0.035874 -0.017733
v 0.082106 -0.036135 -0.014550
v 0.082104 -0.036140 -0.014550
v 0.076733 -0.033915 -0.024077
v 0.078053 -0.034462 -0.023035
v 0.083609 -0.032507 -0.014550
v 0.083611 -0.032502 -0.014550
v 0.082968 -0.032235 -0.017733
v 0.074159 -0.028587 -0.025782
v 0.074164 -0.028589 -0.025781
v 0.077027 -0.029774 -0.024793
v 0.082967 -0.032235 -0.017738
v 0.081587 -0.031663 -0.020626
v 0.079560 -0.030824 -0.023035
v 0.079036 0.008419 -0.025781
v 0.082108 0.008824 -0.024793
v 0.079031 0.008419 -0.025782
v 0.087002 0.009468 -0.020626
v 0.088483 0.009663 -0.017738
v 0.088484 0.009663 -0.017733
v 0.089173 0.009759 -0.014550
v 0.089174 0.009754 -0.014550
v 0.083410 0.008995 -0.024077
v 0.084827 0.009182 -0.023035
v 0.088661 0.013653 -0.014550
v 0.088660 0.013658 -0.014550
v 0.087970 0.013568 -0.017733
v 0.078517 0.012323 -0.025782
v 0.078522 0.012324 -0.025781
v 0.081594 0.012728 -0.024793
v 0.087969 0.013567 -0.017738
v 0.086488 0.013372 -0.020626
v 0.084313 0.013086 -0.023035
v 0.082896 0.012899 -0.024077
v 0.064448 0.046970 -0.025731
v 0.064741 0.047196 -0.025650
v 0.066059 0.048207 -0.025137
v 0.067610 0.049397 -0.024177
v 0.067738 0.049495 -0.024077
v 0.069370 0.050747 -0.022467
v 0.070797 0.051843 -0.020278
v 0.069976 0.051213 -0.021658
v 0.071841 0.052644 -0.017578
v 0.071610 0.052466 -0.018341
v 0.072350 0.053034 -0.014550
v 0.061841 0.049934 -0.025781
v 0.061836 0.049931 -0.025782
v 0.064299 0.051820 -0.024793
v 0.069956 0.056154 -0.014550
v 0.069953 0.056158 -0.014550
v 0.069401 0.055735 -0.017733
v 0.069399 0.055734 -0.017738
v 0.068214 0.054825 -0.020626
v 0.066474 0.053489 -0.023035
v 0.065340 0.052619 -0.024077
v 0.032227 0.072657 -0.025781
v 0.032225 0.072652 -0.025782
v 0.033413 0.075520 -0.024793
v 0.035301 0.080080 -0.020626
v 0.035873 0.081460 -0.017738
v 0.035874 0.081461 -0.017733
v 0.036135 0.082106 -0.014550
v 0.036140 0.082104 -0.014550
v 0.033915 0.076733 -0.024077
v 0.034462 0.078053 -0.023035
v 0.046116 0.060660 0.025955
v 0.052048 0.068390 0.022482
v 0.052514 0.068998 0.021672
v 0.048264 0.063460 0.025751
v 0.048490 0.063754 0.025670
v 0.049503 0.065074 0.025156
v 0.050695 0.066627 0.024195
v 0.050793 0.066756 0.024095
v 0.053145 0.069820 0.020289
v 0.053769 0.070634 0.018349
v 0.053947 0.070866 0.017585
v 0.054338 0.071376 0.014552
v 0.009607 0.075591 0.025955
v 0.010284 0.075502 0.025955
v 0.010068 0.079090 0.025751
v 0.010745 0.079001 0.025751
v 0.010117 0.079458 0.025670
v 0.010793 0.079369 0.025670
v 0.010334 0.081107 0.025156
v 0.011011 0.081018 0.025156
v 0.010589 0.083048 0.024195
v 0.011266 0.082959 0.024195
v 0.010610 0.083208 0.024095
v 0.011287 0.083119 0.024095
v 0.010879 0.085252 0.022482
v 0.011556 0.085163 0.022482
v 0.010979 0.086011 0.021672
v 0.011656 0.085922 0.021672
v 0.011115 0.087039 0.020289
v 0.011791 0.086950 0.020289
v 0.011248 0.088055 0.018349
v 0.011925 0.087966 0.018349
v 0.011287 0.088345 0.017585
v 0.011963 0.088256 0.017585
v 0.011370 0.088982 0.014552
v 0.012047 0.088893 0.014552
v 0.028585 0.074851 -0.025644
v 0.029968 0.078189 -0.024171
v 0.031109 0.080944 -0.021654
v 0.031896 0.082845 -0.018339
v 0.032253 0.083707 -0.014550
v 0.032005 0.083802 -0.014549
v 0.031648 0.082941 -0.018336
v 0.030861 0.081041 -0.021649
v 0.029721 0.078288 -0.024165
v 0.028339 0.074951 -0.025637
v -0.008835 0.086267 -0.021649
v -0.008446 0.083313 -0.024165
v -0.007974 0.079732 -0.025637
v -0.008191 0.081377 -0.025125
v -0.009225 0.089230 -0.014549
v -0.009103 0.088306 -0.018336
v -0.008970 0.087292 -0.020271
v -0.029475 0.070267 0.025955
v -0.028844 0.070529 0.025955
v -0.030826 0.073528 0.025751
v -0.030195 0.073789 0.025751
v -0.030968 0.073871 0.025670
v -0.030337 0.074132 0.025670
v -0.031604 0.075408 0.025156
v -0.030974 0.075669 0.025156
v -0.032354 0.077216 0.024195
v -0.031723 0.077478 0.024195
v -0.032415 0.077366 0.024095
v -0.031785 0.077627 0.024095
v -0.033204 0.079270 0.022482
v -0.032573 0.079531 0.022482
v -0.033497 0.079977 0.021672
v -0.032866 0.080238 0.021672
v -0.033894 0.080935 0.020289
v -0.033263 0.081196 0.020289
v -0.034286 0.081883 0.018349
v -0.033656 0.082144 0.018349
v -0.034398 0.082153 0.017585
v -0.033768 0.082414 0.017585
v -0.034644 0.082746 0.014552
v -0.034013 0.083007 0.014552
v -0.012934 0.079079 -0.025637
v -0.013150 0.080724 -0.025125
v -0.013405 0.082660 -0.024165
v -0.013794 0.085614 -0.021649
v -0.013929 0.086639 -0.020271
v -0.014062 0.087653 -0.018336
v -0.014184 0.088577 -0.014549
v -0.052819 0.072507 -0.014550
v -0.052396 0.071955 -0.017730
v -0.046595 0.064395 -0.025776
v -0.048270 0.067015 -0.024781
v -0.052181 0.072112 -0.017728
v -0.052604 0.072663 -0.014549
v -0.052037 0.071924 -0.018336
v -0.051272 0.070927 -0.020619
v -0.050785 0.070292 -0.021649
v -0.049938 0.069189 -0.023025
v -0.048970 0.067928 -0.024165
v -0.046383 0.064556 -0.025769
v -0.046772 0.065063 -0.025637
v -0.060452 0.046386 0.025956
v -0.060244 0.046657 0.025955
v -0.063547 0.048761 0.025671
v -0.063339 0.049032 0.025670
v -0.066420 0.050966 0.024195
v -0.066212 0.051236 0.024195
v -0.068791 0.052785 0.021672
v -0.068582 0.053055 0.021672
v -0.070427 0.054040 0.018349
v -0.070218 0.054311 0.018349
v -0.071168 0.054609 0.014552
v -0.070960 0.054880 0.014552
v -0.060660 0.046116 0.025955
v -0.063754 0.048490 0.025670
v -0.066627 0.050695 0.024195
v -0.068998 0.052514 0.021672
v -0.070634 0.053769 0.018349
v -0.071376 0.054338 0.014552
v -0.050515 0.061724 -0.025718
v -0.050740 0.062018 -0.025637
v -0.051750 0.063334 -0.025125
v -0.052939 0.064883 -0.024165
v -0.053037 0.065011 -0.024066
v -0.054288 0.066641 -0.022458
v -0.054753 0.067247 -0.021649
v -0.055382 0.068067 -0.020271
v -0.056005 0.068879 -0.018336
v -0.056183 0.069110 -0.017574
v -0.056572 0.069618 -0.014549
v -0.073140 0.032715 -0.025644
v -0.076479 0.034098 -0.024171
v -0.079234 0.035239 -0.021654
v -0.081135 0.036026 -0.018339
v -0.081996 0.036383 -0.014550
v -0.073037 0.032960 -0.025637
v -0.076374 0.034342 -0.024165
v -0.079127 0.035483 -0.021649
v -0.081027 0.036270 -0.018336
v -0.081888 0.036626 -0.014549
v -0.075546 0.009946 0.025956
v -0.075502 0.010284 0.025955
v -0.079413 0.010455 0.025671
v -0.079369 0.010793 0.025670
v -0.083004 0.010928 0.024195
v -0.082959 0.011266 0.024195
v -0.085967 0.011318 0.021672
v -0.085922 0.011656 0.021672
v -0.088012 0.011587 0.018349
v -0.087966 0.011925 0.018349
v -0.088938 0.011709 0.014552
v -0.088893 0.012047 0.014552
v -0.075591 0.009607 0.025955
v -0.079458 0.010117 0.025670
v -0.083048 0.010589 0.024195
v -0.086011 0.010979 0.021672
v -0.088056 0.011248 0.018349
v -0.088982 0.011370 0.014552
v -0.083707 0.032253 -0.014550
v -0.082845 0.031896 -0.018339
v -0.080944 0.031109 -0.021654
v -0.078189 0.029968 -0.024171
v -0.074851 0.028585 -0.025644
v -0.083802 0.032005 -0.014549
v -0.082941 0.031648 -0.018336
v -0.081041 0.030861 -0.021649
v -0.078288 0.029721 -0.024165
v -0.074951 0.028339 -0.025637
v -0.089230 -0.009225 -0.014549
v -0.088595 -0.009141 -0.017574
v -0.088306 -0.009103 -0.018336
v -0.087292 -0.008970 -0.020271
v -0.086267 -0.008835 -0.021649
v -0.085510 -0.008735 -0.022458
v -0.083472 -0.008467 -0.024066
v -0.083313 -0.008446 -0.024165
v -0.081377 -0.008191 -0.025125
v -0.079732 -0.007974 -0.025637
v -0.079365 -0.007926 -0.025718
v -0.070398 -0.029160 0.025956
v -0.070529 -0.028844 0.025955
v -0.074001 -0.030652 0.025671
v -0.074132 -0.030337 0.025670
v -0.077347 -0.032038 0.024195
v -0.077478 -0.031723 0.024195
v -0.080108 -0.033182 0.021672
v -0.080238 -0.032866 0.021672
v -0.082014 -0.033971 0.018349
v -0.082144 -0.033656 0.018349
v -0.082877 -0.034329 0.014552
v -0.083007 -0.034013 0.014552
v -0.070267 -0.029475 0.025955
v -0.073871 -0.030968 0.025670
v -0.077216 -0.032354 0.024195
v -0.079977 -0.033497 0.021672
v -0.081883 -0.034286 0.018349
v -0.082746 -0.034644 0.014552
v -0.088619 -0.013921 -0.014550
v -0.087694 -0.013800 -0.018339
v -0.085654 -0.013531 -0.021654
v -0.082698 -0.013142 -0.024171
v -0.079115 -0.012670 -0.025644
v -0.088577 -0.014184 -0.014549
v -0.087653 -0.014062 -0.018336
v -0.085614 -0.013794 -0.021649
v -0.082660 -0.013405 -0.024165
v -0.079079 -0.012934 -0.025637
v -0.064902 -0.046984 -0.025644
v -0.067769 -0.049184 -0.024171
v -0.070134 -0.050999 -0.021654
v -0.071767 -0.052252 -0.018339
v -0.072507 -0.052819 -0.014550
v -0.065063 -0.046772 -0.025637
v -0.067928 -0.048970 -0.024165
v -0.070292 -0.050785 -0.021649
v -0.071924 -0.052037 -0.018336
v -0.072663 -0.052604 -0.014549
v -0.046386 -0.060452 0.025956
v -0.046657 -0.060244 0.025955
v -0.048761 -0.063547 0.025671
v -0.049032 -0.063339 0.025670
v -0.050966 -0.066420 0.024195
v -0.051236 -0.066212 0.024195
v -0.052785 -0.068791 0.021672
v -0.053055 -0.068582 0.021672
v -0.054040 -0.070427 0.018349
v -0.054311 -0.070218 0.018349
v -0.054609 -0.071168 0.014552
v -0.054880 -0.070960 0.014552
v -0.046116 -0.060660 0.025955
v -0.048490 -0.063754 0.025670
v -0.050695 -0.066627 0.024195
v -0.052514 -0.068998 0.021672
v -0.053769 -0.070634 0.018349
v -0.054338 -0.071376 0.014552
v -0.062181 -0.050530 -0.025644
v -0.065048 -0.052730 -0.024171
v -0.067413 -0.054545 -0.021654
v -0.069046 -0.055798 -0.018339
v -0.069786 -0.056366 -0.014550
v -0.069618 -0.056572 -0.014549
v -0.068879 -0.056005 -0.018336
v -0.067247 -0.054753 -0.021649
v -0.064883 -0.052939 -0.024165
v -0.062018 -0.050740 -0.025637
v -0.036626 -0.081888 -0.014549
v -0.036381 -0.081296 -0.017574
v -0.036270 -0.081027 -0.018336
v -0.035878 -0.080082 -0.020271
v -0.035483 -0.079127 -0.021649
v -0.035190 -0.078421 -0.022458
v -0.034404 -0.076523 -0.024066
v -0.034342 -0.076374 -0.024165
v -0.033595 -0.074570 -0.025125
v -0.032960 -0.073037 -0.025637
v -0.032819 -0.072695 -0.025718
v -0.009946 -0.075546 0.025956
v -0.010284 -0.075502 0.025955
v -0.010455 -0.079413 0.025671
v -0.010793 -0.079369 0.025670
v -0.010928 -0.083004 0.024195
v -0.011266 -0.082959 0.024195
v -0.011318 -0.085967 0.021672
v -0.011656 -0.085922 0.021672
v -0.011587 -0.088012 0.018349
v -0.011925 -0.087966 0.018349
v -0.011709 -0.088938 0.014552
v -0.012047 -0.088893 0.014552
v -0.009607 -0.075591 0.025955
v -0.010117 -0.079458 0.025670
v -0.010589 -0.083048 0.024195
v -0.010979 -0.086011 0.021672
v -0.011248 -0.088056 0.018349
v -0.011370 -0.088982 0.014552
v -0.028197 -0.074610 -0.025718
v -0.028339 -0.074951 -0.025637
v -0.028974 -0.076484 -0.025125
v -0.029721 -0.078288 -0.024165
v -0.029782 -0.078437 -0.024066
v -0.030569 -0.080335 -0.022458
v -0.030861 -0.081041 -0.021649
v -0.031257 -0.081996 -0.020271
v -0.031648 -0.082941 -0.018336
v -0.031760 -0.083211 -0.017574
v -0.032005 -0.083802 -0.014549
v 0.009489 -0.089202 -0.014550
v 0.009368 -0.088278 -0.018339
v 0.009099 -0.086238 -0.021654
v 0.008710 -0.083281 -0.024171
v 0.008238 -0.079699 -0.025644
v 0.007974 -0.079732 -0.025637
v 0.008446 -0.083313 -0.024165
v 0.008835 -0.086267 -0.021649
v 0.009103 -0.088306 -0.018336
v 0.009225 -0.089230 -0.014549
v 0.029160 -0.070398 0.025956
v 0.028844 -0.070529 0.025955
v 0.030652 -0.074001 0.025671
v 0.030337 -0.074132 0.025670
v 0.032038 -0.077347 0.024195
v 0.031723 -0.077478 0.024195
v 0.033182 -0.080108 0.021672
v 0.032866 -0.080238 0.021672
v 0.033971 -0.082014 0.018349
v 0.033656 -0.082144 0.018349
v 0.034329 -0.082877 0.014552
v 0.034013 -0.083007 0.014552
v 0.029475 -0.070267 0.025955
v 0.030968 -0.073871 0.025670
v 0.032354 -0.077216 0.024195
v 0.033497 -0.079977 0.021672
v 0.034286 -0.081883 0.018349
v 0.034644 -0.082746 0.014552
v 0.012670 -0.079115 -0.025644
v 0.013142 -0.082698 -0.024171
v 0.013531 -0.085654 -0.021654
v 0.013799 -0.087694 -0.018339
v 0.013921 -0.088619 -0.014550
v 0.014184 -0.088577 -0.014549
v 0.014062 -0.087653 -0.018336
v 0.013794 -0.085614 -0.021649
v 0.013405 -0.082660 -0.024165
v 0.012934 -0.079079 -0.025637
v 0.052604 -0.072663 -0.014549
v 0.052214 -0.072155 -0.017574
v 0.052037 -0.071924 -0.018336
v 0.051414 -0.071112 -0.020271
v 0.050785 -0.070292 -0.021649
v 0.050320 -0.069686 -0.022458
v 0.049069 -0.068056 -0.024066
v 0.048970 -0.067928 -0.024165
v 0.047782 -0.066379 -0.025125
v 0.046772 -0.065063 -0.025637
v 0.046547 -0.064769 -0.025718
v 0.060452 -0.046386 0.025956
v 0.060244 -0.046657 0.025955
v 0.063547 -0.048761 0.025671
v 0.063339 -0.049032 0.025670
v 0.066420 -0.050966 0.024195
v 0.066212 -0.051236 0.024195
v 0.068791 -0.052785 0.021672
v 0.068582 -0.053055 0.021672
v 0.070427 -0.054040 0.018349
v 0.070218 -0.054311 0.018349
v 0.071168 -0.054609 0.014552
v 0.070960 -0.054880 0.014552
v 0.060660 -0.046116 0.025955
v 0.063754 -0.048490 0.025670
v 0.066627 -0.050695 0.024195
v 0.068998 -0.052514 0.021672
v 0.070634 -0.053769 0.018349
v 0.071376 -0.054338 0.014552
v 0.050141 -0.061674 -0.025776
v 0.055240 -0.067882 -0.020619
v 0.055942 -0.069234 -0.017730
v 0.056366 -0.069786 -0.014550
v 0.050351 -0.061511 -0.025769
v 0.050740 -0.062018 -0.025637
v 0.052239 -0.063970 -0.024781
v 0.052939 -0.064883 -0.024165
v 0.053906 -0.066144 -0.023025
v 0.054753 -0.067247 -0.021649
v 0.056572 -0.069618 -0.014549
v 0.056150 -0.069067 -0.017728
v 0.056005 -0.068879 -0.018336
v 0.079127 -0.035483 -0.021649
v 0.076374 -0.034342 -0.024165
v 0.073037 -0.032960 -0.025637
v 0.074570 -0.033595 -0.025125
v 0.081888 -0.036626 -0.014549
v 0.081027 -0.036270 -0.018336
v 0.080082 -0.035878 -0.020271
v 0.075591 -0.009607 0.025955
v 0.075502 -0.010284 0.025955
v 0.079090 -0.010068 0.025751
v 0.079001 -0.010745 0.025751
v 0.079458 -0.010117 0.025670
v 0.079369 -0.010793 0.025670
v 0.081107 -0.010334 0.025156
v 0.081018 -0.011011 0.025156
v 0.083048 -0.010589 0.024195
v 0.082959 -0.011266 0.024195
v 0.083208 -0.010610 0.024095
v 0.083119 -0.011287 0.024095
v 0.085252 -0.010879 0.022482
v 0.085163 -0.011556 0.022482
v 0.086011 -0.010979 0.021672
v 0.085922 -0.011656 0.021672
v 0.087039 -0.011115 0.020289
v 0.086950 -0.011791 0.020289
v 0.088055 -0.011248 0.018349
v 0.087966 -0.011925 0.018349
v 0.088345 -0.011287 0.017585
v 0.088256 -0.011963 0.017585
v 0.088982 -0.011370 0.014552
v 0.088893 -0.012047 0.014552
v 0.074260 -0.028340 -0.025776
v 0.081780 -0.031167 -0.020619
v 0.083065 -0.031987 -0.017730
v 0.083707 -0.032253 -0.014550
v 0.074361 -0.028094 -0.025769
v 0.074951 -0.028339 -0.025637
v 0.077225 -0.029281 -0.024781
v 0.078288 -0.029721 -0.024165
v 0.079756 -0.030329 -0.023025
v 0.081041 -0.030861 -0.021649
v 0.083802 -0.032005 -0.014549
v 0.083160 -0.031739 -0.017728
v 0.082941 -0.031648 -0.018336
v 0.086267 0.008835 -0.021649
v 0.083313 0.008446 -0.024165
v 0.079732 0.007974 -0.025637
v 0.081377 0.008191 -0.025125
v 0.089230 0.009225 -0.014549
v 0.088306 0.009103 -0.018336
v 0.087292 0.008970 -0.020271
v 0.070398 0.029160 0.025956
v 0.070529 0.028844 0.025955
v 0.073789 0.030195 0.025751
v 0.083007 0.034013 0.014552
v 0.082746 0.034644 0.014552
v 0.082414 0.033768 0.017585
v 0.082153 0.034398 0.017585
v 0.082144 0.033656 0.018349
v 0.081883 0.034286 0.018349
v 0.081196 0.033263 0.020289
v 0.080935 0.033894 0.020289
v 0.080238 0.032866 0.021672
v 0.079977 0.033497 0.021672
v 0.079531 0.032573 0.022482
v 0.079270 0.033204 0.022482
v 0.077627 0.031785 0.024095
v 0.077366 0.032415 0.024095
v 0.077478 0.031723 0.024195
v 0.077217 0.032354 0.024195
v 0.075669 0.030974 0.025156
v 0.075408 0.031604 0.025156
v 0.074132 0.030337 0.025670
v 0.073871 0.030968 0.025670
v 0.073528 0.030826 0.025751
v 0.070267 0.029475 0.025955
v 0.079079 0.012934 -0.025637
v 0.080724 0.013150 -0.025125
v 0.082660 0.013405 -0.024165
v 0.085614 0.013794 -0.021649
v 0.086639 0.013929 -0.020271
v 0.087653 0.014062 -0.018336
v 0.088577 0.014184 -0.014549
v 0.072663 0.052604 -0.014549
v 0.072155 0.052214 -0.017574
v 0.071924 0.052037 -0.018336
v 0.071112 0.051414 -0.020271
v 0.070292 0.050785 -0.021649
v 0.069686 0.050320 -0.022458
v 0.068056 0.049069 -0.024066
v 0.067928 0.048970 -0.024165
v 0.066379 0.047782 -0.025125
v 0.065063 0.046772 -0.025637
v 0.064769 0.046547 -0.025718
v 0.062018 0.050740 -0.025637
v 0.063334 0.051750 -0.025125
v 0.064883 0.052939 -0.024165
v 0.067247 0.054753 -0.021649
v 0.068067 0.055382 -0.020271
v 0.068879 0.056005 -0.018336
v 0.069618 0.056572 -0.014549
v 0.035483 0.079127 -0.021649
v 0.034342 0.076374 -0.024165
v 0.032960 0.073037 -0.025637
v 0.033595 0.074570 -0.025125
v 0.036626 0.081888 -0.014549
v 0.036270 0.081027 -0.018336
v 0.035878 0.080082 -0.020271
v 0.046657 0.060244 0.025955
v 0.048806 0.063044 0.025751
v 0.049032 0.063339 0.025670
v 0.050045 0.064659 0.025156
v 0.051236 0.066212 0.024195
v 0.051335 0.066340 0.024095
v 0.052589 0.067975 0.022482
v 0.053055 0.068582 0.021672
v 0.053686 0.069405 0.020289
v 0.054311 0.070218 0.018349
v 0.054489 0.070451 0.017585
v 0.054880 0.070960 0.014552
v 0.047205 0.064735 0.025650
v 0.048705 0.066689 0.024793
v 0.050374 0.068865 0.023035
v 0.049406 0.067603 0.024177
v 0.051709 0.070605 0.020626
v 0.051222 0.069970 0.021658
v 0.052475 0.071603 0.018341
v 0.008835 0.082107 0.024793
v 0.009193 0.084826 0.023035
v 0.009479 0.087000 0.020626
v -0.030974 0.069648 0.025934
v -0.064735 0.047205 0.025650
v -0.066689 0.048705 0.024793
v -0.068865 0.050374 0.023035
v -0.067603 0.049406 0.024177
v -0.070605 0.051709 0.020626
v -0.069970 0.051222 0.021658
v -0.071603 0.052475 0.018341
v -0.075804 0.007999 0.025934
v -0.069648 -0.030974 0.025934
v -0.048705 -0.066689 0.024793
v -0.050374 -0.068865 0.023035
v -0.051709 -0.070605 0.020626
v -0.007999 -0.075804 0.025934
v 0.030974 -0.069648 0.025934
v 0.064735 -0.047205 0.025650
v 0.066689 -0.048705 0.024793
v 0.068865 -0.050374 0.023035
v 0.067603 -0.049406 0.024177
v 0.070605 -0.051709 0.020626
v 0.069970 -0.051222 0.021658
v 0.071603 -0.052475 0.018341
v 0.079664 -0.008513 0.025650
v 0.082107 -0.008835 0.024793
v 0.084826 -0.009193 0.023035
v 0.083249 -0.008985 0.024177
v 0.087000 -0.009479 0.020626
v 0.086206 -0.009374 0.021658
v 0.088247 -0.009643 0.018341
v 0.069648 0.030975 0.025934
v 0.046810 0.064238 0.025781
v 0.048696 0.066696 0.024793
v 0.046806 0.064234 0.025782
v 0.051700 0.070612 0.020626
v 0.052610 0.071797 0.017738
v 0.052611 0.071798 0.017732
v 0.053039 0.072347 0.014550
v 0.053034 0.072350 0.014550
v 0.049495 0.067738 0.024077
v 0.050365 0.068871 0.023035
v 0.013361 0.086489 0.020626
v 0.013526 0.087736 0.018341
v 0.013075 0.084315 0.023035
v 0.013257 0.085695 0.021658
v 0.012396 0.079153 0.025650
v 0.012717 0.081596 0.024793
v 0.012868 0.082737 0.024177
v 0.009759 0.089173 0.014550
v 0.009754 0.089174 0.014550
v 0.008419 0.079031 0.025782
v 0.009663 0.088484 0.017732
v 0.009632 0.088249 0.018341
v 0.009468 0.087002 0.020626
v 0.009363 0.086208 0.021658
v 0.009182 0.084827 0.023035
v 0.008974 0.083250 0.024177
v 0.008824 0.082108 0.024793
v 0.008502 0.079665 0.025650
v 0.030145 0.083504 -0.018313
v 0.029361 0.081613 -0.021611
v 0.026851 0.075553 -0.025579
v 0.028227 0.078873 -0.024114
v -0.006382 0.079928 -0.025579
v -0.006851 0.083491 -0.024114
v -0.007238 0.086432 -0.021611
v -0.007505 0.088461 -0.018313
v -0.031673 0.081583 0.020626
v -0.032155 0.082745 0.018341
v -0.030834 0.079556 0.023035
v -0.031367 0.080843 0.021658
v -0.028842 0.074746 0.025650
v -0.029785 0.077023 0.024793
v -0.030225 0.078086 0.024177
v -0.032328 0.072901 0.025731
v -0.032470 0.073243 0.025650
v -0.033105 0.074778 0.025137
v -0.033853 0.076584 0.024177
v -0.033915 0.076733 0.024077
v -0.034702 0.078633 0.022467
v -0.035391 0.080296 0.020278
v -0.034995 0.079340 0.021658
v -0.035894 0.081512 0.017578
v -0.035783 0.081242 0.018341
v -0.036140 0.082104 0.014550
v -0.015646 0.087389 -0.018313
v -0.015379 0.085360 -0.021611
v -0.014523 0.078856 -0.025579
v -0.014992 0.082420 -0.024114
v -0.068221 0.054816 0.020626
v -0.066481 0.053481 0.023035
v -0.064305 0.051811 0.024793
v -0.064238 0.046810 0.025781
v -0.064234 0.046806 0.025782
v -0.066696 0.048696 0.024793
v -0.070612 0.051700 0.020626
v -0.071797 0.052610 0.017738
v -0.071798 0.052611 0.017732
v -0.072347 0.053039 0.014550
v -0.072350 0.053034 0.014550
v -0.067738 0.049495 0.024077
v -0.068871 0.050365 0.023035
v -0.086489 0.013361 0.020626
v -0.084315 0.013075 0.023035
v -0.081596 0.012717 0.024793
v -0.079665 0.008502 0.025650
v -0.079665 0.008508 0.025650
v -0.083250 0.008974 0.024177
v -0.083249 0.008980 0.024177
v -0.086208 0.009363 0.021658
v -0.086207 0.009369 0.021658
v -0.088249 0.009632 0.018341
v -0.088248 0.009638 0.018341
v -0.089174 0.009754 0.014550
v -0.089173 0.009759 0.014550
v -0.081583 -0.031673 0.020626
v -0.082745 -0.032155 0.018341
v -0.079556 -0.030834 0.023035
v -0.080843 -0.031367 0.021658
v -0.074746 -0.028842 0.025650
v -0.077023 -0.029785 0.024793
v -0.078086 -0.030225 0.024177
v -0.073243 -0.032470 0.025650
v -0.073246 -0.032465 0.025650
v -0.076584 -0.033853 0.024177
v -0.076586 -0.033848 0.024177
v -0.079340 -0.034995 0.021658
v -0.079342 -0.034990 0.021658
v -0.081242 -0.035783 0.018341
v -0.081244 -0.035778 0.018341
v -0.082104 -0.036140 0.014550
v -0.082106 -0.036135 0.014550
v -0.047945 -0.059258 0.025934
v -0.053039 -0.072347 0.014550
v -0.053034 -0.072350 0.014550
v -0.046806 -0.064234 0.025782
v -0.052611 -0.071798 0.017732
v -0.052466 -0.071610 0.018341
v -0.051700 -0.070612 0.020626
v -0.051213 -0.069976 0.021658
v -0.050365 -0.068871 0.023035
v -0.049397 -0.067610 0.024177
v -0.048696 -0.066696 0.024793
v -0.047196 -0.064741 0.025650
v -0.067051 -0.056625 -0.020238
v -0.067858 -0.057245 -0.018313
v -0.061030 -0.052005 -0.025579
v -0.062340 -0.053010 -0.025069
v -0.063882 -0.054193 -0.024114
v -0.066234 -0.055999 -0.021611
v -0.011893 -0.075292 0.025934
v -0.013564 -0.088026 0.017578
v -0.013392 -0.086721 0.020278
v -0.013157 -0.084937 0.022467
v -0.012889 -0.082897 0.024077
v -0.012612 -0.080800 0.025137
v -0.008502 -0.079665 0.025650
v -0.008508 -0.079665 0.025650
v -0.008974 -0.083250 0.024177
v -0.008980 -0.083249 0.024177
v -0.009363 -0.086208 0.021658
v -0.009369 -0.086207 0.021658
v -0.009632 -0.088249 0.018341
v -0.009638 -0.088248 0.018341
v -0.009754 -0.089174 0.014550
v -0.009759 -0.089173 0.014550
v 0.006597 -0.081565 -0.025069
v 0.007139 -0.085678 -0.022415
v 0.007372 -0.087452 -0.020238
v 0.027346 -0.071151 0.025934
v 0.032328 -0.072901 0.025731
v 0.032470 -0.073243 0.025650
v 0.033105 -0.074778 0.025137
v 0.033853 -0.076584 0.024177
v 0.033915 -0.076733 0.024077
v 0.034702 -0.078633 0.022467
v 0.035391 -0.080296 0.020278
v 0.034995 -0.079340 0.021658
v 0.035894 -0.081512 0.017578
v 0.035783 -0.081242 0.018341
v 0.036140 -0.082104 0.014550
v 0.045491 -0.066029 -0.025579
v 0.046982 -0.067972 -0.024727
v 0.048641 -0.070135 -0.022979
v 0.047679 -0.068880 -0.024114
v 0.049484 -0.071233 -0.021611
v 0.050730 -0.072857 -0.018313
v 0.068221 -0.054816 0.020626
v 0.069219 -0.055582 0.018341
v 0.066481 -0.053481 0.023035
v 0.067586 -0.054328 0.021658
v 0.062351 -0.050311 0.025650
v 0.064305 -0.051811 0.024793
v 0.065219 -0.052512 0.024177
v 0.064238 -0.046810 0.025781
v 0.064234 -0.046806 0.025782
v 0.066696 -0.048696 0.024793
v 0.070612 -0.051700 0.020626
v 0.071797 -0.052610 0.017738
v 0.071798 -0.052611 0.017732
v 0.072347 -0.053039 0.014550
v 0.072350 -0.053034 0.014550
v 0.068871 -0.050365 0.023035
v 0.086489 -0.013361 0.020626
v 0.087736 -0.013526 0.018341
v 0.084315 -0.013075 0.023035
v 0.085695 -0.013257 0.021658
v 0.079153 -0.012396 0.025650
v 0.081596 -0.012717 0.024793
v 0.082737 -0.012868 0.024177
v 0.079036 -0.008419 0.025781
v 0.079031 -0.008419 0.025782
v 0.082108 -0.008824 0.024793
v 0.087002 -0.009468 0.020626
v 0.088483 -0.009663 0.017738
v 0.088484 -0.009663 0.017732
v 0.089173 -0.009759 0.014550
v 0.089174 -0.009754 0.014550
v 0.083410 -0.008995 0.024077
v 0.084827 -0.009182 0.023035
v 0.081583 0.031673 0.020626
v 0.082745 0.032155 0.018341
v 0.079556 0.030834 0.023035
v 0.080843 0.031367 0.021658
v 0.074746 0.028842 0.025650
v 0.077023 0.029785 0.024793
v 0.078086 0.030225 0.024177
v 0.073243 0.032470 0.025650
v 0.073246 0.032465 0.025650
v 0.076584 0.033853 0.024177
v 0.076586 0.033848 0.024177
v 0.079340 0.034995 0.021658
v 0.079342 0.034990 0.021658
v 0.081242 0.035783 0.018341
v 0.081244 0.035778 0.018341
v 0.082104 0.036140 0.014550
v 0.082106 0.036135 0.014550
v 0.087389 0.015646 -0.018313
v 0.085360 0.015379 -0.021611
v 0.078856 0.014523 -0.025579
v 0.082420 0.014992 -0.024114
v 0.034437 0.072410 -0.025579
v 0.035813 0.075731 -0.024114
v 0.036948 0.078471 -0.021611
v 0.037731 0.080362 -0.018313
v 0.054816 0.068221 0.020626
v 0.055582 0.069219 0.018341
v 0.053481 0.066481 0.023035
v 0.054328 0.067586 0.021658
v 0.050311 0.062351 0.025650
v 0.051811 0.064305 0.024793
v 0.052512 0.065219 0.024177
v 0.050785 0.070292 0.021649
v 0.048970 0.067928 0.024165
v 0.046772 0.065063 0.025637
v 0.047782 0.066379 0.025125
v 0.052604 0.072663 0.014549
v 0.052037 0.071924 0.018336
v 0.051414 0.071112 0.020271
v 0.012324 0.078522 0.025781
v 0.012323 0.078517 0.025782
v 0.012728 0.081594 0.024793
v 0.013653 0.088661 0.014550
v 0.013658 0.088660 0.014550
v 0.013567 0.087970 0.017732
v 0.013567 0.087969 0.017738
v 0.013372 0.086488 0.020626
v 0.013086 0.084313 0.023035
v 0.012899 0.082896 0.024077
v 0.009489 0.089202 0.014550
v 0.009368 0.088278 0.018339
v 0.009099 0.086238 0.021654
v 0.008710 0.083281 0.024171
v 0.008238 0.079699 0.025644
v 0.007974 0.079732 0.025637
v 0.008446 0.083313 0.024165
v 0.008835 0.086267 0.021649
v 0.009103 0.088306 0.018336
v 0.009225 0.089230 0.014549
v 0.030478 0.084370 -0.014544
v 0.030214 0.083731 -0.017708
v 0.026591 0.074984 -0.025708
v 0.026586 0.074974 -0.025710
v 0.027767 0.077824 -0.024727
v 0.030213 0.083727 -0.017718
v 0.029645 0.082358 -0.020585
v 0.028810 0.080343 -0.022979
v 0.028267 0.079030 -0.024015
v -0.007319 0.087224 -0.020585
v -0.007513 0.088694 -0.017718
v -0.007513 0.088698 -0.017708
v -0.007603 0.089383 -0.014544
v -0.006278 0.079311 -0.025708
v -0.006276 0.079300 -0.025710
v -0.006679 0.082359 -0.024727
v -0.006849 0.083653 -0.024015
v -0.007034 0.085062 -0.022979
v -0.028589 0.074164 0.025781
v -0.028587 0.074159 0.025782
v -0.029774 0.077027 0.024793
v -0.032507 0.083609 0.014550
v -0.032502 0.083611 0.014550
v -0.032235 0.082968 0.017732
v -0.032235 0.082967 0.017738
v -0.031663 0.081587 0.020626
v -0.030824 0.079560 0.023035
v -0.030277 0.078240 0.024077
v -0.036626 0.081888 0.014549
v -0.036381 0.081296 0.017574
v -0.036270 0.081027 0.018336
v -0.035878 0.080082 0.020271
v -0.035483 0.079127 0.021649
v -0.035190 0.078421 0.022457
v -0.034404 0.076523 0.024066
v -0.034342 0.076374 0.024165
v -0.033595 0.074570 0.025125
v -0.032960 0.073037 0.025637
v -0.032819 0.072695 0.025718
v -0.015790 0.088305 -0.014544
v -0.015700 0.087620 -0.017708
v -0.014464 0.078233 -0.025708
v -0.014462 0.078222 -0.025710
v -0.014865 0.081282 -0.024727
v -0.015699 0.087616 -0.017718
v -0.015506 0.086146 -0.020585
v -0.015221 0.083984 -0.022979
v -0.015036 0.082575 -0.024015
v -0.051276 0.073607 -0.014544
v -0.045085 0.065538 -0.025710
v -0.050855 0.073058 -0.017708
v -0.050712 0.072871 -0.018313
v -0.049950 0.071879 -0.020585
v -0.049466 0.071247 -0.021610
v -0.048623 0.070149 -0.022979
v -0.047660 0.068894 -0.024114
v -0.046963 0.067986 -0.024727
v -0.045472 0.066043 -0.025579
v -0.069956 0.056154 0.014550
v -0.069401 0.055735 0.017732
v -0.069953 0.056158 0.014550
v -0.061836 0.049931 0.025782
v -0.062344 0.050320 0.025650
v -0.064299 0.051820 0.024793
v -0.065212 0.052521 0.024177
v -0.066474 0.053489 0.023035
v -0.067579 0.054337 0.021658
v -0.068214 0.054825 0.020626
v -0.069212 0.055590 0.018341
v -0.070292 0.050785 0.021649
v -0.067928 0.048970 0.024165
v -0.065063 0.046772 0.025637
v -0.066379 0.047782 0.025125
v -0.072663 0.052604 0.014549
v -0.071924 0.052037 0.018336
v -0.071112 0.051414 0.020271
v -0.057827 0.068580 -0.014544
v -0.057439 0.068074 -0.017554
v -0.057263 0.067844 -0.018313
v -0.056643 0.067036 -0.020238
v -0.056017 0.066220 -0.021610
v -0.055554 0.065617 -0.022414
v -0.054309 0.063995 -0.024015
v -0.051799 0.060724 -0.025659
v -0.052023 0.061016 -0.025579
v -0.053029 0.062326 -0.025068
v -0.054211 0.063867 -0.024114
v -0.072062 0.034318 -0.025659
v -0.072402 0.034459 -0.025579
v -0.075870 0.035895 -0.024015
v -0.077760 0.036678 -0.022414
v -0.078462 0.036969 -0.021610
v -0.079412 0.037363 -0.020238
v -0.080353 0.037752 -0.018313
v -0.080621 0.037863 -0.017554
v -0.081210 0.038107 -0.014544
v -0.075722 0.035834 -0.024114
v -0.073927 0.035090 -0.025068
v -0.088661 0.013653 0.014550
v -0.087970 0.013568 0.017732
v -0.088660 0.013658 0.014550
v -0.078517 0.012323 0.025782
v -0.079151 0.012406 0.025650
v -0.081594 0.012728 0.024793
v -0.082736 0.012878 0.024177
v -0.084313 0.013086 0.023035
v -0.085694 0.013268 0.021658
v -0.086488 0.013372 0.020626
v -0.087735 0.013536 0.018341
v -0.079699 0.008238 0.025644
v -0.083281 0.008710 0.024171
v -0.086238 0.009099 0.021654
v -0.088278 0.009368 0.018339
v -0.089202 0.009489 0.014550
v -0.079732 0.007974 0.025637
v -0.083313 0.008446 0.024165
v -0.086267 0.008835 0.021649
v -0.088306 0.009103 0.018336
v -0.089230 0.009225 0.014549
v -0.075561 0.026830 -0.025579
v -0.078882 0.028205 -0.024114
v -0.081622 0.029340 -0.021610
v -0.083513 0.030123 -0.018313
v -0.084370 0.030478 -0.014544
v -0.079566 -0.006311 -0.025659
v -0.079931 -0.006359 -0.025579
v -0.083653 -0.006849 -0.024015
v -0.085681 -0.007116 -0.022414
v -0.086434 -0.007215 -0.021610
v -0.087454 -0.007349 -0.020238
v -0.088464 -0.007482 -0.018313
v -0.088751 -0.007520 -0.017554
v -0.089383 -0.007603 -0.014544
v -0.083494 -0.006828 -0.024114
v -0.081568 -0.006574 -0.025068
v -0.074164 -0.028589 0.025781
v -0.074159 -0.028587 0.025782
v -0.077027 -0.029774 0.024793
v -0.083609 -0.032507 0.014550
v -0.083611 -0.032502 0.014550
v -0.082968 -0.032235 0.017732
v -0.082967 -0.032235 0.017738
v -0.081587 -0.031663 0.020626
v -0.079560 -0.030824 0.023035
v -0.078240 -0.030277 0.024077
v -0.073140 -0.032715 0.025644
v -0.076479 -0.034098 0.024171
v -0.079234 -0.035239 0.021654
v -0.081135 -0.036026 0.018339
v -0.081996 -0.036383 0.014550
v -0.073037 -0.032960 0.025637
v -0.076374 -0.034342 0.024165
v -0.079127 -0.035483 0.021649
v -0.081027 -0.036270 0.018336
v -0.081888 -0.036626 0.014549
v -0.087386 -0.015669 -0.018313
v -0.088305 -0.015790 -0.014544
v -0.083984 -0.015221 -0.022979
v -0.082416 -0.015015 -0.024114
v -0.085357 -0.015402 -0.021610
v -0.086146 -0.015506 -0.020585
v -0.081282 -0.014865 -0.024727
v -0.078853 -0.014545 -0.025579
v -0.065751 -0.045248 -0.025659
v -0.066043 -0.045472 -0.025579
v -0.069021 -0.047758 -0.024015
v -0.070644 -0.049003 -0.022414
v -0.071247 -0.049466 -0.021610
v -0.072063 -0.050092 -0.020238
v -0.072871 -0.050712 -0.018313
v -0.073101 -0.050888 -0.017554
v -0.073607 -0.051276 -0.014544
v -0.068894 -0.047660 -0.024114
v -0.067353 -0.046478 -0.025068
v -0.055768 -0.069444 0.017578
v -0.056158 -0.069953 0.014550
v -0.054967 -0.068400 0.020278
v -0.055590 -0.069212 0.018341
v -0.052521 -0.065212 0.024177
v -0.052619 -0.065340 0.024077
v -0.053872 -0.066972 0.022467
v -0.054337 -0.067579 0.021658
v -0.051331 -0.063662 0.025137
v -0.050320 -0.062344 0.025650
v -0.050095 -0.062050 0.025731
v -0.052819 -0.072507 0.014550
v -0.052252 -0.071767 0.018339
v -0.050999 -0.070134 0.021654
v -0.049184 -0.067769 0.024171
v -0.046984 -0.064902 0.025644
v -0.046772 -0.065063 0.025637
v -0.048970 -0.067928 0.024165
v -0.050785 -0.070292 0.021649
v -0.052037 -0.071924 0.018336
v -0.052604 -0.072663 0.014549
v -0.068580 -0.057827 -0.014544
v -0.068074 -0.057439 -0.017554
v -0.067036 -0.056643 -0.020238
v -0.065617 -0.055554 -0.022414
v -0.063995 -0.054309 -0.024015
v -0.062326 -0.053029 -0.025068
v -0.060724 -0.051799 -0.025659
v -0.038107 -0.081210 -0.014544
v -0.037752 -0.080353 -0.018313
v -0.036969 -0.078462 -0.021610
v -0.035834 -0.075722 -0.024114
v -0.034459 -0.072402 -0.025579
v -0.012406 -0.079151 0.025650
v -0.012623 -0.080798 0.025137
v -0.013658 -0.088660 0.014550
v -0.013575 -0.088024 0.017578
v -0.013536 -0.087735 0.018341
v -0.013403 -0.086720 0.020278
v -0.013268 -0.085694 0.021658
v -0.013168 -0.084936 0.022467
v -0.012899 -0.082896 0.024077
v -0.012878 -0.082736 0.024177
v -0.008238 -0.079699 0.025644
v -0.008710 -0.083281 0.024171
v -0.009099 -0.086238 0.021654
v -0.009368 -0.088278 0.018339
v -0.009489 -0.089202 0.014550
v -0.007974 -0.079732 0.025637
v -0.008446 -0.083313 0.024165
v -0.008835 -0.086267 0.021649
v -0.009103 -0.088306 0.018336
v -0.009225 -0.089230 0.014549
v -0.030478 -0.084370 -0.014544
v -0.030234 -0.083781 -0.017554
v -0.030123 -0.083513 -0.018313
v -0.029734 -0.082572 -0.020238
v -0.029340 -0.081622 -0.021610
v -0.029049 -0.080920 -0.022414
v -0.028267 -0.079030 -0.024015
v -0.026689 -0.075221 -0.025659
v -0.026830 -0.075561 -0.025579
v -0.027462 -0.077087 -0.025068
v -0.028205 -0.078882 -0.024114
v 0.006311 -0.079566 -0.025659
v 0.006359 -0.079931 -0.025579
v 0.006574 -0.081568 -0.025068
v 0.006828 -0.083494 -0.024114
v 0.006849 -0.083653 -0.024015
v 0.007116 -0.085681 -0.022414
v 0.007215 -0.086434 -0.021610
v 0.007349 -0.087454 -0.020238
v 0.007482 -0.088464 -0.018313
v 0.007520 -0.088751 -0.017554
v 0.007603 -0.089383 -0.014544
v 0.032502 -0.083611 0.014550
v 0.032507 -0.083609 0.014550
v 0.032144 -0.082749 0.018341
v 0.032150 -0.082747 0.018341
v 0.031357 -0.080847 0.021658
v 0.031362 -0.080845 0.021658
v 0.030215 -0.078091 0.024177
v 0.030220 -0.078089 0.024177
v 0.028831 -0.074750 0.025650
v 0.028836 -0.074748 0.025650
v 0.036626 -0.081888 0.014549
v 0.036381 -0.081296 0.017574
v 0.036270 -0.081027 0.018336
v 0.035878 -0.080082 0.020271
v 0.035483 -0.079127 0.021649
v 0.035190 -0.078421 0.022457
v 0.034404 -0.076523 0.024066
v 0.034342 -0.076374 0.024165
v 0.033595 -0.074570 0.025125
v 0.032960 -0.073037 0.025637
v 0.032819 -0.072695 0.025718
v 0.015790 -0.088305 -0.014544
v 0.015707 -0.087674 -0.017554
v 0.015669 -0.087386 -0.018313
v 0.015536 -0.086377 -0.020238
v 0.015402 -0.085357 -0.021610
v 0.015302 -0.084603 -0.022414
v 0.015036 -0.082575 -0.024015
v 0.014497 -0.078488 -0.025659
v 0.014545 -0.078853 -0.025579
v 0.014761 -0.080490 -0.025068
v 0.015015 -0.082416 -0.024114
v 0.049950 -0.071879 -0.020585
v 0.050853 -0.073055 -0.017718
v 0.050855 -0.073058 -0.017708
v 0.051276 -0.073607 -0.014544
v 0.045092 -0.065547 -0.025708
v 0.045085 -0.065538 -0.025710
v 0.046963 -0.067986 -0.024727
v 0.047758 -0.069021 -0.024015
v 0.048623 -0.070149 -0.022979
v 0.061841 -0.049934 0.025781
v 0.061836 -0.049931 0.025782
v 0.064299 -0.051820 0.024793
v 0.069956 -0.056154 0.014550
v 0.069953 -0.056158 0.014550
v 0.069401 -0.055735 0.017732
v 0.069399 -0.055734 0.017738
v 0.068214 -0.054825 0.020626
v 0.066474 -0.053489 0.023035
v 0.065340 -0.052619 0.024077
v 0.072507 -0.052819 0.014550
v 0.071955 -0.052396 0.017730
v 0.064395 -0.046595 0.025776
v 0.067015 -0.048270 0.024781
v 0.072112 -0.052181 0.017728
v 0.072663 -0.052604 0.014549
v 0.071924 -0.052037 0.018336
v 0.070927 -0.051272 0.020619
v 0.070292 -0.050785 0.021649
v 0.069189 -0.049938 0.023025
v 0.067928 -0.048970 0.024165
v 0.064556 -0.046383 0.025769
v 0.065063 -0.046772 0.025637
v 0.052023 -0.061016 -0.025579
v 0.054211 -0.063867 -0.024114
v 0.056017 -0.066220 -0.021610
v 0.057263 -0.067844 -0.018313
v 0.057827 -0.068580 -0.014544
v 0.072062 -0.034318 -0.025659
v 0.072402 -0.034459 -0.025579
v 0.075870 -0.035895 -0.024015
v 0.077760 -0.036678 -0.022414
v 0.078462 -0.036969 -0.021610
v 0.079412 -0.037363 -0.020238
v 0.080353 -0.037752 -0.018313
v 0.080621 -0.037863 -0.017554
v 0.081210 -0.038107 -0.014544
v 0.075722 -0.035834 -0.024114
v 0.073927 -0.035090 -0.025068
v 0.078522 -0.012324 0.025781
v 0.078517 -0.012323 0.025782
v 0.081594 -0.012728 0.024793
v 0.088661 -0.013653 0.014550
v 0.088660 -0.013658 0.014550
v 0.087970 -0.013568 0.017732
v 0.087969 -0.013567 0.017738
v 0.086488 -0.013372 0.020626
v 0.084313 -0.013086 0.023035
v 0.082896 -0.012899 0.024077
v 0.086267 -0.008835 0.021649
v 0.083313 -0.008446 0.024165
v 0.079732 -0.007974 0.025637
v 0.081377 -0.008191 0.025125
v 0.089230 -0.009225 0.014549
v 0.088306 -0.009103 0.018336
v 0.087292 -0.008970 0.020271
v 0.084370 -0.030478 -0.014544
v 0.083781 -0.030234 -0.017554
v 0.083513 -0.030123 -0.018313
v 0.082572 -0.029734 -0.020238
v 0.081622 -0.029340 -0.021610
v 0.080920 -0.029049 -0.022414
v 0.079030 -0.028267 -0.024015
v 0.075221 -0.026689 -0.025659
v 0.075561 -0.026830 -0.025579
v 0.077087 -0.027462 -0.025068
v 0.078882 -0.028205 -0.024114
v 0.089383 0.007603 -0.014544
v 0.088464 0.007482 -0.018313
v 0.086434 0.007215 -0.021610
v 0.083494 0.006828 -0.024114
v 0.079931 0.006359 -0.025579
v 0.074164 0.028589 0.025781
v 0.074159 0.028587 0.025782
v 0.077027 0.029774 0.024793
v 0.083609 0.032507 0.014550
v 0.083611 0.032502 0.014550
v 0.082968 0.032235 0.017732
v 0.082967 0.032235 0.017738
v 0.081587 0.031663 0.020626
v 0.079560 0.030824 0.023035
v 0.078240 0.030277 0.024077
v 0.073140 0.032715 0.025644
v 0.076479 0.034098 0.024171
v 0.079234 0.035239 0.021654
v 0.081135 0.036026 0.018339
v 0.081996 0.036383 0.014550
v 0.073037 0.032960 0.025637
v 0.076374 0.034342 0.024165
v 0.079127 0.035483 0.021649
v 0.081027 0.036270 0.018336
v 0.081888 0.036626 0.014549
v 0.088305 0.015790 -0.014544
v 0.087620 0.015700 -0.017708
v 0.078233 0.014464 -0.025708
v 0.078222 0.014462 -0.025710
v 0.081282 0.014865 -0.024727
v 0.087616 0.015699 -0.017718
v 0.086146 0.015506 -0.020585
v 0.083984 0.015221 -0.022979
v 0.065751 0.045248 -0.025659
v 0.066043 0.045472 -0.025579
v 0.069021 0.047758 -0.024015
v 0.070644 0.049003 -0.022414
v 0.071247 0.049466 -0.021610
v 0.072063 0.050092 -0.020238
v 0.072871 0.050712 -0.018313
v 0.073101 0.050888 -0.017554
v 0.073607 0.051276 -0.014544
v 0.068894 0.047660 -0.024114
v 0.067353 0.046478 -0.025068
v 0.068580 0.057827 -0.014544
v 0.068074 0.057439 -0.017554
v 0.067844 0.057263 -0.018313
v 0.067036 0.056643 -0.020238
v 0.066220 0.056017 -0.021610
v 0.065617 0.055554 -0.022414
v 0.063995 0.054309 -0.024015
v 0.060724 0.051799 -0.025659
v 0.061016 0.052023 -0.025579
v 0.062326 0.053029 -0.025068
v 0.063867 0.054211 -0.024114
v 0.035396 0.074665 -0.024727
v 0.034215 0.071814 -0.025710
v 0.034219 0.071824 -0.025708
v 0.037274 0.079198 -0.020585
v 0.037841 0.080568 -0.017718
v 0.037842 0.080571 -0.017708
v 0.038107 0.081210 -0.014544
v 0.035895 0.075870 -0.024015
v 0.036439 0.077183 -0.022979
v 0.056154 0.069956 0.014550
v 0.056158 0.069953 0.014550
v 0.055735 0.069401 0.017732
v 0.049931 0.061836 0.025782
v 0.049934 0.061841 0.025781
v 0.051820 0.064299 0.024793
v 0.055734 0.069399 0.017738
v 0.054825 0.068214 0.020626
v 0.053489 0.066474 0.023035
v 0.052619 0.065340 0.024077
v 0.012934 0.079079 0.025637
v 0.013150 0.080724 0.025125
v 0.013405 0.082660 0.024165
v 0.013694 0.084857 0.022457
v 0.013794 0.085614 0.021649
v 0.013929 0.086639 0.020271
v 0.014062 0.087653 0.018336
v 0.014184 0.088577 0.014549
v 0.026432 0.075721 -0.025558
v 0.027063 0.077244 -0.025049
v 0.027805 0.079036 -0.024096
v 0.028938 0.081771 -0.021597
v 0.029331 0.082720 -0.020227
v 0.029720 0.083659 -0.018305
v 0.030075 0.084515 -0.014542
v -0.006788 0.086475 -0.021597
v -0.006402 0.083539 -0.024096
v -0.005934 0.079982 -0.025558
v -0.006149 0.081616 -0.025049
v -0.007176 0.089419 -0.014542
v -0.007055 0.088501 -0.018305
v -0.006922 0.087493 -0.020227
v -0.028339 0.074951 0.025637
v -0.028974 0.076484 0.025125
v -0.029721 0.078288 0.024165
v -0.030861 0.081041 0.021649
v -0.031257 0.081996 0.020271
v -0.031648 0.082941 0.018336
v -0.032005 0.083802 0.014549
v -0.014969 0.078792 -0.025558
v -0.015185 0.080427 -0.025049
v -0.015438 0.082350 -0.024096
v -0.015824 0.085285 -0.021597
v -0.015958 0.086303 -0.020227
v -0.016091 0.087311 -0.018305
v -0.016212 0.088229 -0.014542
v -0.051100 0.073729 -0.014543
v -0.050536 0.072994 -0.018309
v -0.049291 0.071371 -0.021604
v -0.047487 0.069020 -0.024105
v -0.045301 0.066171 -0.025569
v -0.045130 0.066300 -0.025558
v -0.047314 0.069146 -0.024096
v -0.049116 0.071495 -0.021597
v -0.050360 0.073116 -0.018305
v -0.050924 0.073851 -0.014542
v -0.062181 0.050530 0.025644
v -0.065048 0.052730 0.024171
v -0.067413 0.054545 0.021654
v -0.069046 0.055798 0.018339
v -0.069786 0.056366 0.014550
v -0.069618 0.056572 0.014549
v -0.068879 0.056005 0.018336
v -0.067247 0.054753 0.021649
v -0.064883 0.052939 0.024165
v -0.062018 0.050740 0.025637
v -0.058154 0.068303 -0.014542
v -0.057767 0.067798 -0.017548
v -0.057591 0.067568 -0.018305
v -0.056972 0.066762 -0.020227
v -0.056347 0.065947 -0.021597
v -0.055885 0.065345 -0.022399
v -0.054642 0.063725 -0.023998
v -0.054544 0.063598 -0.024096
v -0.053364 0.062059 -0.025049
v -0.052360 0.060752 -0.025558
v -0.052136 0.060460 -0.025639
v -0.081027 0.038495 -0.014542
v -0.080439 0.038251 -0.017548
v -0.080171 0.038140 -0.018305
v -0.079232 0.037751 -0.020227
v -0.078284 0.037358 -0.021597
v -0.077583 0.037068 -0.022399
v -0.075696 0.036287 -0.023998
v -0.075548 0.036225 -0.024096
v -0.073756 0.035483 -0.025049
v -0.072233 0.034852 -0.025558
v -0.071894 0.034712 -0.025639
v -0.079115 0.012670 0.025644
v -0.082698 0.013142 0.024171
v -0.085654 0.013531 0.021654
v -0.087694 0.013800 0.018339
v -0.088619 0.013921 0.014550
v -0.088577 0.014184 0.014549
v -0.087653 0.014062 0.018336
v -0.085614 0.013794 0.021649
v -0.082660 0.013405 0.024165
v -0.079079 0.012934 0.025637
v -0.084442 0.030277 -0.014543
v -0.083586 0.029922 -0.018309
v -0.081697 0.029139 -0.021604
v -0.078959 0.028005 -0.024105
v -0.075641 0.026631 -0.025569
v -0.084514 0.030075 -0.014542
v -0.083659 0.029720 -0.018305
v -0.081771 0.028938 -0.021597
v -0.079036 0.027805 -0.024096
v -0.075721 0.026432 -0.025558
v -0.089419 -0.007176 -0.014542
v -0.088788 -0.007093 -0.017548
v -0.088501 -0.007055 -0.018305
v -0.087493 -0.006922 -0.020227
v -0.086475 -0.006788 -0.021597
v -0.085722 -0.006689 -0.022399
v -0.083698 -0.006423 -0.023998
v -0.083539 -0.006402 -0.024096
v -0.081616 -0.006149 -0.025049
v -0.079982 -0.005934 -0.025558
v -0.079618 -0.005886 -0.025639
v -0.074951 -0.028339 0.025637
v -0.076484 -0.028974 0.025125
v -0.078288 -0.029721 0.024165
v -0.080335 -0.030569 0.022457
v -0.081041 -0.030861 0.021649
v -0.081996 -0.031257 0.020271
v -0.082941 -0.031648 0.018336
v -0.083802 -0.032005 0.014549
v -0.078193 -0.014675 -0.025700
v -0.088268 -0.016001 -0.014543
v -0.087583 -0.015911 -0.017704
v -0.078163 -0.014887 -0.025690
v -0.078792 -0.014969 -0.025558
v -0.081217 -0.015289 -0.024708
v -0.082350 -0.015438 -0.024096
v -0.083915 -0.015644 -0.022963
v -0.085285 -0.015824 -0.021597
v -0.086073 -0.015928 -0.020573
v -0.087311 -0.016091 -0.018305
v -0.087545 -0.016122 -0.017701
v -0.088229 -0.016212 -0.014542
v -0.073851 -0.050924 -0.014542
v -0.073346 -0.050537 -0.017548
v -0.073116 -0.050360 -0.018305
v -0.072310 -0.049742 -0.020227
v -0.071495 -0.049116 -0.021597
v -0.070893 -0.048654 -0.022399
v -0.069273 -0.047411 -0.023998
v -0.069146 -0.047314 -0.024096
v -0.067608 -0.046133 -0.025049
v -0.066300 -0.045130 -0.025558
v -0.066008 -0.044906 -0.025639
v -0.050515 -0.061724 0.025718
v -0.050740 -0.062018 0.025637
v -0.051750 -0.063334 0.025125
v -0.052939 -0.064883 0.024165
v -0.053037 -0.065011 0.024066
v -0.054288 -0.066641 0.022457
v -0.054753 -0.067247 0.021649
v -0.055382 -0.068067 0.020271
v -0.056005 -0.068879 0.018336
v -0.056183 -0.069110 0.017574
v -0.056572 -0.069618 0.014549
v -0.068303 -0.058154 -0.014542
v -0.067568 -0.057591 -0.018305
v -0.066762 -0.056972 -0.020227
v -0.065947 -0.056347 -0.021597
v -0.063598 -0.054544 -0.024096
v -0.062059 -0.053364 -0.025049
v -0.060752 -0.052360 -0.025558
v -0.034655 -0.072317 -0.025569
v -0.036030 -0.075635 -0.024105
v -0.037164 -0.078373 -0.021604
v -0.037946 -0.080262 -0.018309
v -0.038301 -0.081119 -0.014543
v -0.034852 -0.072233 -0.025558
v -0.036225 -0.075548 -0.024096
v -0.037358 -0.078284 -0.021597
v -0.038140 -0.080171 -0.018305
v -0.038495 -0.081027 -0.014542
v -0.013405 -0.082660 0.024165
v -0.013794 -0.085614 0.021649
v -0.014062 -0.087653 0.018336
v -0.014184 -0.088577 0.014549
v -0.012934 -0.079079 0.025637
v -0.026292 -0.075382 -0.025639
v -0.026432 -0.075721 -0.025558
v -0.027063 -0.077244 -0.025049
v -0.027805 -0.079036 -0.024096
v -0.027867 -0.079184 -0.023998
v -0.028648 -0.081070 -0.022399
v -0.028938 -0.081771 -0.021597
v -0.029331 -0.082720 -0.020227
v -0.029720 -0.083659 -0.018305
v -0.029831 -0.083927 -0.017548
v -0.030075 -0.084514 -0.014542
v 0.005934 -0.079982 -0.025558
v 0.007176 -0.089419 -0.014542
v 0.007055 -0.088501 -0.018305
v 0.006788 -0.086475 -0.021597
v 0.006402 -0.083539 -0.024096
v 0.032253 -0.083707 0.014550
v 0.031896 -0.082845 0.018339
v 0.031109 -0.080944 0.021654
v 0.029968 -0.078189 0.024171
v 0.028585 -0.074851 0.025644
v 0.032005 -0.083802 0.014549
v 0.031648 -0.082941 0.018336
v 0.030861 -0.081041 0.021649
v 0.029721 -0.078288 0.024165
v 0.028339 -0.074951 0.025637
v 0.016212 -0.088229 -0.014542
v 0.016129 -0.087598 -0.017548
v 0.016091 -0.087311 -0.018305
v 0.015958 -0.086303 -0.020227
v 0.015824 -0.085285 -0.021597
v 0.015725 -0.084533 -0.022399
v 0.015459 -0.082509 -0.023998
v 0.015438 -0.082350 -0.024096
v 0.015185 -0.080427 -0.025049
v 0.014969 -0.078792 -0.025558
v 0.014921 -0.078428 -0.025639
v 0.049116 -0.071495 -0.021597
v 0.047314 -0.069146 -0.024096
v 0.045130 -0.066300 -0.025558
v 0.046133 -0.067608 -0.025049
v 0.050924 -0.073851 -0.014542
v 0.050360 -0.073116 -0.018305
v 0.049742 -0.072310 -0.020227
v 0.062018 -0.050740 0.025637
v 0.063334 -0.051750 0.025125
v 0.064883 -0.052939 0.024165
v 0.067247 -0.054753 0.021649
v 0.068067 -0.055382 0.020271
v 0.068879 -0.056005 0.018336
v 0.069618 -0.056572 0.014549
v 0.057991 -0.068441 -0.014543
v 0.057427 -0.067706 -0.018309
v 0.056182 -0.066084 -0.021604
v 0.054378 -0.063733 -0.024105
v 0.052192 -0.060884 -0.025569
v 0.058154 -0.068303 -0.014542
v 0.057591 -0.067568 -0.018305
v 0.056347 -0.065947 -0.021597
v 0.054544 -0.063598 -0.024096
v 0.052360 -0.060752 -0.025558
v 0.081027 -0.038495 -0.014542
v 0.080439 -0.038251 -0.017548
v 0.080171 -0.038140 -0.018305
v 0.079232 -0.037751 -0.020227
v 0.078283 -0.037358 -0.021597
v 0.077583 -0.037068 -0.022399
v 0.075696 -0.036287 -0.023998
v 0.075548 -0.036225 -0.024096
v 0.073756 -0.035483 -0.025049
v 0.072233 -0.034852 -0.025558
v 0.071894 -0.034712 -0.025639
v 0.079079 -0.012934 0.025637
v 0.080724 -0.013150 0.025125
v 0.082660 -0.013405 0.024165
v 0.084857 -0.013694 0.022457
v 0.085614 -0.013794 0.021649
v 0.086639 -0.013929 0.020271
v 0.087653 -0.014062 0.018336
v 0.088577 -0.014184 0.014549
v 0.075382 -0.026292 -0.025639
v 0.075721 -0.026432 -0.025558
v 0.077244 -0.027063 -0.025049
v 0.079036 -0.027805 -0.024096
v 0.079184 -0.027867 -0.023998
v 0.081070 -0.028648 -0.022399
v 0.081771 -0.028938 -0.021597
v 0.082720 -0.029331 -0.020227
v 0.083659 -0.029720 -0.018305
v 0.083927 -0.029831 -0.017548
v 0.084515 -0.030075 -0.014542
v 0.079956 0.006146 -0.025569
v 0.083517 0.006615 -0.024105
v 0.086455 0.007002 -0.021604
v 0.088482 0.007269 -0.018309
v 0.089401 0.007390 -0.014543
v 0.079982 0.005934 -0.025558
v 0.083539 0.006402 -0.024096
v 0.086475 0.006788 -0.021597
v 0.088501 0.007055 -0.018305
v 0.089419 0.007176 -0.014542
v 0.074951 0.028339 0.025637
v 0.076484 0.028974 0.025125
v 0.078288 0.029721 0.024165
v 0.081041 0.030861 0.021649
v 0.081996 0.031257 0.020271
v 0.082941 0.031648 0.018336
v 0.083802 0.032005 0.014549
v 0.078193 0.014675 -0.025700
v 0.086073 0.015928 -0.020573
v 0.087583 0.015911 -0.017704
v 0.088268 0.016001 -0.014543
v 0.078163 0.014887 -0.025690
v 0.078792 0.014969 -0.025558
v 0.081217 0.015289 -0.024708
v 0.082350 0.015438 -0.024096
v 0.083915 0.015644 -0.022963
v 0.085285 0.015824 -0.021597
v 0.088229 0.016212 -0.014542
v 0.087545 0.016122 -0.017701
v 0.087311 0.016091 -0.018305
v 0.073851 0.050924 -0.014542
v 0.073346 0.050537 -0.017548
v 0.073116 0.050360 -0.018305
v 0.072310 0.049742 -0.020227
v 0.071495 0.049116 -0.021597
v 0.070893 0.048654 -0.022399
v 0.069273 0.047411 -0.023998
v 0.069146 0.047314 -0.024096
v 0.067608 0.046133 -0.025049
v 0.066300 0.045130 -0.025558
v 0.066008 0.044906 -0.025639
v 0.068303 0.058154 -0.014542
v 0.067798 0.057767 -0.017548
v 0.067568 0.057591 -0.018305
v 0.066762 0.056972 -0.020227
v 0.065947 0.056347 -0.021597
v 0.065345 0.055885 -0.022399
v 0.063725 0.054642 -0.023998
v 0.063598 0.054544 -0.024096
v 0.062059 0.053364 -0.025049
v 0.060752 0.052360 -0.025558
v 0.060460 0.052136 -0.025639
v 0.037358 0.078284 -0.021597
v 0.036225 0.075548 -0.024096
v 0.034852 0.072233 -0.025558
v 0.035483 0.073756 -0.025049
v 0.038495 0.081027 -0.014542
v 0.038140 0.080171 -0.018305
v 0.037751 0.079232 -0.020227
v 0.050740 0.062018 0.025637
v 0.051750 0.063334 0.025125
v 0.052939 0.064883 0.024165
v 0.054753 0.067247 0.021649
v 0.055382 0.068067 0.020271
v 0.056005 0.068879 0.018336
v 0.056572 0.069618 0.014549
v 0.045491 0.066029 0.025579
v 0.047679 0.068880 0.024114
v 0.049484 0.071233 0.021610
v 0.050730 0.072857 0.018313
v 0.006382 0.079928 0.025579
v 0.006851 0.083491 0.024114
v 0.007238 0.086432 0.021610
v 0.007505 0.088461 0.018313
v -0.045491 -0.066029 0.025579
v -0.046496 -0.067339 0.025069
v -0.050110 -0.072049 0.020238
v -0.049484 -0.071233 0.021610
v -0.047679 -0.068880 0.024114
v -0.050730 -0.072857 0.018313
v -0.006334 -0.079563 0.025659
v -0.006597 -0.081565 0.025069
v -0.007139 -0.085678 0.022415
v -0.007372 -0.087452 0.020238
v -0.007543 -0.088749 0.017555
v 0.066029 -0.045491 0.025579
v 0.068880 -0.047679 0.024114
v 0.071233 -0.049484 0.021610
v 0.072857 -0.050730 0.018313
v 0.079928 -0.006382 0.025579
v 0.083491 -0.006851 0.024114
v 0.086432 -0.007238 0.021610
v 0.088461 -0.007505 0.018313
v 0.072410 0.034437 0.025579
v 0.074674 0.035375 0.024727
v 0.077192 0.036418 0.022979
v 0.075731 0.035813 0.024114
v 0.079207 0.037252 0.020585
v 0.078471 0.036948 0.021610
v 0.080362 0.037731 0.018313
v 0.049950 0.071879 0.020584
v 0.050853 0.073055 0.017718
v 0.050855 0.073058 0.017708
v 0.051276 0.073607 0.014544
v 0.045092 0.065547 0.025708
v 0.045085 0.065538 0.025710
v 0.046963 0.067986 0.024727
v 0.047758 0.069021 0.024015
v 0.048623 0.070149 0.022979
v 0.015646 0.087389 0.018313
v 0.015379 0.085360 0.021610
v 0.014523 0.078856 0.025579
v 0.014992 0.082420 0.024114
v 0.006679 0.082359 0.024727
v 0.006276 0.079300 0.025710
v 0.006278 0.079311 0.025708
v 0.007319 0.087224 0.020584
v 0.007513 0.088694 0.017718
v 0.007513 0.088698 0.017708
v 0.007603 0.089383 0.014544
v 0.007034 0.085062 0.022979
v -0.038107 0.081210 0.014544
v -0.037752 0.080353 0.018313
v -0.034459 0.072402 0.025579
v -0.036439 0.077183 0.022979
v -0.037274 0.079198 0.020584
v -0.036969 0.078462 0.021610
v -0.035834 0.075722 0.024114
v -0.035396 0.074665 0.024727
v -0.065751 0.045248 0.025659
v -0.066043 0.045472 0.025579
v -0.069021 0.047758 0.024015
v -0.070644 0.049003 0.022414
v -0.071247 0.049466 0.021610
v -0.072063 0.050092 0.020238
v -0.072871 0.050712 0.018313
v -0.073101 0.050888 0.017554
v -0.073607 0.051276 0.014544
v -0.068894 0.047660 0.024114
v -0.067353 0.046478 0.025068
v -0.079566 0.006311 0.025659
v -0.079931 0.006359 0.025579
v -0.083653 0.006849 0.024015
v -0.085681 0.007116 0.022414
v -0.086434 0.007215 0.021610
v -0.087454 0.007349 0.020238
v -0.088464 0.007482 0.018313
v -0.088751 0.007520 0.017554
v -0.089383 0.007603 0.014544
v -0.083494 0.006828 0.024114
v -0.081568 0.006574 0.025068
v -0.072062 -0.034318 0.025659
v -0.072402 -0.034459 0.025579
v -0.075870 -0.035895 0.024015
v -0.077760 -0.036678 0.022414
v -0.078462 -0.036969 0.021610
v -0.079412 -0.037363 0.020238
v -0.080353 -0.037752 0.018313
v -0.080621 -0.037863 0.017554
v -0.081210 -0.038107 0.014544
v -0.075722 -0.035834 0.024114
v -0.073927 -0.035090 0.025068
v -0.047758 -0.069021 0.024015
v -0.046478 -0.067353 0.025068
v -0.045248 -0.065751 0.025659
v -0.049003 -0.070644 0.022414
v -0.050092 -0.072063 0.020238
v -0.050888 -0.073101 0.017554
v -0.051276 -0.073607 0.014544
v -0.014475 -0.078491 0.025659
v -0.006311 -0.079566 0.025659
v -0.006359 -0.079931 0.025579
v -0.006574 -0.081568 0.025068
v -0.006828 -0.083494 0.024114
v -0.006849 -0.083653 0.024015
v -0.007116 -0.085681 0.022414
v -0.007215 -0.086434 0.021610
v -0.007349 -0.087454 0.020238
v -0.007482 -0.088464 0.018313
v -0.007520 -0.088751 0.017554
v -0.007603 -0.089383 0.014544
v 0.034318 -0.072062 0.025659
v 0.034459 -0.072402 0.025579
v 0.035895 -0.075870 0.024015
v 0.036678 -0.077760 0.022414
v 0.036969 -0.078462 0.021610
v 0.037363 -0.079412 0.020238
v 0.037752 -0.080353 0.018313
v 0.037863 -0.080621 0.017554
v 0.038107 -0.081210 0.014544
v 0.035834 -0.075722 0.024114
v 0.035090 -0.073927 0.025068
v 0.067858 -0.057245 0.018313
v 0.066234 -0.055999 0.021610
v 0.061030 -0.052005 0.025579
v 0.063882 -0.054193 0.024114
v 0.067986 -0.046963 0.024727
v 0.065538 -0.045085 0.025710
v 0.065547 -0.045092 0.025708
v 0.071879 -0.049950 0.020584
v 0.073055 -0.050853 0.017718
v 0.073058 -0.050855 0.017708
v 0.073607 -0.051276 0.014544
v 0.070149 -0.048623 0.022979
v 0.082359 -0.006679 0.024727
v 0.079300 -0.006276 0.025710
v 0.079311 -0.006278 0.025708
v 0.087224 -0.007319 0.020584
v 0.088694 -0.007513 0.017718
v 0.088698 -0.007513 0.017708
v 0.089383 -0.007603 0.014544
v 0.083653 -0.006849 0.024015
v 0.085062 -0.007034 0.022979
v 0.074665 0.035396 0.024727
v 0.071814 0.034215 0.025710
v 0.071824 0.034219 0.025708
v 0.079198 0.037274 0.020584
v 0.080568 0.037841 0.017718
v 0.080571 0.037842 0.017708
v 0.081210 0.038107 0.014544
v 0.075870 0.035895 0.024015
v 0.077183 0.036439 0.022979
v 0.057245 0.067858 0.018313
v 0.055999 0.066234 0.021610
v 0.052005 0.061030 0.025579
v 0.054193 0.063882 0.024114
v 0.049116 0.071495 0.021597
v 0.047314 0.069146 0.024096
v 0.045130 0.066300 0.025558
v 0.046133 0.067608 0.025049
v 0.050924 0.073851 0.014542
v 0.050360 0.073116 0.018304
v 0.049742 0.072310 0.020227
v 0.015790 0.088305 0.014544
v 0.015700 0.087620 0.017708
v 0.014865 0.081282 0.024727
v 0.014464 0.078233 0.025708
v 0.014462 0.078222 0.025710
v 0.015699 0.087616 0.017718
v 0.015506 0.086146 0.020584
v 0.015221 0.083984 0.022979
v 0.015036 0.082575 0.024015
v 0.007390 0.089401 0.014543
v 0.007299 0.088716 0.017704
v 0.006063 0.079326 0.025700
v 0.006253 0.082406 0.024708
v 0.007086 0.088734 0.017701
v 0.007176 0.089419 0.014542
v 0.007055 0.088501 0.018304
v 0.006892 0.087263 0.020573
v 0.006788 0.086475 0.021597
v 0.006608 0.085105 0.022963
v 0.006402 0.083539 0.024096
v 0.005851 0.079352 0.025690
v 0.005934 0.079982 0.025558
v -0.030478 0.084370 0.014544
v -0.030234 0.083781 0.017554
v -0.030123 0.083513 0.018313
v -0.029734 0.082572 0.020238
v -0.029340 0.081622 0.021610
v -0.029049 0.080920 0.022414
v -0.028267 0.079030 0.024015
v -0.026689 0.075221 0.025659
v -0.026830 0.075561 0.025579
v -0.027462 0.077087 0.025068
v -0.028205 0.078882 0.024114
v -0.038037 0.080480 0.017704
v -0.038301 0.081119 0.014543
v -0.034412 0.071730 0.025700
v -0.038495 0.081027 0.014542
v -0.038231 0.080389 0.017701
v -0.038140 0.080171 0.018304
v -0.037663 0.079018 0.020573
v -0.037358 0.078284 0.021597
v -0.036830 0.077007 0.022963
v -0.036225 0.075548 0.024096
v -0.035788 0.074493 0.024708
v -0.034609 0.071647 0.025690
v -0.034852 0.072233 0.025558
v -0.067844 0.057263 0.018313
v -0.068580 0.057827 0.014544
v -0.063867 0.054211 0.024114
v -0.065122 0.055174 0.022979
v -0.066220 0.056017 0.021610
v -0.066852 0.056501 0.020584
v -0.062959 0.053514 0.024727
v -0.061016 0.052023 0.025579
v -0.073851 0.050924 0.014542
v -0.073346 0.050537 0.017548
v -0.073116 0.050360 0.018304
v -0.072310 0.049742 0.020227
v -0.071495 0.049116 0.021597
v -0.070893 0.048654 0.022399
v -0.069273 0.047411 0.023998
v -0.069146 0.047314 0.024096
v -0.067608 0.046133 0.025049
v -0.066300 0.045130 0.025558
v -0.066008 0.044906 0.025638
v -0.078853 0.014545 0.025579
v -0.082416 0.015015 0.024114
v -0.085357 0.015402 0.021610
v -0.087386 0.015669 0.018313
v -0.088305 0.015790 0.014544
v -0.089419 0.007176 0.014542
v -0.088788 0.007093 0.017548
v -0.088501 0.007055 0.018304
v -0.087493 0.006922 0.020227
v -0.086475 0.006788 0.021597
v -0.085722 0.006689 0.022399
v -0.083698 0.006423 0.023998
v -0.083539 0.006402 0.024096
v -0.081616 0.006149 0.025049
v -0.079982 0.005934 0.025558
v -0.079618 0.005886 0.025638
v -0.084370 -0.030478 0.014544
v -0.083781 -0.030234 0.017554
v -0.083513 -0.030123 0.018313
v -0.082572 -0.029734 0.020238
v -0.081622 -0.029340 0.021610
v -0.080920 -0.029049 0.022414
v -0.079030 -0.028267 0.024015
v -0.075221 -0.026689 0.025659
v -0.075561 -0.026830 0.025579
v -0.077087 -0.027462 0.025068
v -0.078882 -0.028205 0.024114
v -0.081027 -0.038495 0.014542
v -0.080439 -0.038251 0.017548
v -0.080171 -0.038140 0.018304
v -0.079232 -0.037751 0.020227
v -0.078284 -0.037358 0.021597
v -0.077583 -0.037068 0.022399
v -0.075696 -0.036287 0.023998
v -0.075548 -0.036225 0.024096
v -0.073756 -0.035483 0.025049
v -0.072233 -0.034852 0.025558
v -0.071894 -0.034712 0.025638
v -0.057827 -0.068580 0.014544
v -0.057439 -0.068074 0.017554
v -0.057263 -0.067844 0.018313
v -0.056643 -0.067036 0.020238
v -0.056017 -0.066220 0.021610
v -0.055554 -0.065617 0.022414
v -0.054309 -0.063995 0.024015
v -0.051799 -0.060724 0.025659
v -0.052023 -0.061016 0.025579
v -0.053029 -0.062326 0.025068
v -0.054211 -0.063867 0.024114
v -0.050924 -0.073851 0.014542
v -0.050360 -0.073116 0.018304
v -0.049742 -0.072310 0.020227
v -0.049116 -0.071495 0.021597
v -0.047314 -0.069146 0.024096
v -0.046133 -0.067608 0.025049
v -0.045130 -0.066300 0.025558
v -0.014497 -0.078488 0.025659
v -0.014545 -0.078853 0.025579
v -0.014761 -0.080490 0.025068
v -0.015015 -0.082416 0.024114
v -0.015036 -0.082575 0.024015
v -0.015302 -0.084603 0.022414
v -0.015402 -0.085357 0.021610
v -0.015536 -0.086377 0.020238
v -0.015669 -0.087386 0.018313
v -0.015707 -0.087674 0.017554
v -0.015790 -0.088305 0.014544
v -0.005934 -0.079982 0.025558
v -0.007176 -0.089419 0.014542
v -0.007055 -0.088501 0.018304
v -0.006788 -0.086475 0.021597
v -0.006402 -0.083539 0.024096
v 0.030478 -0.084370 0.014544
v 0.030234 -0.083781 0.017554
v 0.030123 -0.083513 0.018313
v 0.029734 -0.082572 0.020238
v 0.029340 -0.081622 0.021610
v 0.029049 -0.080920 0.022414
v 0.028267 -0.079030 0.024015
v 0.026689 -0.075221 0.025659
v 0.026830 -0.075561 0.025579
v 0.027462 -0.077087 0.025068
v 0.028205 -0.078882 0.024114
v 0.038495 -0.081027 0.014542
v 0.038251 -0.080439 0.017548
v 0.038140 -0.080171 0.018304
v 0.037751 -0.079232 0.020227
v 0.037358 -0.078284 0.021597
v 0.037068 -0.077583 0.022399
v 0.036287 -0.075696 0.023998
v 0.036225 -0.075548 0.024096
v 0.035483 -0.073756 0.025049
v 0.034852 -0.072233 0.025558
v 0.034712 -0.071894 0.025638
v 0.068580 -0.057827 0.014544
v 0.068031 -0.057406 0.017708
v 0.062959 -0.053514 0.024727
v 0.060520 -0.051643 0.025708
v 0.060511 -0.051636 0.025710
v 0.068029 -0.057404 0.017718
v 0.066852 -0.056501 0.020584
v 0.065122 -0.055174 0.022979
v 0.063995 -0.054309 0.024015
v 0.073729 -0.051100 0.014543
v 0.073181 -0.050680 0.017704
v 0.065667 -0.044914 0.025700
v 0.068240 -0.046618 0.024708
v 0.073303 -0.050504 0.017701
v 0.073851 -0.050924 0.014542
v 0.073116 -0.050360 0.018304
v 0.072126 -0.049600 0.020573
v 0.071495 -0.049116 0.021597
v 0.070399 -0.048275 0.022963
v 0.069146 -0.047314 0.024096
v 0.065796 -0.044743 0.025690
v 0.066300 -0.045130 0.025558
v 0.088305 -0.015790 0.014544
v 0.087674 -0.015707 0.017554
v 0.087386 -0.015669 0.018313
v 0.086377 -0.015536 0.020238
v 0.085357 -0.015402 0.021610
v 0.084603 -0.015302 0.022414
v 0.082575 -0.015036 0.024015
v 0.078488 -0.014497 0.025659
v 0.078853 -0.014545 0.025579
v 0.080490 -0.014761 0.025068
v 0.082416 -0.015015 0.024114
v 0.086475 -0.006788 0.021597
v 0.083539 -0.006402 0.024096
v 0.079982 -0.005934 0.025558
v 0.081616 -0.006149 0.025049
v 0.089419 -0.007176 0.014542
v 0.088501 -0.007055 0.018304
v 0.087493 -0.006922 0.020227
v 0.083513 0.030123 0.018313
v 0.084370 0.030478 0.014544
v 0.078882 0.028205 0.024114
v 0.080343 0.028810 0.022979
v 0.081622 0.029340 0.021610
v 0.082358 0.029645 0.020584
v 0.077824 0.027767 0.024727
v 0.075561 0.026830 0.025579
v 0.078284 0.037358 0.021597
v 0.075548 0.036225 0.024096
v 0.072233 0.034852 0.025558
v 0.073756 0.035483 0.025049
v 0.081027 0.038495 0.014542
v 0.080171 0.038140 0.018304
v 0.079232 0.037751 0.020227
v 0.057827 0.068580 0.014544
v 0.057406 0.068031 0.017708
v 0.051642 0.060520 0.025708
v 0.051636 0.060511 0.025710
v 0.053514 0.062959 0.024727
v 0.057404 0.068029 0.017718
v 0.056501 0.066852 0.020584
v 0.055174 0.065122 0.022979
v 0.014969 0.078792 0.025558
v 0.015185 0.080427 0.025049
v 0.015438 0.082350 0.024096
v 0.015725 0.084533 0.022399
v 0.015824 0.085285 0.021597
v 0.015958 0.086303 0.020227
v 0.016091 0.087311 0.018304
v 0.016212 0.088229 0.014542
v 0.028026 0.084251 -0.018262
v 0.027251 0.082380 -0.021524
v 0.024767 0.076384 -0.025451
v 0.026128 0.079669 -0.024002
v -0.030075 0.084515 0.014542
v -0.029831 0.083927 0.017548
v -0.029720 0.083659 0.018304
v -0.029331 0.082720 0.020227
v -0.028938 0.081771 0.021597
v -0.028648 0.081070 0.022399
v -0.027867 0.079184 0.023998
v -0.027805 0.079036 0.024096
v -0.027063 0.077244 0.025049
v -0.026432 0.075721 0.025558
v -0.026292 0.075382 0.025638
v -0.017207 0.082059 -0.024002
v -0.017590 0.084968 -0.021524
v -0.016743 0.078534 -0.025451
v -0.017855 0.086976 -0.018262
v -0.060380 0.051805 0.025700
v -0.060248 0.051974 0.025690
v -0.060752 0.052360 0.025558
v -0.062692 0.053849 0.024708
v -0.066578 0.056831 0.020573
v -0.067568 0.057591 0.018304
v -0.067893 0.057570 0.017704
v -0.067755 0.057734 0.017701
v -0.068441 0.057991 0.014543
v -0.068303 0.058154 0.014542
v -0.065947 0.056347 0.021597
v -0.064851 0.055505 0.022963
v -0.063598 0.054544 0.024096
v -0.071524 0.036499 -0.025451
v -0.074810 0.037859 -0.024002
v -0.077520 0.038982 -0.021524
v -0.079391 0.039757 -0.018262
v -0.088268 0.016001 0.014543
v -0.087349 0.015880 0.018309
v -0.085321 0.015613 0.021603
v -0.082383 0.015226 0.024105
v -0.078823 0.014757 0.025569
v -0.088229 0.016212 0.014542
v -0.087311 0.016091 0.018304
v -0.085285 0.015824 0.021597
v -0.082350 0.015438 0.024096
v -0.078792 0.014969 0.025558
v -0.077893 0.025392 -0.024946
v -0.079669 0.026128 -0.024002
v -0.082380 0.027251 -0.021524
v -0.083320 0.027640 -0.020167
v -0.084251 0.028025 -0.018262
v -0.076384 0.024767 -0.025451
v -0.075382 -0.026292 0.025638
v -0.075721 -0.026432 0.025558
v -0.077244 -0.027063 0.025049
v -0.079036 -0.027805 0.024096
v -0.079184 -0.027867 0.023998
v -0.081070 -0.028648 0.022399
v -0.081771 -0.028938 0.021597
v -0.082720 -0.029331 0.020227
v -0.083659 -0.029720 0.018304
v -0.083927 -0.029831 0.017548
v -0.084514 -0.030075 0.014542
v -0.086976 -0.017855 -0.018262
v -0.078534 -0.016743 -0.025451
v -0.080153 -0.016956 -0.024946
v -0.082059 -0.017207 -0.024002
v -0.084968 -0.017590 -0.021524
v -0.052136 -0.060460 0.025638
v -0.052360 -0.060752 0.025558
v -0.053364 -0.062059 0.025049
v -0.054544 -0.063598 0.024096
v -0.054642 -0.063725 0.023998
v -0.055885 -0.065345 0.022399
v -0.056347 -0.065947 0.021597
v -0.056972 -0.066762 0.020227
v -0.057591 -0.067568 0.018304
v -0.057767 -0.067798 0.017548
v -0.058154 -0.068303 0.014542
v -0.062462 -0.055932 -0.024002
v -0.064790 -0.057718 -0.021524
v -0.059640 -0.053767 -0.025451
v -0.066396 -0.058951 -0.018262
v -0.036499 -0.071524 -0.025451
v -0.037859 -0.074810 -0.024002
v -0.038982 -0.077520 -0.021524
v -0.039757 -0.079391 -0.018262
v -0.015438 -0.082350 0.024096
v -0.015824 -0.085285 0.021597
v -0.016091 -0.087311 0.018304
v -0.016212 -0.088229 0.014542
v -0.014969 -0.078792 0.025558
v -0.028026 -0.084251 -0.018262
v -0.024767 -0.076384 -0.025451
v -0.026128 -0.079669 -0.024002
v -0.027251 -0.082380 -0.021524
v 0.004153 -0.080191 -0.025451
v 0.004617 -0.083717 -0.024002
v 0.005000 -0.086626 -0.021524
v 0.005265 -0.088634 -0.018262
v 0.030075 -0.084514 0.014542
v 0.029831 -0.083927 0.017548
v 0.029720 -0.083659 0.018304
v 0.029331 -0.082720 0.020227
v 0.028938 -0.081771 0.021597
v 0.028648 -0.081070 0.022399
v 0.027867 -0.079184 0.023998
v 0.027805 -0.079036 0.024096
v 0.027063 -0.077244 0.025049
v 0.026432 -0.075721 0.025558
v 0.026292 -0.075382 0.025638
v 0.043692 -0.067371 -0.025451
v 0.045857 -0.070192 -0.024002
v 0.047643 -0.072520 -0.021524
v 0.048876 -0.074127 -0.018262
v 0.060752 -0.052360 0.025558
v 0.062059 -0.053364 0.025049
v 0.063598 -0.054544 0.024096
v 0.065345 -0.055885 0.022399
v 0.065947 -0.056347 0.021597
v 0.066762 -0.056972 0.020227
v 0.067568 -0.057591 0.018304
v 0.068303 -0.058154 0.014542
v 0.058951 -0.066396 -0.018262
v 0.053767 -0.059640 -0.025451
v 0.055932 -0.062462 -0.024002
v 0.057718 -0.064790 -0.021524
v 0.071524 -0.036499 -0.025451
v 0.074810 -0.037859 -0.024002
v 0.079391 -0.039757 -0.018262
v 0.077520 -0.038982 -0.021524
v 0.088229 -0.016212 0.014542
v 0.087598 -0.016129 0.017548
v 0.087311 -0.016091 0.018304
v 0.086303 -0.015958 0.020227
v 0.085285 -0.015824 0.021597
v 0.084533 -0.015725 0.022399
v 0.082509 -0.015459 0.023998
v 0.082350 -0.015438 0.024096
v 0.080427 -0.015185 0.025049
v 0.078792 -0.014969 0.025558
v 0.078428 -0.014921 0.025638
v 0.075054 0.026388 0.025700
v 0.075134 0.026189 0.025690
v 0.075721 0.026432 0.025558
v 0.077980 0.027368 0.024708
v 0.082506 0.029243 0.020573
v 0.083659 0.029720 0.018304
v 0.083804 0.030012 0.017704
v 0.083877 0.029811 0.017701
v 0.084442 0.030277 0.014543
v 0.084515 0.030075 0.014542
v 0.081771 0.028938 0.021597
v 0.080494 0.028410 0.022963
v 0.079036 0.027805 0.024096
v 0.086976 0.017855 -0.018262
v 0.084968 0.017590 -0.021524
v 0.078534 0.016743 -0.025451
v 0.082059 0.017207 -0.024002
v 0.062462 0.055932 -0.024002
v 0.064790 0.057718 -0.021524
v 0.066396 0.058951 -0.018262
v 0.059640 0.053767 -0.025451
v 0.051805 0.060380 0.025700
v 0.056831 0.066578 0.020573
v 0.057570 0.067893 0.017704
v 0.057991 0.068441 0.014543
v 0.051974 0.060248 0.025690
v 0.052360 0.060752 0.025558
v 0.053849 0.062692 0.024708
v 0.054544 0.063598 0.024096
v 0.055505 0.064851 0.022963
v 0.056347 0.065947 0.021597
v 0.058154 0.068303 0.014542
v 0.057734 0.067755 0.017701
v 0.057591 0.067568 0.018304
v 0.028343 0.085111 -0.014533
v 0.028082 0.084479 -0.017663
v 0.025661 0.078636 -0.024607
v 0.028080 0.084474 -0.017679
v 0.027519 0.083121 -0.020509
v 0.026693 0.081127 -0.022878
v 0.026155 0.079829 -0.023903
v -0.004118 0.080195 -0.025450
v -0.004603 0.083878 -0.023903
v -0.004867 0.085884 -0.022319
v -0.004965 0.086630 -0.021524
v -0.005098 0.087639 -0.020166
v -0.005229 0.088637 -0.018261
v -0.005267 0.088922 -0.017511
v -0.005349 0.089547 -0.014533
v -0.004582 0.083721 -0.024001
v -0.004331 0.081815 -0.024945
v -0.018010 0.087880 -0.014533
v -0.017920 0.087202 -0.017663
v -0.017095 0.080931 -0.024607
v -0.017919 0.087196 -0.017679
v -0.017728 0.085744 -0.020509
v -0.017447 0.083605 -0.022878
v -0.017263 0.082211 -0.023903
v -0.043664 0.067392 -0.025450
v -0.045925 0.070339 -0.023903
v -0.047157 0.071944 -0.022319
v -0.047615 0.072541 -0.021524
v -0.048234 0.073348 -0.020166
v -0.048847 0.074147 -0.018261
v -0.049022 0.074375 -0.017511
v -0.049406 0.074875 -0.014533
v -0.045829 0.070213 -0.024001
v -0.044659 0.068688 -0.024945
v -0.059537 0.067102 -0.014533
v -0.059153 0.066601 -0.017511
v -0.058978 0.066374 -0.018261
v -0.058365 0.065575 -0.020166
v -0.057745 0.064767 -0.021524
v -0.057288 0.064171 -0.022319
v -0.056056 0.062565 -0.023903
v -0.053795 0.059619 -0.025450
v -0.054789 0.060915 -0.024945
v -0.055959 0.062440 -0.024001
v -0.074942 0.037953 -0.023903
v -0.073020 0.037157 -0.024945
v -0.076811 0.038727 -0.022319
v -0.078446 0.039404 -0.020166
v -0.079642 0.039900 -0.017511
v -0.080225 0.040141 -0.014533
v -0.085111 0.028343 -0.014533
v -0.084529 0.028102 -0.017511
v -0.083333 0.027607 -0.020166
v -0.081698 0.026930 -0.022319
v -0.079829 0.026155 -0.023903
v -0.077906 0.025359 -0.024945
v -0.089547 -0.005349 -0.014533
v -0.088637 -0.005229 -0.018261
v -0.080195 -0.004118 -0.025450
v -0.085272 -0.004786 -0.022878
v -0.087411 -0.005068 -0.020509
v -0.086630 -0.004965 -0.021524
v -0.083721 -0.004582 -0.024001
v -0.082598 -0.004434 -0.024607
v -0.087880 -0.018010 -0.014533
v -0.087255 -0.017927 -0.017511
v -0.085972 -0.017758 -0.020166
v -0.084217 -0.017527 -0.022319
v -0.082211 -0.017263 -0.023903
v -0.080148 -0.016992 -0.024945
v -0.067392 -0.043664 -0.025450
v -0.070339 -0.045925 -0.023903
v -0.071944 -0.047157 -0.022319
v -0.072541 -0.047615 -0.021524
v -0.073348 -0.048234 -0.020166
v -0.074147 -0.048847 -0.018261
v -0.074375 -0.049022 -0.017511
v -0.074875 -0.049406 -0.014533
v -0.070213 -0.045829 -0.024001
v -0.068688 -0.044659 -0.024945
v -0.067102 -0.059537 -0.014533
v -0.066601 -0.059153 -0.017511
v -0.065575 -0.058365 -0.020166
v -0.064171 -0.057288 -0.022319
v -0.062565 -0.056056 -0.023903
v -0.060915 -0.054789 -0.024945
v -0.037953 -0.074942 -0.023903
v -0.037157 -0.073020 -0.024945
v -0.038727 -0.076811 -0.022319
v -0.039404 -0.078446 -0.020166
v -0.039900 -0.079642 -0.017511
v -0.040141 -0.080225 -0.014533
v -0.028343 -0.085111 -0.014533
v -0.028102 -0.084529 -0.017511
v -0.027607 -0.083333 -0.020166
v -0.026930 -0.081698 -0.022319
v -0.026155 -0.079829 -0.023903
v -0.025359 -0.077906 -0.024945
v 0.004603 -0.083878 -0.023903
v 0.004331 -0.081815 -0.024945
v 0.004867 -0.085884 -0.022319
v 0.005098 -0.087639 -0.020166
v 0.005267 -0.088922 -0.017511
v 0.005349 -0.089547 -0.014533
v 0.018010 -0.087880 -0.014533
v 0.017927 -0.087255 -0.017511
v 0.017890 -0.086970 -0.018261
v 0.017758 -0.085972 -0.020166
v 0.017625 -0.084963 -0.021524
v 0.017527 -0.084217 -0.022319
v 0.017263 -0.082211 -0.023903
v 0.017243 -0.082054 -0.024001
v 0.016992 -0.080148 -0.024945
v 0.016778 -0.078529 -0.025450
v 0.045925 -0.070339 -0.023903
v 0.044659 -0.068688 -0.024945
v 0.047157 -0.071944 -0.022319
v 0.048234 -0.073348 -0.020166
v 0.049022 -0.074375 -0.017511
v 0.049406 -0.074875 -0.014533
v 0.059537 -0.067102 -0.014533
v 0.059153 -0.066601 -0.017511
v 0.058365 -0.065575 -0.020166
v 0.057288 -0.064171 -0.022319
v 0.056056 -0.062565 -0.023903
v 0.054789 -0.060915 -0.024945
v 0.078234 -0.039316 -0.020509
v 0.079588 -0.039876 -0.017679
v 0.079593 -0.039879 -0.017663
v 0.080225 -0.040141 -0.014533
v 0.073749 -0.037459 -0.024607
v 0.074942 -0.037953 -0.023903
v 0.076241 -0.038491 -0.022878
v 0.085111 -0.028343 -0.014533
v 0.084529 -0.028102 -0.017511
v 0.084263 -0.027992 -0.018261
v 0.083333 -0.027607 -0.020166
v 0.082393 -0.027217 -0.021524
v 0.081698 -0.026930 -0.022319
v 0.079829 -0.026155 -0.023903
v 0.076397 -0.024734 -0.025450
v 0.077906 -0.025359 -0.024945
v 0.079682 -0.026095 -0.024001
v 0.080195 0.004118 -0.025450
v 0.083878 0.004603 -0.023903
v 0.085884 0.004867 -0.022319
v 0.086630 0.004965 -0.021524
v 0.087639 0.005098 -0.020166
v 0.088637 0.005229 -0.018261
v 0.088922 0.005267 -0.017511
v 0.089547 0.005349 -0.014533
v 0.083721 0.004582 -0.024001
v 0.081815 0.004331 -0.024945
v 0.087880 0.018010 -0.014533
v 0.087202 0.017920 -0.017663
v 0.080931 0.017095 -0.024607
v 0.087196 0.017919 -0.017679
v 0.085744 0.017728 -0.020509
v 0.083605 0.017447 -0.022878
v 0.082211 0.017263 -0.023903
v 0.067392 0.043664 -0.025450
v 0.070339 0.045925 -0.023903
v 0.071944 0.047157 -0.022319
v 0.072541 0.047615 -0.021524
v 0.073348 0.048234 -0.020166
v 0.074147 0.048847 -0.018261
v 0.074375 0.049022 -0.017511
v 0.074875 0.049406 -0.014533
v 0.070213 0.045829 -0.024001
v 0.068688 0.044659 -0.024945
v 0.067102 0.059537 -0.014533
v 0.066601 0.059153 -0.017511
v 0.065575 0.058365 -0.020166
v 0.064171 0.057288 -0.022319
v 0.062565 0.056056 -0.023903
v 0.060915 0.054789 -0.024945
v 0.036531 0.071510 -0.025450
v 0.037953 0.074942 -0.023903
v 0.038727 0.076811 -0.022319
v 0.039015 0.077506 -0.021524
v 0.039404 0.078446 -0.020166
v 0.039790 0.079377 -0.018261
v 0.039900 0.079642 -0.017511
v 0.040141 0.080225 -0.014533
v 0.037892 0.074795 -0.024001
v 0.037157 0.073020 -0.024945
v 0.024380 0.076537 -0.025422
v 0.025003 0.078043 -0.024919
v 0.025737 0.079814 -0.023977
v 0.026857 0.082519 -0.021505
v 0.027246 0.083457 -0.020151
v 0.027631 0.084385 -0.018250
v 0.027981 0.085231 -0.014530
v -0.004968 0.089569 -0.014530
v -0.004886 0.088945 -0.017502
v -0.004849 0.088661 -0.018250
v -0.004717 0.087665 -0.020151
v -0.004585 0.086658 -0.021505
v -0.004487 0.085915 -0.022299
v -0.004223 0.083913 -0.023879
v -0.004203 0.083756 -0.023977
v -0.003952 0.081855 -0.024919
v -0.003740 0.080239 -0.025422
v -0.017155 0.078473 -0.025422
v -0.017368 0.080089 -0.024919
v -0.017618 0.081990 -0.023977
v -0.018000 0.084892 -0.021505
v -0.018133 0.085899 -0.020151
v -0.018264 0.086895 -0.018250
v -0.018383 0.087803 -0.014530
v -0.049087 0.075085 -0.014530
v -0.048704 0.074586 -0.017502
v -0.048530 0.074359 -0.018250
v -0.047918 0.073562 -0.020151
v -0.047300 0.072756 -0.021505
v -0.046843 0.072161 -0.022299
v -0.045614 0.070559 -0.023879
v -0.045518 0.070434 -0.023977
v -0.044350 0.068912 -0.024919
v -0.043358 0.067619 -0.025422
v -0.059822 0.066848 -0.014530
v -0.059439 0.066349 -0.017502
v -0.059265 0.066121 -0.018250
v -0.058653 0.065324 -0.020151
v -0.058035 0.064519 -0.021505
v -0.057578 0.063923 -0.022299
v -0.056349 0.062322 -0.023879
v -0.056253 0.062196 -0.023977
v -0.055085 0.060675 -0.024919
v -0.054093 0.059382 -0.025422
v -0.080053 0.040482 -0.014530
v -0.079207 0.040132 -0.018250
v -0.078279 0.039747 -0.020151
v -0.077341 0.039359 -0.021505
v -0.074636 0.038238 -0.023977
v -0.072865 0.037505 -0.024919
v -0.071359 0.036881 -0.025422
v -0.085231 0.027981 -0.014530
v -0.084385 0.027631 -0.018250
v -0.083457 0.027246 -0.020151
v -0.082519 0.026857 -0.021505
v -0.079814 0.025737 -0.023977
v -0.078043 0.025003 -0.024919
v -0.076537 0.024380 -0.025422
v -0.089558 -0.005159 -0.014532
v -0.089569 -0.004968 -0.014530
v -0.088892 -0.004879 -0.017653
v -0.088661 -0.004849 -0.018250
v -0.087438 -0.004687 -0.020493
v -0.086658 -0.004585 -0.021505
v -0.085304 -0.004406 -0.022856
v -0.083756 -0.004203 -0.023977
v -0.082636 -0.004055 -0.024582
v -0.080239 -0.003740 -0.025422
v -0.078473 -0.017155 -0.025422
v -0.080089 -0.017368 -0.024919
v -0.081990 -0.017618 -0.023977
v -0.084892 -0.018000 -0.021505
v -0.085899 -0.018133 -0.020151
v -0.086895 -0.018264 -0.018250
v -0.087803 -0.018383 -0.014530
v -0.075085 -0.049087 -0.014530
v -0.074586 -0.048704 -0.017502
v -0.074359 -0.048530 -0.018250
v -0.073562 -0.047918 -0.020151
v -0.072756 -0.047300 -0.021505
v -0.072161 -0.046843 -0.022299
v -0.070559 -0.045614 -0.023879
v -0.070434 -0.045518 -0.023977
v -0.068912 -0.044350 -0.024919
v -0.067619 -0.043358 -0.025422
v -0.066848 -0.059822 -0.014530
v -0.066121 -0.059265 -0.018250
v -0.065324 -0.058653 -0.020151
v -0.064519 -0.058035 -0.021505
v -0.062196 -0.056253 -0.023977
v -0.060675 -0.055085 -0.024919
v -0.059382 -0.054093 -0.025422
v -0.040482 -0.080053 -0.014530
v -0.040132 -0.079207 -0.018250
v -0.039747 -0.078279 -0.020151
v -0.039359 -0.077341 -0.021505
v -0.038238 -0.074636 -0.023977
v -0.037505 -0.072865 -0.024919
v -0.036881 -0.071359 -0.025422
v -0.027981 -0.085231 -0.014530
v -0.027631 -0.084385 -0.018250
v -0.027246 -0.083457 -0.020151
v -0.026857 -0.082519 -0.021505
v -0.025737 -0.079814 -0.023977
v -0.025003 -0.078043 -0.024919
v -0.024380 -0.076537 -0.025422
v 0.004968 -0.089569 -0.014530
v 0.004848 -0.088661 -0.018250
v 0.004717 -0.087665 -0.020151
v 0.004585 -0.086658 -0.021505
v 0.004203 -0.083756 -0.023977
v 0.003952 -0.081855 -0.024919
v 0.003740 -0.080239 -0.025422
v 0.017618 -0.081990 -0.023977
v 0.018000 -0.084892 -0.021505
v 0.018264 -0.086895 -0.018250
v 0.018383 -0.087803 -0.014530
v 0.017155 -0.078473 -0.025422
v 0.049087 -0.075085 -0.014530
v 0.048530 -0.074359 -0.018250
v 0.047918 -0.073562 -0.020151
v 0.047300 -0.072756 -0.021505
v 0.045518 -0.070434 -0.023977
v 0.044350 -0.068912 -0.024919
v 0.043358 -0.067619 -0.025422
v 0.059822 -0.066848 -0.014530
v 0.059265 -0.066121 -0.018250
v 0.058653 -0.065324 -0.020151
v 0.058035 -0.064519 -0.021505
v 0.056253 -0.062196 -0.023977
v 0.055085 -0.060675 -0.024919
v 0.054093 -0.059382 -0.025422
v 0.077341 -0.039359 -0.021505
v 0.074636 -0.038238 -0.023977
v 0.071359 -0.036881 -0.025422
v 0.072865 -0.037505 -0.024919
v 0.080053 -0.040482 -0.014530
v 0.079207 -0.040132 -0.018250
v 0.078279 -0.039747 -0.020151
v 0.085231 -0.027981 -0.014530
v 0.084650 -0.027740 -0.017502
v 0.084385 -0.027631 -0.018250
v 0.083457 -0.027246 -0.020151
v 0.082519 -0.026857 -0.021505
v 0.081826 -0.026570 -0.022299
v 0.079961 -0.025798 -0.023879
v 0.079814 -0.025737 -0.023977
v 0.078043 -0.025003 -0.024919
v 0.076537 -0.024380 -0.025422
v 0.089569 0.004968 -0.014530
v 0.088945 0.004886 -0.017502
v 0.088661 0.004848 -0.018250
v 0.087665 0.004717 -0.020151
v 0.086658 0.004585 -0.021505
v 0.085915 0.004487 -0.022299
v 0.083913 0.004223 -0.023879
v 0.083756 0.004203 -0.023977
v 0.081855 0.003952 -0.024919
v 0.080239 0.003740 -0.025422
v 0.078473 0.017155 -0.025422
v 0.080089 0.017368 -0.024919
v 0.081990 0.017618 -0.023977
v 0.084892 0.018000 -0.021505
v 0.085899 0.018133 -0.020151
v 0.086895 0.018264 -0.018250
v 0.087803 0.018383 -0.014530
v 0.075085 0.049087 -0.014530
v 0.074586 0.048704 -0.017502
v 0.074359 0.048530 -0.018250
v 0.073562 0.047918 -0.020151
v 0.072756 0.047300 -0.021505
v 0.072161 0.046843 -0.022299
v 0.070559 0.045614 -0.023879
v 0.070434 0.045518 -0.023977
v 0.068912 0.044350 -0.024919
v 0.067619 0.043358 -0.025422
v 0.066848 0.059822 -0.014530
v 0.066121 0.059265 -0.018250
v 0.065324 0.058653 -0.020151
v 0.064519 0.058035 -0.021505
v 0.062196 0.056253 -0.023977
v 0.060675 0.055085 -0.024919
v 0.059382 0.054093 -0.025422
v 0.040482 0.080053 -0.014530
v 0.040241 0.079472 -0.017502
v 0.040132 0.079207 -0.018250
v 0.039747 0.078279 -0.020151
v 0.039359 0.077341 -0.021505
v 0.039072 0.076648 -0.022299
v 0.038299 0.074783 -0.023879
v 0.038238 0.074636 -0.023977
v 0.037505 0.072865 -0.024919
v 0.036881 0.071359 -0.025422
v 0.043692 0.067371 0.025451
v 0.045857 0.070192 0.024002
v 0.047643 0.072520 0.021524
v 0.048876 0.074127 0.018262
v 0.004153 0.080191 0.025451
v 0.004617 0.083717 0.024002
v 0.005265 0.088634 0.018262
v 0.005000 0.086626 0.021524
v -0.067371 0.043692 0.025451
v -0.070192 0.045857 0.024002
v -0.072520 0.047643 0.021524
v -0.074127 0.048876 0.018262
v -0.080191 0.004153 0.025451
v -0.083717 0.004617 0.024002
v -0.086626 0.005000 0.021524
v -0.088634 0.005265 0.018262
v 0.036499 -0.071524 0.025451
v 0.037860 -0.074810 0.024002
v 0.038982 -0.077520 0.021524
v 0.039757 -0.079391 0.018262
v 0.068667 -0.044687 0.024946
v 0.067371 -0.043692 0.025451
v 0.070192 -0.045857 0.024002
v 0.072520 -0.047643 0.021524
v 0.074127 -0.048876 0.018262
v 0.080191 -0.004153 0.025451
v 0.083717 -0.004617 0.024002
v 0.086626 -0.005000 0.021524
v 0.088634 -0.005265 0.018262
v 0.071524 0.036499 0.025451
v 0.074810 0.037859 0.024002
v 0.077520 0.038982 0.021524
v 0.079391 0.039757 0.018262
v 0.045925 0.070339 0.023903
v 0.044659 0.068688 0.024945
v 0.047157 0.071944 0.022319
v 0.048234 0.073348 0.020166
v 0.049022 0.074375 0.017511
v 0.049406 0.074875 0.014533
v 0.017207 0.082059 0.024002
v 0.017590 0.084968 0.021524
v 0.016743 0.078534 0.025451
v 0.017855 0.086976 0.018262
v 0.004434 0.082598 0.024607
v 0.005068 0.087411 0.020509
v 0.005260 0.088863 0.017679
v 0.005260 0.088869 0.017663
v 0.005349 0.089547 0.014533
v 0.004786 0.085272 0.022877
v -0.026128 0.079669 0.024002
v -0.027251 0.082380 0.021524
v -0.024767 0.076384 0.025451
v -0.028026 0.084251 0.018262
v -0.040141 0.080225 0.014533
v -0.039790 0.079377 0.018261
v -0.036531 0.071510 0.025450
v -0.038491 0.076241 0.022877
v -0.039316 0.078234 0.020509
v -0.039015 0.077506 0.021524
v -0.037892 0.074795 0.024001
v -0.037459 0.073749 0.024607
v -0.070339 0.045925 0.023903
v -0.068688 0.044659 0.024945
v -0.071944 0.047157 0.022319
v -0.073348 0.048234 0.020166
v -0.074375 0.049022 0.017511
v -0.074875 0.049406 0.014533
v -0.080153 0.016956 0.024946
v -0.082059 0.017207 0.024002
v -0.084968 0.017590 0.021524
v -0.078534 0.016743 0.025451
v -0.086976 0.017855 0.018262
v -0.083878 0.004603 0.023903
v -0.081815 0.004331 0.024945
v -0.085884 0.004867 0.022319
v -0.087639 0.005098 0.020166
v -0.088922 0.005267 0.017511
v -0.089547 0.005349 0.014533
v -0.077893 -0.025392 0.024946
v -0.079669 -0.026128 0.024002
v -0.083320 -0.027640 0.020167
v -0.082380 -0.027251 0.021524
v -0.076384 -0.024767 0.025451
v -0.084251 -0.028026 0.018262
v -0.071510 -0.036531 0.025450
v -0.074942 -0.037953 0.023903
v -0.076811 -0.038727 0.022319
v -0.077506 -0.039015 0.021524
v -0.078446 -0.039404 0.020166
v -0.079377 -0.039790 0.018261
v -0.079642 -0.039900 0.017511
v -0.080225 -0.040141 0.014533
v -0.074795 -0.037892 0.024001
v -0.073020 -0.037157 0.024945
v -0.043664 -0.067392 0.025450
v -0.045925 -0.070339 0.023903
v -0.047157 -0.071944 0.022319
v -0.047615 -0.072541 0.021524
v -0.048234 -0.073348 0.020166
v -0.048847 -0.074147 0.018261
v -0.049022 -0.074375 0.017511
v -0.049406 -0.074875 0.014533
v -0.045829 -0.070213 0.024001
v -0.044659 -0.068688 0.024945
v -0.004118 -0.080195 0.025450
v -0.004331 -0.081815 0.024945
v -0.004582 -0.083721 0.024001
v -0.004603 -0.083878 0.023903
v -0.004867 -0.085884 0.022319
v -0.004965 -0.086630 0.021524
v -0.005098 -0.087639 0.020166
v -0.005229 -0.088637 0.018261
v -0.005267 -0.088922 0.017511
v -0.005349 -0.089547 0.014533
v 0.026128 -0.079669 0.024002
v 0.027251 -0.082380 0.021524
v 0.024767 -0.076384 0.025451
v 0.028025 -0.084251 0.018262
v 0.037953 -0.074942 0.023903
v 0.037157 -0.073020 0.024945
v 0.038727 -0.076811 0.022319
v 0.039404 -0.078446 0.020166
v 0.039900 -0.079642 0.017511
v 0.040141 -0.080225 0.014533
v 0.062462 -0.055932 0.024002
v 0.064790 -0.057718 0.021524
v 0.059640 -0.053767 0.025451
v 0.066396 -0.058951 0.018262
v 0.070339 -0.045925 0.023903
v 0.068688 -0.044659 0.024945
v 0.071944 -0.047157 0.022319
v 0.073348 -0.048234 0.020166
v 0.074375 -0.049022 0.017511
v 0.074875 -0.049406 0.014533
v 0.082059 -0.017207 0.024002
v 0.084968 -0.017590 0.021524
v 0.078534 -0.016743 0.025451
v 0.086976 -0.017855 0.018262
v 0.083878 -0.004603 0.023903
v 0.081815 -0.004331 0.024945
v 0.085884 -0.004867 0.022319
v 0.087639 -0.005098 0.020166
v 0.088922 -0.005267 0.017511
v 0.089547 -0.005349 0.014533
v 0.079669 0.026128 0.024002
v 0.082380 0.027251 0.021524
v 0.076384 0.024767 0.025451
v 0.084251 0.028025 0.018262
v 0.074942 0.037953 0.023903
v 0.073020 0.037157 0.024945
v 0.076811 0.038727 0.022319
v 0.078446 0.039404 0.020166
v 0.079642 0.039900 0.017511
v 0.080225 0.040141 0.014533
v 0.049087 0.075085 0.014530
v 0.048530 0.074359 0.018250
v 0.047918 0.073562 0.020151
v 0.047300 0.072756 0.021505
v 0.045518 0.070434 0.023977
v 0.044350 0.068912 0.024919
v 0.043358 0.067619 0.025422
v 0.018010 0.087880 0.014533
v 0.017927 0.087255 0.017511
v 0.017758 0.085972 0.020166
v 0.017527 0.084217 0.022319
v 0.017263 0.082211 0.023903
v 0.016992 0.080148 0.024945
v 0.005159 0.089558 0.014532
v 0.004968 0.089569 0.014530
v 0.004879 0.088892 0.017653
v 0.004848 0.088661 0.018250
v 0.004687 0.087438 0.020493
v 0.004585 0.086658 0.021505
v 0.004406 0.085304 0.022856
v 0.004203 0.083756 0.023977
v 0.004055 0.082636 0.024582
v 0.003740 0.080239 0.025422
v -0.028343 0.085111 0.014533
v -0.028102 0.084529 0.017511
v -0.027607 0.083333 0.020166
v -0.026930 0.081698 0.022319
v -0.026155 0.079829 0.023903
v -0.025359 0.077906 0.024945
v -0.040312 0.080139 0.014532
v -0.040050 0.079508 0.017658
v -0.040482 0.080053 0.014530
v -0.040221 0.079423 0.017653
v -0.040132 0.079207 0.018250
v -0.039659 0.078067 0.020493
v -0.039359 0.077341 0.021505
v -0.038836 0.076078 0.022856
v -0.038238 0.074636 0.023977
v -0.036881 0.071359 0.025422
v -0.037806 0.073592 0.024582
v -0.067102 0.059537 0.014533
v -0.066601 0.059153 0.017511
v -0.066374 0.058978 0.018261
v -0.065575 0.058365 0.020166
v -0.064767 0.057745 0.021524
v -0.064171 0.057288 0.022319
v -0.062565 0.056056 0.023903
v -0.059619 0.053795 0.025450
v -0.060915 0.054789 0.024945
v -0.062440 0.055959 0.024001
v -0.075085 0.049087 0.014530
v -0.074359 0.048530 0.018250
v -0.073562 0.047918 0.020151
v -0.072756 0.047300 0.021505
v -0.070434 0.045518 0.023977
v -0.068912 0.044350 0.024919
v -0.067619 0.043358 0.025422
v -0.087880 0.018010 0.014533
v -0.087255 0.017927 0.017511
v -0.085972 0.017758 0.020166
v -0.084217 0.017527 0.022319
v -0.082211 0.017263 0.023903
v -0.080148 0.016992 0.024945
v -0.089569 0.004968 0.014530
v -0.088661 0.004849 0.018250
v -0.087665 0.004717 0.020151
v -0.086658 0.004585 0.021505
v -0.083756 0.004203 0.023977
v -0.081855 0.003952 0.024919
v -0.080239 0.003740 0.025422
v -0.085111 -0.028343 0.014533
v -0.084479 -0.028082 0.017663
v -0.083121 -0.027519 0.020509
v -0.081127 -0.026693 0.022877
v -0.079829 -0.026155 0.023903
v -0.078636 -0.025661 0.024607
v -0.080053 -0.040482 0.014530
v -0.079472 -0.040241 0.017502
v -0.079207 -0.040132 0.018250
v -0.078279 -0.039747 0.020151
v -0.077341 -0.039359 0.021505
v -0.076648 -0.039072 0.022299
v -0.074783 -0.038299 0.023879
v -0.074636 -0.038238 0.023977
v -0.072865 -0.037505 0.024919
v -0.071359 -0.036881 0.025422
v -0.058978 -0.066374 0.018261
v -0.059537 -0.067102 0.014533
v -0.056912 -0.063681 0.022877
v -0.055959 -0.062440 0.024001
v -0.057745 -0.064767 0.021524
v -0.058225 -0.065392 0.020509
v -0.055270 -0.061541 0.024607
v -0.053795 -0.059619 0.025450
v -0.049087 -0.075085 0.014530
v -0.048704 -0.074586 0.017502
v -0.048530 -0.074359 0.018250
v -0.047918 -0.073562 0.020151
v -0.047300 -0.072756 0.021505
v -0.046843 -0.072161 0.022299
v -0.045614 -0.070559 0.023879
v -0.045518 -0.070434 0.023977
v -0.044350 -0.068912 0.024919
v -0.043358 -0.067619 0.025422
v -0.018010 -0.087880 0.014533
v -0.017927 -0.087255 0.017511
v -0.017890 -0.086970 0.018261
v -0.017758 -0.085972 0.020166
v -0.017625 -0.084963 0.021524
v -0.017527 -0.084217 0.022319
v -0.017263 -0.082211 0.023903
v -0.017243 -0.082054 0.024001
v -0.016992 -0.080148 0.024945
v -0.016778 -0.078529 0.025450
v -0.003740 -0.080239 0.025422
v -0.004968 -0.089569 0.014530
v -0.004848 -0.088661 0.018250
v -0.004585 -0.086658 0.021505
v -0.004203 -0.083756 0.023977
v 0.028343 -0.085111 0.014533
v 0.028102 -0.084529 0.017511
v 0.027607 -0.083333 0.020166
v 0.026930 -0.081698 0.022319
v 0.026155 -0.079829 0.023903
v 0.025359 -0.077906 0.024945
v 0.040482 -0.080053 0.014530
v 0.040132 -0.079207 0.018250
v 0.039747 -0.078279 0.020151
v 0.039359 -0.077341 0.021505
v 0.038238 -0.074636 0.023977
v 0.037505 -0.072865 0.024919
v 0.036881 -0.071359 0.025422
v 0.067102 -0.059537 0.014533
v 0.066601 -0.059153 0.017511
v 0.065575 -0.058365 0.020166
v 0.064171 -0.057288 0.022319
v 0.062565 -0.056056 0.023903
v 0.060915 -0.054789 0.024945
v 0.075085 -0.049087 0.014530
v 0.074359 -0.048530 0.018250
v 0.073562 -0.047918 0.020151
v 0.072756 -0.047300 0.021505
v 0.070434 -0.045518 0.023977
v 0.068912 -0.044350 0.024919
v 0.067619 -0.043358 0.025422
v 0.087880 -0.018010 0.014533
v 0.087255 -0.017927 0.017511
v 0.085972 -0.017758 0.020166
v 0.084217 -0.017527 0.022319
v 0.082211 -0.017263 0.023903
v 0.080148 -0.016992 0.024945
v 0.089569 -0.004968 0.014530
v 0.088661 -0.004849 0.018250
v 0.087665 -0.004717 0.020151
v 0.086658 -0.004585 0.021505
v 0.083756 -0.004203 0.023977
v 0.081855 -0.003952 0.024919
v 0.080239 -0.003740 0.025422
v 0.085111 0.028343 0.014533
v 0.084529 0.028102 0.017511
v 0.083333 0.027607 0.020166
v 0.081698 0.026930 0.022319
v 0.079829 0.026155 0.023903
v 0.077906 0.025359 0.024945
v 0.080053 0.040482 0.014530
v 0.079207 0.040132 0.018250
v 0.078279 0.039747 0.020151
v 0.077341 0.039359 0.021505
v 0.074636 0.038238 0.023977
v 0.072865 0.037505 0.024919
v 0.071359 0.036881 0.025422
v 0.059537 0.067102 0.014533
v 0.059153 0.066601 0.017511
v 0.058978 0.066374 0.018261
v 0.058365 0.065575 0.020166
v 0.057745 0.064767 0.021524
v 0.057288 0.064171 0.022319
v 0.056056 0.062565 0.023903
v 0.053795 0.059619 0.025450
v 0.054789 0.060915 0.024945
v 0.055959 0.062440 0.024001
v 0.017155 0.078473 0.025422
v 0.017368 0.080089 0.024919
v 0.017618 0.081990 0.023977
v 0.018000 0.084892 0.021505
v 0.018133 0.085899 0.020151
v 0.018264 0.086895 0.018250
v 0.018383 0.087803 0.014530
v -0.002181 0.082032 -0.024775
v -0.002428 0.083909 -0.023844
v -0.002805 0.086775 -0.021404
v -0.002936 0.087769 -0.020067
v -0.003066 0.088752 -0.018190
v -0.024380 0.076537 0.025422
v -0.025003 0.078043 0.024919
v -0.025737 0.079814 0.023977
v -0.026857 0.082519 0.021505
v -0.027246 0.083457 0.020151
v -0.027631 0.084385 0.018250
v -0.027981 0.085231 0.014530
v -0.019125 0.079801 -0.024775
v -0.019372 0.081678 -0.023844
v -0.019880 0.085538 -0.020067
v -0.019749 0.084544 -0.021404
v -0.020009 0.086522 -0.018190
v -0.042905 0.069951 -0.024775
v -0.044057 0.071453 -0.023844
v -0.045817 0.073746 -0.021404
v -0.046427 0.074542 -0.020067
v -0.047031 0.075329 -0.018190
v -0.066848 0.059822 0.014530
v -0.066349 0.059439 0.017502
v -0.066121 0.059265 0.018250
v -0.065324 0.058653 0.020151
v -0.064519 0.058035 0.021505
v -0.063923 0.057578 0.022299
v -0.062322 0.056349 0.023879
v -0.062196 0.056253 0.023977
v -0.060675 0.055085 0.024919
v -0.059382 0.054093 0.025422
v -0.056463 0.059547 -0.024775
v -0.057616 0.061050 -0.023844
v -0.059986 0.064138 -0.020067
v -0.059375 0.063343 -0.021404
v -0.060589 0.064925 -0.018190
v -0.087803 0.018383 0.014530
v -0.086895 0.018264 0.018250
v -0.085899 0.018133 0.020151
v -0.084892 0.018000 0.021505
v -0.081990 0.017618 0.023977
v -0.080089 0.017368 0.024919
v -0.078473 0.017155 0.025422
v -0.084601 -0.027720 0.017653
v -0.085171 -0.028162 0.014532
v -0.076537 -0.024380 0.025422
v -0.078771 -0.025305 0.024582
v -0.079814 -0.025737 0.023977
v -0.081256 -0.026334 0.022856
v -0.082519 -0.026857 0.021505
v -0.083245 -0.027158 0.020493
v -0.084385 -0.027631 0.018250
v -0.085231 -0.027981 0.014530
v -0.079801 -0.019125 -0.024775
v -0.081678 -0.019372 -0.023844
v -0.085538 -0.019880 -0.020067
v -0.084544 -0.019749 -0.021404
v -0.086522 -0.020009 -0.018190
v -0.059407 -0.066306 0.017653
v -0.059680 -0.066975 0.014532
v -0.054093 -0.059382 0.025422
v -0.055565 -0.061300 0.024582
v -0.056253 -0.062196 0.023977
v -0.057203 -0.063435 0.022856
v -0.058035 -0.064519 0.021505
v -0.058513 -0.065142 0.020493
v -0.059265 -0.066121 0.018250
v -0.059822 -0.066848 0.014530
v -0.017618 -0.081990 0.023977
v -0.018000 -0.084892 0.021505
v -0.018264 -0.086895 0.018250
v -0.018383 -0.087803 0.014530
v -0.017155 -0.078473 0.025422
v 0.002181 -0.082032 -0.024775
v 0.002428 -0.083909 -0.023844
v 0.002805 -0.086775 -0.021404
v 0.002936 -0.087769 -0.020067
v 0.003066 -0.088752 -0.018190
v 0.027981 -0.085231 0.014530
v 0.027631 -0.084385 0.018250
v 0.027246 -0.083457 0.020151
v 0.026857 -0.082519 0.021505
v 0.025737 -0.079814 0.023977
v 0.025003 -0.078043 0.024919
v 0.024380 -0.076537 0.025422
v 0.044057 -0.071453 -0.023844
v 0.045817 -0.073746 -0.021404
v 0.047031 -0.075329 -0.018190
v 0.066848 -0.059822 0.014530
v 0.066121 -0.059265 0.018250
v 0.065324 -0.058653 0.020151
v 0.064519 -0.058035 0.021505
v 0.062196 -0.056253 0.023977
v 0.060675 -0.055085 0.024919
v 0.059382 -0.054093 0.025422
v 0.087803 -0.018383 0.014530
v 0.086895 -0.018264 0.018250
v 0.085899 -0.018133 0.020151
v 0.084892 -0.018000 0.021505
v 0.081990 -0.017618 0.023977
v 0.080089 -0.017368 0.024919
v 0.078473 -0.017155 0.025422
v 0.084018 -0.025552 -0.020067
v 0.078672 -0.023338 -0.024775
v 0.080421 -0.024063 -0.023844
v 0.082407 -0.024885 -0.022188
v 0.083092 -0.025169 -0.021404
v 0.084935 -0.025932 -0.018190
v 0.083909 0.002428 -0.023844
v 0.088752 0.003066 -0.018190
v 0.086775 0.002805 -0.021404
v 0.085231 0.027981 0.014530
v 0.084385 0.027631 0.018250
v 0.083457 0.027246 0.020151
v 0.082519 0.026857 0.021505
v 0.079814 0.025737 0.023977
v 0.078043 0.025003 0.024919
v 0.076537 0.024380 0.025422
v 0.081678 0.019372 -0.023844
v 0.084544 0.019749 -0.021404
v 0.086522 0.020009 -0.018190
v 0.069951 0.042905 -0.024775
v 0.071453 0.044057 -0.023844
v 0.073746 0.045817 -0.021404
v 0.074542 0.046427 -0.020067
v 0.075329 0.047031 -0.018190
v 0.059547 0.056463 -0.024775
v 0.061050 0.057616 -0.023844
v 0.064138 0.059986 -0.020067
v 0.063343 0.059375 -0.021404
v 0.064925 0.060590 -0.018190
v 0.039127 0.072132 -0.024775
v 0.039852 0.073881 -0.023844
v 0.040958 0.076552 -0.021404
v 0.041341 0.077478 -0.020067
v 0.041721 0.078395 -0.018190
v 0.059822 0.066848 0.014530
v 0.059439 0.066349 0.017502
v 0.059265 0.066121 0.018250
v 0.058653 0.065324 0.020151
v 0.058035 0.064519 0.021505
v 0.057578 0.063923 0.022299
v 0.056349 0.062322 0.023879
v 0.056253 0.062196 0.023977
v 0.055085 0.060675 0.024919
v 0.054093 0.059382 0.025422
v 0.025887 0.084951 -0.018189
v 0.026233 0.085786 -0.014517
v 0.024608 0.081862 -0.022736
v 0.024018 0.080439 -0.023842
v 0.025124 0.083108 -0.021403
v 0.025421 0.083825 -0.020403
v 0.023591 0.079408 -0.024440
v -0.003136 0.089652 -0.014517
v -0.003048 0.088985 -0.017600
v -0.002859 0.087548 -0.020403
v -0.002582 0.085442 -0.022736
v -0.002401 0.084069 -0.023746
v -0.002235 0.082808 -0.024440
v -0.020175 0.087409 -0.014517
v -0.020087 0.086741 -0.017600
v -0.019898 0.085305 -0.020403
v -0.019620 0.083199 -0.022736
v -0.019440 0.081826 -0.023746
v -0.019274 0.080565 -0.024440
v -0.047542 0.076073 -0.014517
v -0.047132 0.075539 -0.017600
v -0.046250 0.074390 -0.020403
v -0.044957 0.072704 -0.022736
v -0.044114 0.071605 -0.023746
v -0.043340 0.070597 -0.024440
v -0.061176 0.065611 -0.014517
v -0.060766 0.065077 -0.017600
v -0.059884 0.063928 -0.020403
v -0.058591 0.062242 -0.022736
v -0.057748 0.061143 -0.023746
v -0.056974 0.060135 -0.024440
v -0.074006 0.039955 -0.023746
v -0.075848 0.040718 -0.022186
v -0.076532 0.041001 -0.021403
v -0.077458 0.041385 -0.020066
v -0.078374 0.041765 -0.018189
v -0.078636 0.041873 -0.017451
v -0.079209 0.042110 -0.014517
v -0.073862 0.039895 -0.023842
v -0.072113 0.039171 -0.024773
v -0.085786 0.026233 -0.014517
v -0.085212 0.025995 -0.017451
v -0.084951 0.025887 -0.018189
v -0.084035 0.025507 -0.020066
v -0.083108 0.025124 -0.021403
v -0.082424 0.024840 -0.022186
v -0.080583 0.024078 -0.023746
v -0.078690 0.023293 -0.024773
v -0.080439 0.024018 -0.023842
v -0.089652 -0.003136 -0.014517
v -0.088756 -0.003018 -0.018189
v -0.085442 -0.002582 -0.022736
v -0.087548 -0.002859 -0.020403
v -0.086779 -0.002758 -0.021403
v -0.083914 -0.002380 -0.023842
v -0.082808 -0.002235 -0.024440
v -0.087409 -0.020175 -0.014517
v -0.086741 -0.020087 -0.017600
v -0.085305 -0.019898 -0.020403
v -0.083199 -0.019620 -0.022736
v -0.081826 -0.019440 -0.023746
v -0.080565 -0.019274 -0.024440
v -0.076073 -0.047542 -0.014517
v -0.075356 -0.046992 -0.018189
v -0.072704 -0.044957 -0.022736
v -0.074390 -0.046250 -0.020403
v -0.073774 -0.045778 -0.021403
v -0.071481 -0.044019 -0.023842
v -0.070597 -0.043340 -0.024440
v -0.064894 -0.060626 -0.018189
v -0.065611 -0.061176 -0.014517
v -0.062242 -0.058591 -0.022736
v -0.061019 -0.057653 -0.023842
v -0.063312 -0.059412 -0.021403
v -0.063928 -0.059884 -0.020403
v -0.060135 -0.056974 -0.024440
v -0.042110 -0.079209 -0.014517
v -0.041765 -0.078374 -0.018189
v -0.040485 -0.075286 -0.022736
v -0.041298 -0.077249 -0.020403
v -0.041001 -0.076532 -0.021403
v -0.039895 -0.073862 -0.023842
v -0.039469 -0.072831 -0.024440
v -0.026233 -0.085786 -0.014517
v -0.025995 -0.085212 -0.017451
v -0.025887 -0.084951 -0.018189
v -0.025507 -0.084035 -0.020066
v -0.025124 -0.083108 -0.021403
v -0.024840 -0.082424 -0.022186
v -0.024078 -0.080583 -0.023746
v -0.023293 -0.078690 -0.024773
v -0.024018 -0.080439 -0.023842
v 0.003136 -0.089652 -0.014517
v 0.003048 -0.088985 -0.017600
v 0.002859 -0.087548 -0.020403
v 0.002582 -0.085442 -0.022736
v 0.002401 -0.084069 -0.023746
v 0.002235 -0.082808 -0.024440
v 0.020057 -0.086513 -0.018189
v 0.020175 -0.087409 -0.014517
v 0.019419 -0.081671 -0.023842
v 0.019620 -0.083199 -0.022736
v 0.019796 -0.084536 -0.021403
v 0.019898 -0.085305 -0.020403
v 0.019274 -0.080565 -0.024440
v 0.044114 -0.071605 -0.023746
v 0.042866 -0.069980 -0.024773
v 0.045327 -0.073187 -0.022186
v 0.046388 -0.074569 -0.020066
v 0.047164 -0.075581 -0.017451
v 0.047542 -0.076073 -0.014517
v 0.060626 -0.064894 -0.018189
v 0.061176 -0.065611 -0.014517
v 0.057653 -0.061019 -0.023842
v 0.058591 -0.062242 -0.022736
v 0.059412 -0.063312 -0.021403
v 0.059884 -0.063928 -0.020403
v 0.056974 -0.060135 -0.024440
v 0.072113 -0.039171 -0.024773
v 0.073862 -0.039895 -0.023842
v 0.074006 -0.039955 -0.023746
v 0.075848 -0.040718 -0.022186
v 0.076532 -0.041001 -0.021403
v 0.077458 -0.041385 -0.020066
v 0.078374 -0.041765 -0.018189
v 0.078636 -0.041873 -0.017451
v 0.079209 -0.042110 -0.014517
v 0.085786 -0.026233 -0.014517
v 0.083825 -0.025421 -0.020403
v 0.081862 -0.024608 -0.022736
v 0.079408 -0.023591 -0.024440
v 0.080583 -0.024078 -0.023746
v 0.085164 -0.025975 -0.017600
v 0.087548 0.002859 -0.020403
v 0.088977 0.003049 -0.017621
v 0.088985 0.003048 -0.017600
v 0.089652 0.003136 -0.014517
v 0.082808 0.002235 -0.024440
v 0.084069 0.002401 -0.023746
v 0.085442 0.002582 -0.022736
v 0.087409 0.020175 -0.014517
v 0.086794 0.020094 -0.017451
v 0.085530 0.019927 -0.020066
v 0.083802 0.019700 -0.022186
v 0.081826 0.019440 -0.023746
v 0.079794 0.019172 -0.024773
v 0.076073 0.047542 -0.014517
v 0.075539 0.047132 -0.017600
v 0.074390 0.046250 -0.020403
v 0.072704 0.044957 -0.022736
v 0.071605 0.044114 -0.023746
v 0.070597 0.043340 -0.024440
v 0.065611 0.061176 -0.014517
v 0.065077 0.060766 -0.017600
v 0.063928 0.059884 -0.020403
v 0.062242 0.058591 -0.022736
v 0.061143 0.057748 -0.023746
v 0.060135 0.056974 -0.024440
v 0.042110 0.079209 -0.014517
v 0.041853 0.078587 -0.017600
v 0.041298 0.077249 -0.020403
v 0.040485 0.075286 -0.022736
v 0.039955 0.074006 -0.023746
v 0.039469 0.072831 -0.024440
v 0.025807 0.085216 -0.017594
v 0.026064 0.085838 -0.014516
v 0.023261 0.079529 -0.024409
v 0.023686 0.080557 -0.023813
v 0.024274 0.081976 -0.022710
v 0.024789 0.083219 -0.021380
v 0.025085 0.083934 -0.020384
v 0.025550 0.085056 -0.018176
v 0.025638 0.085268 -0.017588
v 0.025895 0.085889 -0.014514
v -0.002959 0.089659 -0.014516
v -0.002783 0.089664 -0.014514
v -0.002695 0.088998 -0.017588
v -0.002665 0.088771 -0.018176
v -0.002507 0.087566 -0.020384
v -0.002406 0.086799 -0.021380
v -0.002230 0.085466 -0.022710
v -0.002030 0.083942 -0.023813
v -0.001885 0.082840 -0.024409
v -0.019966 0.083131 -0.022710
v -0.019765 0.081607 -0.023813
v -0.019620 0.080505 -0.024409
v -0.020141 0.084464 -0.021380
v -0.020242 0.085231 -0.020384
v -0.020401 0.086436 -0.018176
v -0.020431 0.086663 -0.017588
v -0.020347 0.087369 -0.014516
v -0.020519 0.087329 -0.014514
v -0.047392 0.076167 -0.014516
v -0.047242 0.076260 -0.014514
v -0.046833 0.075727 -0.017588
v -0.046694 0.075545 -0.018176
v -0.045954 0.074581 -0.020384
v -0.045483 0.073967 -0.021380
v -0.044664 0.072900 -0.022710
v -0.043729 0.071681 -0.023813
v -0.043052 0.070799 -0.024409
v -0.058856 0.062010 -0.022710
v -0.057921 0.060791 -0.023813
v -0.057244 0.059909 -0.024409
v -0.059675 0.063077 -0.021380
v -0.060146 0.063691 -0.020384
v -0.060886 0.064655 -0.018176
v -0.061025 0.064837 -0.017588
v -0.061306 0.065491 -0.014516
v -0.061434 0.065370 -0.014514
v -0.079043 0.042422 -0.014514
v -0.078471 0.042185 -0.017440
v -0.078210 0.042077 -0.018176
v -0.077297 0.041699 -0.020047
v -0.076373 0.041316 -0.021380
v -0.075691 0.041033 -0.022161
v -0.073855 0.040273 -0.023717
v -0.073711 0.040213 -0.023813
v -0.071967 0.039491 -0.024740
v -0.085889 0.025895 -0.014514
v -0.085317 0.025658 -0.017440
v -0.085056 0.025550 -0.018176
v -0.084142 0.025172 -0.020047
v -0.083219 0.024789 -0.021380
v -0.082537 0.024506 -0.022161
v -0.080701 0.023746 -0.023717
v -0.080557 0.023686 -0.023813
v -0.078813 0.022964 -0.024740
v -0.089659 -0.002959 -0.014516
v -0.089664 -0.002783 -0.014514
v -0.088998 -0.002695 -0.017588
v -0.088771 -0.002665 -0.018176
v -0.087566 -0.002507 -0.020384
v -0.086799 -0.002406 -0.021380
v -0.085466 -0.002230 -0.022710
v -0.083942 -0.002030 -0.023813
v -0.082840 -0.001885 -0.024409
v -0.083131 -0.019966 -0.022710
v -0.081607 -0.019765 -0.023813
v -0.080505 -0.019620 -0.024409
v -0.084464 -0.020141 -0.021380
v -0.085231 -0.020242 -0.020384
v -0.086436 -0.020401 -0.018176
v -0.086663 -0.020431 -0.017588
v -0.087369 -0.020347 -0.014516
v -0.087329 -0.020519 -0.014514
v -0.076167 -0.047392 -0.014516
v -0.076260 -0.047242 -0.014514
v -0.075727 -0.046833 -0.017588
v -0.075545 -0.046694 -0.018176
v -0.074581 -0.045954 -0.020384
v -0.073967 -0.045483 -0.021380
v -0.072900 -0.044664 -0.022710
v -0.071681 -0.043729 -0.023813
v -0.070799 -0.043052 -0.024409
v -0.064957 -0.060896 -0.017594
v -0.065491 -0.061305 -0.014516
v -0.059909 -0.057244 -0.024409
v -0.060791 -0.057921 -0.023813
v -0.062010 -0.058856 -0.022710
v -0.063077 -0.059675 -0.021380
v -0.063691 -0.060146 -0.020384
v -0.064655 -0.060886 -0.018176
v -0.064837 -0.061025 -0.017588
v -0.065370 -0.061434 -0.014514
v -0.042266 -0.079126 -0.014516
v -0.042422 -0.079043 -0.014514
v -0.042165 -0.078422 -0.017588
v -0.042077 -0.078210 -0.018176
v -0.041612 -0.077088 -0.020384
v -0.041316 -0.076373 -0.021380
v -0.040801 -0.075130 -0.022710
v -0.040213 -0.073711 -0.023813
v -0.039788 -0.072683 -0.024409
v -0.022964 -0.078813 -0.024740
v -0.023686 -0.080557 -0.023813
v -0.023746 -0.080701 -0.023717
v -0.024506 -0.082537 -0.022161
v -0.024789 -0.083219 -0.021380
v -0.025172 -0.084142 -0.020047
v -0.025550 -0.085056 -0.018176
v -0.025658 -0.085317 -0.017440
v -0.025895 -0.085889 -0.014514
v 0.002959 -0.089659 -0.014516
v 0.002783 -0.089664 -0.014514
v 0.002695 -0.088998 -0.017588
v 0.002665 -0.088771 -0.018176
v 0.002507 -0.087566 -0.020384
v 0.002406 -0.086799 -0.021380
v 0.002230 -0.085466 -0.022710
v 0.002030 -0.083942 -0.023813
v 0.001885 -0.082840 -0.024409
v 0.020259 -0.086703 -0.017594
v 0.020347 -0.087369 -0.014516
v 0.019620 -0.080505 -0.024409
v 0.019765 -0.081607 -0.023813
v 0.019966 -0.083131 -0.022710
v 0.020141 -0.084464 -0.021380
v 0.020242 -0.085231 -0.020384
v 0.020401 -0.086436 -0.018176
v 0.020431 -0.086663 -0.017588
v 0.020519 -0.087329 -0.014514
v 0.042580 -0.070184 -0.024740
v 0.043729 -0.071681 -0.023813
v 0.045483 -0.073967 -0.021380
v 0.047242 -0.076260 -0.014514
v 0.046694 -0.075545 -0.018176
v 0.046092 -0.074760 -0.020047
v 0.060896 -0.064957 -0.017594
v 0.061305 -0.065491 -0.014516
v 0.057244 -0.059909 -0.024409
v 0.057921 -0.060791 -0.023813
v 0.058856 -0.062010 -0.022710
v 0.059675 -0.063077 -0.021380
v 0.060146 -0.063691 -0.020384
v 0.060886 -0.064655 -0.018176
v 0.061025 -0.064837 -0.017588
v 0.061434 -0.065370 -0.014514
v 0.079043 -0.042422 -0.014514
v 0.078210 -0.042077 -0.018176
v 0.076373 -0.041316 -0.021380
v 0.073711 -0.040213 -0.023813
v 0.081976 -0.024274 -0.022710
v 0.080557 -0.023686 -0.023813
v 0.079529 -0.023261 -0.024409
v 0.083219 -0.024789 -0.021380
v 0.083934 -0.025085 -0.020384
v 0.085056 -0.025550 -0.018176
v 0.085268 -0.025638 -0.017588
v 0.085838 -0.026064 -0.014516
v 0.085889 -0.025895 -0.014514
v 0.086799 0.002406 -0.021380
v 0.083942 0.002030 -0.023813
v 0.082071 0.001783 -0.024740
v 0.089664 0.002783 -0.014514
v 0.088771 0.002665 -0.018176
v 0.087790 0.002536 -0.020047
v 0.079736 0.019519 -0.024740
v 0.081607 0.019765 -0.023813
v 0.084464 0.020141 -0.021380
v 0.085455 0.020272 -0.020047
v 0.086436 0.020401 -0.018176
v 0.087329 0.020519 -0.014514
v 0.072900 0.044664 -0.022710
v 0.071681 0.043729 -0.023813
v 0.076167 0.047392 -0.014516
v 0.076260 0.047242 -0.014514
v 0.075727 0.046833 -0.017588
v 0.075545 0.046694 -0.018176
v 0.074581 0.045954 -0.020384
v 0.073967 0.045483 -0.021380
v 0.070799 0.043052 -0.024409
v 0.064837 0.061025 -0.017588
v 0.065491 0.061305 -0.014516
v 0.059909 0.057244 -0.024409
v 0.060791 0.057921 -0.023813
v 0.062010 0.058856 -0.022710
v 0.063077 0.059675 -0.021380
v 0.063691 0.060146 -0.020384
v 0.064655 0.060886 -0.018176
v 0.065370 0.061434 -0.014514
v 0.040801 0.075130 -0.022710
v 0.040213 0.073711 -0.023813
v 0.042266 0.079126 -0.014516
v 0.042422 0.079043 -0.014514
v 0.042165 0.078422 -0.017588
v 0.042077 0.078210 -0.018176
v 0.041612 0.077088 -0.020384
v 0.041316 0.076373 -0.021380
v 0.039788 0.072683 -0.024409
v 0.042905 0.069951 0.024775
v 0.044057 0.071453 0.023844
v 0.045817 0.073746 0.021404
v 0.046427 0.074542 0.020067
v 0.047031 0.075329 0.018190
v 0.002181 0.082032 0.024775
v 0.002428 0.083909 0.023844
v 0.002805 0.086775 0.021404
v 0.002936 0.087769 0.020067
v 0.003066 0.088752 0.018190
v -0.039127 0.072132 0.024775
v -0.039852 0.073881 0.023844
v -0.040958 0.076552 0.021404
v -0.041341 0.077478 0.020067
v -0.041721 0.078395 0.018190
v -0.071453 0.044057 0.023844
v -0.073746 0.045817 0.021404
v -0.075329 0.047031 0.018190
v -0.082032 0.002181 0.024775
v -0.083909 0.002428 0.023844
v -0.086775 0.002805 0.021404
v -0.087769 0.002936 0.020067
v -0.088752 0.003066 0.018190
v 0.039127 -0.072132 0.024775
v 0.039852 -0.073881 0.023844
v 0.040958 -0.076552 0.021404
v 0.041341 -0.077478 0.020067
v 0.041721 -0.078395 0.018190
v 0.069951 -0.042905 0.024775
v 0.071453 -0.044057 0.023844
v 0.073746 -0.045817 0.021404
v 0.074542 -0.046427 0.020067
v 0.075329 -0.047031 0.018190
v 0.082032 -0.002181 0.024775
v 0.083909 -0.002428 0.023844
v 0.086775 -0.002805 0.021404
v 0.087769 -0.002936 0.020067
v 0.088752 -0.003066 0.018190
v 0.073881 0.039852 0.023844
v 0.078395 0.041721 0.018190
v 0.076552 0.040958 0.021404
v 0.047542 0.076073 0.014517
v 0.047132 0.075539 0.017600
v 0.046250 0.074390 0.020403
v 0.044957 0.072704 0.022736
v 0.044114 0.071605 0.023746
v 0.043340 0.070597 0.024440
v 0.003136 0.089653 0.014517
v 0.003048 0.088985 0.017600
v 0.002859 0.087548 0.020403
v 0.002582 0.085442 0.022736
v 0.002401 0.084069 0.023746
v 0.002235 0.082808 0.024440
v -0.025552 0.084018 0.020067
v -0.023338 0.078672 0.024775
v -0.024063 0.080421 0.023844
v -0.024885 0.082407 0.022188
v -0.025169 0.083092 0.021404
v -0.025932 0.084935 0.018190
v -0.042110 0.079209 0.014517
v -0.041853 0.078587 0.017600
v -0.041298 0.077249 0.020403
v -0.040485 0.075286 0.022736
v -0.039955 0.074006 0.023746
v -0.039469 0.072831 0.024440
v -0.071605 0.044114 0.023746
v -0.069980 0.042866 0.024773
v -0.073187 0.045327 0.022186
v -0.074569 0.046388 0.020066
v -0.075581 0.047164 0.017451
v -0.076073 0.047542 0.014517
v -0.079801 0.019125 0.024775
v -0.081678 0.019372 0.023844
v -0.085538 0.019880 0.020067
v -0.084544 0.019749 0.021404
v -0.086522 0.020009 0.018190
v -0.089652 0.003136 0.014517
v -0.088985 0.003048 0.017600
v -0.087548 0.002859 0.020403
v -0.085442 0.002582 0.022736
v -0.084069 0.002401 0.023746
v -0.082808 0.002235 0.024440
v -0.080421 -0.024063 0.023844
v -0.083092 -0.025169 0.021404
v -0.084935 -0.025932 0.018190
v -0.072113 -0.039171 0.024773
v -0.073862 -0.039895 0.023842
v -0.074006 -0.039955 0.023746
v -0.075848 -0.040718 0.022186
v -0.076532 -0.041001 0.021403
v -0.077458 -0.041385 0.020066
v -0.078374 -0.041765 0.018189
v -0.078636 -0.041873 0.017451
v -0.079209 -0.042110 0.014517
v -0.057616 -0.061050 0.023844
v -0.059375 -0.063343 0.021404
v -0.060590 -0.064925 0.018190
v -0.047542 -0.076073 0.014517
v -0.046992 -0.075356 0.018189
v -0.044957 -0.072704 0.022736
v -0.046250 -0.074390 0.020403
v -0.045778 -0.073774 0.021403
v -0.044019 -0.071481 0.023842
v -0.043340 -0.070597 0.024440
v -0.002133 -0.082037 0.024773
v -0.002380 -0.083914 0.023842
v -0.002401 -0.084069 0.023746
v -0.002661 -0.086045 0.022186
v -0.002758 -0.086779 0.021403
v -0.002889 -0.087773 0.020066
v -0.003018 -0.088756 0.018189
v -0.003055 -0.089037 0.017451
v -0.003136 -0.089652 0.014517
v 0.042110 -0.079209 0.014517
v 0.041853 -0.078587 0.017600
v 0.041298 -0.077249 0.020403
v 0.040485 -0.075286 0.022736
v 0.039955 -0.074006 0.023746
v 0.039469 -0.072831 0.024440
v 0.064138 -0.059986 0.020067
v 0.059547 -0.056463 0.024775
v 0.061050 -0.057616 0.023844
v 0.062755 -0.058924 0.022188
v 0.063343 -0.059375 0.021404
v 0.064925 -0.060590 0.018190
v 0.076073 -0.047542 0.014517
v 0.075539 -0.047132 0.017600
v 0.074390 -0.046250 0.020403
v 0.072704 -0.044957 0.022736
v 0.071605 -0.044114 0.023746
v 0.070597 -0.043340 0.024440
v 0.089652 -0.003136 0.014517
v 0.088985 -0.003048 0.017600
v 0.087548 -0.002859 0.020403
v 0.085442 -0.002582 0.022736
v 0.084069 -0.002401 0.023746
v 0.082808 -0.002235 0.024440
v 0.072831 0.039469 0.024440
v 0.077249 0.041298 0.020403
v 0.078581 0.041848 0.017621
v 0.078587 0.041853 0.017600
v 0.079209 0.042110 0.014517
v 0.075286 0.040485 0.022736
v 0.059986 0.064138 0.020067
v 0.056463 0.059547 0.024775
v 0.057616 0.061050 0.023844
v 0.058924 0.062755 0.022188
v 0.059375 0.063343 0.021404
v 0.060590 0.064925 0.018190
v 0.047392 0.076167 0.014516
v 0.047242 0.076260 0.014514
v 0.046833 0.075727 0.017588
v 0.046694 0.075545 0.018176
v 0.045954 0.074581 0.020384
v 0.045483 0.073967 0.021380
v 0.044664 0.072900 0.022710
v 0.043729 0.071681 0.023813
v 0.043052 0.070799 0.024408
v 0.020175 0.087409 0.014517
v 0.020094 0.086794 0.017451
v 0.020057 0.086513 0.018189
v 0.019927 0.085530 0.020066
v 0.019796 0.084536 0.021403
v 0.019700 0.083802 0.022186
v 0.019440 0.081826 0.023746
v 0.019172 0.079794 0.024773
v 0.019419 0.081671 0.023842
v 0.002230 0.085466 0.022710
v 0.002030 0.083942 0.023813
v 0.002959 0.089659 0.014516
v 0.002783 0.089664 0.014514
v 0.002695 0.088998 0.017588
v 0.002665 0.088771 0.018176
v 0.002507 0.087566 0.020384
v 0.002406 0.086799 0.021380
v 0.001885 0.082840 0.024408
v -0.026233 0.085786 0.014517
v -0.025421 0.083825 0.020403
v -0.024608 0.081862 0.022736
v -0.023591 0.079408 0.024440
v -0.024078 0.080583 0.023746
v -0.025975 0.085164 0.017600
v -0.040801 0.075130 0.022710
v -0.040213 0.073711 0.023813
v -0.042266 0.079126 0.014516
v -0.042422 0.079043 0.014514
v -0.042165 0.078422 0.017588
v -0.042077 0.078210 0.018176
v -0.041612 0.077088 0.020384
v -0.041316 0.076373 0.021380
v -0.039788 0.072683 0.024408
v -0.064894 0.060626 0.018189
v -0.065611 0.061176 0.014517
v -0.061019 0.057653 0.023842
v -0.062242 0.058591 0.022736
v -0.063312 0.059412 0.021403
v -0.063928 0.059884 0.020403
v -0.060135 0.056974 0.024440
v -0.070184 0.042580 0.024740
v -0.071681 0.043729 0.023813
v -0.073967 0.045483 0.021380
v -0.076260 0.047242 0.014514
v -0.075545 0.046694 0.018176
v -0.074760 0.046092 0.020047
v -0.087409 0.020175 0.014517
v -0.086741 0.020087 0.017600
v -0.085305 0.019898 0.020403
v -0.083199 0.019620 0.022736
v -0.081826 0.019440 0.023746
v -0.080565 0.019274 0.024440
v -0.085466 0.002230 0.022710
v -0.083942 0.002030 0.023813
v -0.089659 0.002959 0.014516
v -0.089664 0.002783 0.014514
v -0.088998 0.002695 0.017588
v -0.088771 0.002665 0.018176
v -0.087566 0.002507 0.020384
v -0.086799 0.002406 0.021380
v -0.082840 0.001885 0.024408
v -0.085786 -0.026233 0.014517
v -0.085212 -0.025995 0.017451
v -0.084035 -0.025507 0.020066
v -0.082424 -0.024840 0.022186
v -0.080583 -0.024078 0.023746
v -0.078690 -0.023293 0.024773
v -0.079043 -0.042422 0.014514
v -0.078210 -0.042077 0.018176
v -0.076373 -0.041316 0.021380
v -0.073711 -0.040213 0.023813
v -0.061176 -0.065611 0.014517
v -0.060798 -0.065119 0.017451
v -0.060022 -0.064107 0.020066
v -0.058961 -0.062725 0.022186
v -0.057748 -0.061143 0.023746
v -0.056500 -0.059518 0.024773
v -0.047392 -0.076167 0.014516
v -0.046983 -0.075633 0.017594
v -0.047242 -0.076260 0.014514
v -0.046833 -0.075727 0.017588
v -0.046694 -0.075545 0.018176
v -0.045954 -0.074581 0.020384
v -0.045483 -0.073967 0.021380
v -0.044664 -0.072900 0.022710
v -0.043729 -0.071681 0.023813
v -0.043052 -0.070799 0.024408
v -0.019172 -0.079794 0.024773
v -0.019419 -0.081671 0.023842
v -0.019440 -0.081826 0.023746
v -0.019700 -0.083802 0.022186
v -0.019796 -0.084536 0.021403
v -0.019927 -0.085530 0.020066
v -0.020057 -0.086513 0.018189
v -0.020094 -0.086794 0.017451
v -0.020175 -0.087409 0.014517
v -0.002783 -0.089664 0.014514
v -0.002665 -0.088771 0.018176
v -0.002406 -0.086799 0.021380
v -0.002030 -0.083942 0.023813
v 0.025975 -0.085164 0.017600
v 0.026233 -0.085786 0.014517
v 0.025887 -0.084951 0.018189
v 0.025421 -0.083825 0.020403
v 0.025124 -0.083108 0.021403
v 0.024608 -0.081862 0.022736
v 0.024018 -0.080439 0.023842
v 0.023591 -0.079408 0.024440
v 0.040801 -0.075130 0.022710
v 0.040213 -0.073711 0.023813
v 0.042266 -0.079126 0.014516
v 0.042422 -0.079043 0.014514
v 0.042165 -0.078422 0.017588
v 0.042077 -0.078210 0.018176
v 0.041612 -0.077088 0.020384
v 0.041316 -0.076373 0.021380
v 0.039788 -0.072683 0.024408
v 0.065611 -0.061176 0.014517
v 0.063928 -0.059884 0.020403
v 0.062242 -0.058591 0.022736
v 0.060135 -0.056974 0.024440
v 0.061143 -0.057748 0.023746
v 0.065077 -0.060766 0.017600
v 0.072900 -0.044664 0.022710
v 0.071681 -0.043729 0.023813
v 0.076167 -0.047392 0.014516
v 0.076260 -0.047242 0.014514
v 0.075727 -0.046833 0.017588
v 0.075545 -0.046694 0.018176
v 0.074581 -0.045954 0.020384
v 0.073967 -0.045483 0.021380
v 0.070799 -0.043052 0.024408
v 0.086741 -0.020087 0.017600
v 0.087409 -0.020175 0.014517
v 0.086513 -0.020057 0.018189
v 0.085305 -0.019898 0.020403
v 0.084536 -0.019796 0.021403
v 0.083199 -0.019620 0.022736
v 0.081671 -0.019419 0.023842
v 0.080565 -0.019274 0.024440
v 0.085466 -0.002230 0.022710
v 0.083942 -0.002030 0.023813
v 0.089659 -0.002959 0.014516
v 0.089664 -0.002783 0.014514
v 0.088998 -0.002695 0.017588
v 0.088771 -0.002665 0.018176
v 0.087566 -0.002507 0.020384
v 0.086799 -0.002406 0.021380
v 0.082840 -0.001885 0.024408
v 0.084951 0.025887 0.018189
v 0.085786 0.026233 0.014517
v 0.081862 0.024608 0.022736
v 0.080439 0.024018 0.023842
v 0.083108 0.025124 0.021403
v 0.083825 0.025421 0.020403
v 0.079408 0.023591 0.024440
v 0.079126 0.042266 0.014516
v 0.079043 0.042422 0.014514
v 0.078422 0.042165 0.017588
v 0.078210 0.042077 0.018176
v 0.077088 0.041612 0.020384
v 0.076373 0.041316 0.021380
v 0.075130 0.040801 0.022710
v 0.073711 0.040213 0.023813
v 0.072683 0.039788 0.024408
v 0.061176 0.065611 0.014517
v 0.059884 0.063928 0.020403
v 0.058591 0.062242 0.022736
v 0.056974 0.060135 0.024440
v 0.057748 0.061143 0.023746
v 0.060766 0.065077 0.017600
v 0.019519 0.079736 0.024740
v 0.019765 0.081607 0.023813
v 0.019786 0.081762 0.023717
v 0.020045 0.083732 0.022161
v 0.020141 0.084464 0.021380
v 0.020272 0.085455 0.020047
v 0.020401 0.086436 0.018176
v 0.020438 0.086715 0.017439
v 0.020519 0.087329 0.014514
v -0.000594 0.087861 -0.019928
v -0.025638 0.085268 0.017588
v -0.026064 0.085838 0.014516
v -0.023261 0.079529 0.024408
v -0.023686 0.080557 0.023813
v -0.024274 0.081976 0.022710
v -0.024789 0.083219 0.021380
v -0.025085 0.083934 0.020384
v -0.025550 0.085056 0.018176
v -0.025895 0.085889 0.014514
v -0.064837 0.061025 0.017588
v -0.065491 0.061306 0.014516
v -0.059909 0.057244 0.024408
v -0.060791 0.057921 0.023813
v -0.062010 0.058856 0.022710
v -0.063077 0.059675 0.021380
v -0.063691 0.060146 0.020384
v -0.064655 0.060886 0.018176
v -0.065370 0.061434 0.014514
v -0.086663 0.020431 0.017588
v -0.087369 0.020347 0.014516
v -0.080505 0.019620 0.024408
v -0.081607 0.019765 0.023813
v -0.083131 0.019966 0.022710
v -0.084464 0.020141 0.021380
v -0.085231 0.020242 0.020384
v -0.086436 0.020401 0.018176
v -0.087329 0.020519 0.014514
v -0.078813 -0.022964 0.024740
v -0.080557 -0.023686 0.023813
v -0.083219 -0.024789 0.021380
v -0.084142 -0.025172 0.020047
v -0.085056 -0.025550 0.018176
v -0.085889 -0.025895 0.014514
v -0.075793 -0.044444 -0.019928
v -0.056772 -0.059294 0.024740
v -0.057921 -0.060791 0.023813
v -0.059675 -0.063077 0.021380
v -0.060284 -0.063870 0.020047
v -0.060886 -0.064655 0.018176
v -0.061434 -0.065370 0.014514
v -0.062547 -0.061707 -0.019928
v -0.019765 -0.081607 0.023813
v -0.020141 -0.084464 0.021380
v -0.020401 -0.086436 0.018176
v -0.020519 -0.087329 0.014514
v 0.000594 -0.087861 -0.019928
v 0.023852 -0.080498 0.023828
v 0.024956 -0.083164 0.021391
v 0.025719 -0.085004 0.018183
v 0.026064 -0.085838 0.014516
v 0.025895 -0.085889 0.014514
v 0.025550 -0.085056 0.018176
v 0.024789 -0.083219 0.021380
v 0.023686 -0.080557 0.023813
v 0.064837 -0.061025 0.017588
v 0.065491 -0.061305 0.014516
v 0.059909 -0.057244 0.024408
v 0.060791 -0.057921 0.023813
v 0.062010 -0.058856 0.022710
v 0.063077 -0.059675 0.021380
v 0.063691 -0.060146 0.020384
v 0.064655 -0.060886 0.018176
v 0.065370 -0.061434 0.014514
v 0.081639 -0.019592 0.023828
v 0.084500 -0.019969 0.021391
v 0.086475 -0.020229 0.018183
v 0.087369 -0.020347 0.014516
v 0.087329 -0.020519 0.014514
v 0.086436 -0.020401 0.018176
v 0.084464 -0.020141 0.021380
v 0.081607 -0.019765 0.023813
v 0.085268 0.025638 0.017588
v 0.085838 0.026064 0.014516
v 0.079529 0.023261 0.024408
v 0.080557 0.023686 0.023813
v 0.081976 0.024274 0.022710
v 0.083219 0.024789 0.021380
v 0.083934 0.025085 0.020384
v 0.085056 0.025550 0.018176
v 0.085889 0.025895 0.014514
v 0.062547 0.061707 -0.019928
v 0.058856 0.062010 0.022710
v 0.057921 0.060791 0.023813
v 0.057244 0.059909 0.024408
v 0.059675 0.063077 0.021380
v 0.060146 0.063691 0.020384
v 0.060886 0.064655 0.018176
v 0.061025 0.064837 0.017588
v 0.061306 0.065491 0.014516
v 0.061434 0.065370 0.014514
v 0.021380 0.080206 -0.024207
v 0.023714 0.085839 -0.017513
v 0.023966 0.086448 -0.014496
v 0.023171 0.084529 -0.020257
v 0.023713 0.085829 -0.017540
v 0.022375 0.082607 -0.022540
v 0.021857 0.081355 -0.023528
v -0.000775 0.089705 -0.014496
v -0.000689 0.089051 -0.017513
v -0.000504 0.087646 -0.020257
v -0.000232 0.085584 -0.022540
v -0.000056 0.084240 -0.023528
v 0.000107 0.083006 -0.024207
v -0.021587 0.080150 -0.024207
v -0.022383 0.086195 -0.017513
v -0.022469 0.086849 -0.014496
v -0.022198 0.084790 -0.020257
v -0.022379 0.086186 -0.017540
v -0.021926 0.082728 -0.022540
v -0.041411 0.071939 -0.024207
v -0.045524 0.077299 -0.014496
v -0.045122 0.076776 -0.017513
v -0.045119 0.076767 -0.017540
v -0.044259 0.075651 -0.020257
v -0.042993 0.074001 -0.022540
v -0.042168 0.072926 -0.023528
v -0.062883 0.063979 -0.014496
v -0.062513 0.063497 -0.017367
v -0.062344 0.063277 -0.018090
v -0.061754 0.062507 -0.019926
v -0.061156 0.061729 -0.021235
v -0.060715 0.061154 -0.022002
v -0.059528 0.059606 -0.023528
v -0.059434 0.059485 -0.023622
v -0.071129 0.041304 -0.024533
v -0.072982 0.042072 -0.023528
v -0.074784 0.042818 -0.022002
v -0.076360 0.043471 -0.019926
v -0.077513 0.043949 -0.017367
v -0.078074 0.044181 -0.014496
v -0.086448 0.023966 -0.014496
v -0.085886 0.023733 -0.017367
v -0.084734 0.023256 -0.019926
v -0.083157 0.022603 -0.022002
v -0.081355 0.021857 -0.023528
v -0.079502 0.021089 -0.024533
v -0.082252 0.000206 -0.024533
v -0.084240 -0.000056 -0.023528
v -0.086174 -0.000310 -0.022002
v -0.087865 -0.000533 -0.019926
v -0.089102 -0.000696 -0.017367
v -0.089705 -0.000775 -0.014496
v -0.086849 -0.022469 -0.014496
v -0.086246 -0.022389 -0.017367
v -0.085972 -0.022353 -0.018090
v -0.085009 -0.022227 -0.019926
v -0.084037 -0.022099 -0.021235
v -0.083318 -0.022004 -0.022002
v -0.081384 -0.021749 -0.023528
v -0.081233 -0.021729 -0.023622
v -0.077299 -0.045524 -0.014496
v -0.076776 -0.045122 -0.017513
v -0.075651 -0.044259 -0.020257
v -0.074001 -0.042993 -0.022540
v -0.072926 -0.042168 -0.023528
v -0.071939 -0.041411 -0.024207
v -0.063979 -0.062883 -0.014496
v -0.060681 -0.060353 -0.022540
v -0.062331 -0.061619 -0.020257
v -0.058619 -0.058770 -0.024207
v -0.059606 -0.059528 -0.023528
v -0.063456 -0.062482 -0.017513
v -0.042072 -0.072982 -0.023528
v -0.042818 -0.074784 -0.022002
v -0.043096 -0.075454 -0.021235
v -0.043471 -0.076360 -0.019926
v -0.043843 -0.077257 -0.018090
v -0.043949 -0.077513 -0.017367
v -0.044181 -0.078074 -0.014496
v -0.042013 -0.072841 -0.023622
v -0.023966 -0.086448 -0.014496
v -0.023733 -0.085886 -0.017367
v -0.023256 -0.084734 -0.019926
v -0.022603 -0.083157 -0.022002
v -0.021857 -0.081355 -0.023528
v -0.021089 -0.079502 -0.024533
v 0.000775 -0.089705 -0.014496
v 0.000689 -0.089051 -0.017513
v 0.000504 -0.087646 -0.020257
v 0.000232 -0.085584 -0.022540
v 0.000056 -0.084240 -0.023528
v -0.000107 -0.083006 -0.024207
v 0.022469 -0.086849 -0.014496
v 0.022389 -0.086246 -0.017367
v 0.022227 -0.085009 -0.019926
v 0.022004 -0.083318 -0.022002
v 0.021749 -0.081384 -0.023528
v 0.040947 -0.071335 -0.024533
v 0.042168 -0.072926 -0.023528
v 0.043356 -0.074474 -0.022002
v 0.044394 -0.075827 -0.019926
v 0.045154 -0.076817 -0.017367
v 0.045524 -0.077299 -0.014496
v 0.062883 -0.063979 -0.014496
v 0.062513 -0.063497 -0.017367
v 0.061754 -0.062507 -0.019926
v 0.060715 -0.061154 -0.022002
v 0.059528 -0.059606 -0.023528
v 0.071129 -0.041304 -0.024533
v 0.072982 -0.042072 -0.023528
v 0.074784 -0.042818 -0.022002
v 0.076360 -0.043471 -0.019926
v 0.077513 -0.043949 -0.017367
v 0.078074 -0.044181 -0.014496
v 0.086448 -0.023966 -0.014496
v 0.085886 -0.023733 -0.017367
v 0.085631 -0.023627 -0.018090
v 0.084734 -0.023256 -0.019926
v 0.083827 -0.022880 -0.021235
v 0.083157 -0.022603 -0.022002
v 0.081355 -0.021857 -0.023528
v 0.081214 -0.021798 -0.023622
v 0.083006 -0.000107 -0.024207
v 0.089705 0.000775 -0.014496
v 0.089051 0.000689 -0.017513
v 0.089042 0.000690 -0.017540
v 0.087646 0.000504 -0.020257
v 0.085584 0.000232 -0.022540
v 0.086849 0.022469 -0.014496
v 0.086246 0.022389 -0.017367
v 0.085972 0.022353 -0.018090
v 0.085009 0.022227 -0.019926
v 0.084037 0.022099 -0.021235
v 0.083318 0.022004 -0.022002
v 0.081384 0.021749 -0.023528
v 0.079396 0.021487 -0.024533
v 0.081233 0.021729 -0.023622
v 0.077299 0.045524 -0.014496
v 0.076597 0.044985 -0.018090
v 0.074001 0.042993 -0.022540
v 0.075651 0.044259 -0.020257
v 0.075049 0.043797 -0.021235
v 0.072805 0.042075 -0.023622
v 0.071939 0.041411 -0.024207
v 0.063979 0.062883 -0.014496
v 0.063456 0.062482 -0.017513
v 0.062331 0.061619 -0.020257
v 0.060681 0.060353 -0.022540
v 0.059606 0.059528 -0.023528
v 0.058619 0.058770 -0.024207
v 0.044181 0.078074 -0.014496
v 0.043929 0.077465 -0.017513
v 0.043923 0.077457 -0.017540
v 0.043386 0.076155 -0.020257
v 0.042591 0.074234 -0.022540
v 0.041596 0.071832 -0.024207
v 0.042072 0.072982 -0.023528
v 0.023434 0.085686 -0.018080
v 0.023063 0.084791 -0.019913
v 0.022688 0.083886 -0.021218
v 0.021608 0.081279 -0.023601
v 0.023772 0.086502 -0.014493
v -0.000674 0.089706 -0.014495
v -0.000573 0.089707 -0.014493
v -0.000488 0.089054 -0.017504
v -0.000458 0.088831 -0.018080
v -0.000303 0.087652 -0.020242
v -0.000204 0.086900 -0.021218
v -0.000032 0.085594 -0.022521
v 0.000164 0.084102 -0.023601
v 0.000307 0.083022 -0.024185
v -0.022294 0.083992 -0.021218
v -0.021784 0.080114 -0.024185
v -0.021926 0.081194 -0.023601
v -0.022122 0.082686 -0.022521
v -0.022393 0.084743 -0.020242
v -0.022549 0.085923 -0.018080
v -0.022578 0.086146 -0.017504
v -0.022566 0.086824 -0.014495
v -0.022664 0.086798 -0.014493
v -0.043627 0.075156 -0.021218
v -0.041909 0.072917 -0.023601
v -0.045350 0.077401 -0.014493
v -0.044813 0.076701 -0.018080
v -0.044223 0.075933 -0.019913
v -0.059585 0.059353 -0.023601
v -0.059678 0.059474 -0.023507
v -0.060863 0.061018 -0.021984
v -0.061303 0.061592 -0.021218
v -0.061900 0.062369 -0.019913
v -0.062489 0.063137 -0.018080
v -0.062657 0.063356 -0.017359
v -0.063027 0.063838 -0.014493
v -0.077975 0.044357 -0.014493
v -0.075360 0.043273 -0.021218
v -0.072752 0.042193 -0.023601
v -0.077159 0.044019 -0.018080
v -0.076264 0.043648 -0.019913
v -0.081279 0.021608 -0.023601
v -0.083886 0.022688 -0.021218
v -0.084791 0.023063 -0.019913
v -0.085686 0.023434 -0.018080
v -0.086502 0.023772 -0.014493
v -0.086900 -0.000204 -0.021218
v -0.084102 0.000164 -0.023601
v -0.089707 -0.000573 -0.014493
v -0.088831 -0.000458 -0.018080
v -0.087871 -0.000332 -0.019913
v -0.086798 -0.022664 -0.014493
v -0.086197 -0.022585 -0.017359
v -0.085923 -0.022549 -0.018080
v -0.084963 -0.022422 -0.019913
v -0.083992 -0.022294 -0.021218
v -0.083275 -0.022200 -0.021984
v -0.081345 -0.021946 -0.023507
v -0.081194 -0.021926 -0.023601
v -0.077350 -0.045437 -0.014495
v -0.077401 -0.045350 -0.014493
v -0.076879 -0.044949 -0.017504
v -0.076701 -0.044813 -0.018080
v -0.075757 -0.044088 -0.020242
v -0.075156 -0.043627 -0.021218
v -0.074111 -0.042825 -0.022521
v -0.072917 -0.041909 -0.023601
v -0.072052 -0.041245 -0.024185
v -0.060547 -0.060501 -0.022521
v -0.059353 -0.059585 -0.023601
v -0.058489 -0.058922 -0.024185
v -0.061592 -0.061303 -0.021218
v -0.062193 -0.061765 -0.020242
v -0.063137 -0.062489 -0.018080
v -0.063316 -0.062626 -0.017504
v -0.063908 -0.062955 -0.014495
v -0.063838 -0.063027 -0.014493
v -0.044357 -0.077975 -0.014493
v -0.044125 -0.077415 -0.017359
v -0.044019 -0.077159 -0.018080
v -0.043648 -0.076264 -0.019913
v -0.043273 -0.075360 -0.021218
v -0.042997 -0.074691 -0.021984
v -0.042252 -0.072893 -0.023507
v -0.042193 -0.072752 -0.023601
v -0.023434 -0.085686 -0.018080
v -0.023772 -0.086502 -0.014493
v -0.021608 -0.081279 -0.023601
v -0.022688 -0.083886 -0.021218
v -0.023063 -0.084791 -0.019913
v 0.000674 -0.089706 -0.014495
v 0.000573 -0.089707 -0.014493
v 0.000488 -0.089054 -0.017504
v 0.000458 -0.088831 -0.018080
v 0.000303 -0.087652 -0.020242
v 0.000204 -0.086900 -0.021218
v 0.000032 -0.085594 -0.022521
v -0.000164 -0.084102 -0.023601
v -0.000307 -0.083022 -0.024185
v 0.021926 -0.081194 -0.023601
v 0.022294 -0.083992 -0.021218
v 0.022422 -0.084963 -0.019913
v 0.022549 -0.085923 -0.018080
v 0.022664 -0.086798 -0.014493
v 0.045350 -0.077401 -0.014493
v 0.043627 -0.075156 -0.021218
v 0.041909 -0.072917 -0.023601
v 0.044813 -0.076701 -0.018080
v 0.044223 -0.075933 -0.019913
v 0.059585 -0.059353 -0.023601
v 0.061303 -0.061592 -0.021218
v 0.061900 -0.062369 -0.019913
v 0.062489 -0.063137 -0.018080
v 0.063027 -0.063838 -0.014493
v 0.075360 -0.043273 -0.021218
v 0.072752 -0.042193 -0.023601
v 0.077975 -0.044357 -0.014493
v 0.077159 -0.044019 -0.018080
v 0.076264 -0.043648 -0.019913
v 0.086502 -0.023772 -0.014493
v 0.085941 -0.023540 -0.017359
v 0.085686 -0.023434 -0.018080
v 0.084791 -0.023063 -0.019913
v 0.083886 -0.022688 -0.021218
v 0.083218 -0.022412 -0.021984
v 0.081420 -0.021667 -0.023507
v 0.081279 -0.021608 -0.023601
v 0.089706 0.000674 -0.014495
v 0.089707 0.000573 -0.014493
v 0.089054 0.000488 -0.017504
v 0.088831 0.000458 -0.018080
v 0.084102 -0.000164 -0.023601
v 0.087652 0.000303 -0.020242
v 0.086900 0.000204 -0.021218
v 0.085594 0.000032 -0.022521
v 0.083022 -0.000307 -0.024185
v 0.086798 0.022664 -0.014493
v 0.086197 0.022585 -0.017359
v 0.085923 0.022549 -0.018080
v 0.084963 0.022422 -0.019913
v 0.083992 0.022294 -0.021218
v 0.083275 0.022200 -0.021984
v 0.081345 0.021946 -0.023507
v 0.081194 0.021926 -0.023601
v 0.077350 0.045437 -0.014495
v 0.076841 0.044960 -0.017582
v 0.077401 0.045350 -0.014493
v 0.076879 0.044949 -0.017504
v 0.076701 0.044813 -0.018080
v 0.075757 0.044088 -0.020242
v 0.075156 0.043627 -0.021218
v 0.074111 0.042825 -0.022521
v 0.072917 0.041909 -0.023601
v 0.072052 0.041245 -0.024185
v 0.061592 0.061303 -0.021218
v 0.058489 0.058922 -0.024185
v 0.059353 0.059585 -0.023601
v 0.060547 0.060501 -0.022521
v 0.062193 0.061765 -0.020242
v 0.063137 0.062489 -0.018080
v 0.063316 0.062626 -0.017504
v 0.063908 0.062955 -0.014495
v 0.063838 0.063027 -0.014493
v 0.043273 0.075360 -0.021218
v 0.042193 0.072752 -0.023601
v 0.044357 0.077975 -0.014493
v 0.044019 0.077159 -0.018080
v 0.043648 0.076264 -0.019913
v -0.043416 0.076386 0.019928
v 0.076386 0.043416 0.019928
v 0.042168 0.072926 0.023528
v 0.043356 0.074474 0.022002
v 0.044394 0.075827 0.019926
v 0.045154 0.076817 0.017367
v 0.045524 0.077299 0.014496
v 0.000775 0.089705 0.014496
v 0.000660 0.088828 0.018090
v 0.000232 0.085584 0.022540
v 0.000504 0.087646 0.020257
v 0.000405 0.086893 0.021235
v 0.000036 0.084089 0.023622
v -0.000107 0.083006 0.024207
v -0.044181 0.078074 0.014496
v -0.043929 0.077465 0.017513
v -0.043386 0.076155 0.020257
v -0.042591 0.074234 0.022540
v -0.042072 0.072982 0.023528
v -0.041596 0.071832 0.024207
v -0.071335 0.040947 0.024533
v -0.072926 0.042168 0.023528
v -0.074474 0.043356 0.022002
v -0.075827 0.044394 0.019926
v -0.076817 0.045154 0.017367
v -0.077299 0.045524 0.014496
v -0.085020 0.022167 0.019928
v -0.084240 0.000056 0.023528
v -0.086174 0.000310 0.022002
v -0.087865 0.000533 0.019926
v -0.089102 0.000696 0.017367
v -0.089705 0.000775 0.014496
v -0.084713 -0.023313 0.019928
v -0.071129 -0.041304 0.024533
v -0.072982 -0.042072 0.023528
v -0.074784 -0.042818 0.022002
v -0.076360 -0.043471 0.019926
v -0.077513 -0.043949 0.017367
v -0.078074 -0.044181 0.014496
v -0.042168 -0.072926 0.023528
v -0.043356 -0.074474 0.022002
v -0.044394 -0.075827 0.019926
v -0.045154 -0.076817 0.017367
v -0.045524 -0.077299 0.014496
v -0.000056 -0.084240 0.023528
v -0.000310 -0.086174 0.022002
v -0.000405 -0.086893 0.021235
v -0.000533 -0.087865 0.019926
v -0.000660 -0.088828 0.018090
v -0.000696 -0.089102 0.017367
v -0.000775 -0.089705 0.014496
v -0.000036 -0.084089 0.023622
v 0.000206 -0.082252 0.024533
v 0.044181 -0.078074 0.014496
v 0.043843 -0.077257 0.018090
v 0.042591 -0.074234 0.022540
v 0.043386 -0.076155 0.020257
v 0.043096 -0.075454 0.021235
v 0.042013 -0.072841 0.023622
v 0.041596 -0.071832 0.024207
v 0.077299 -0.045524 0.014496
v 0.076597 -0.044985 0.018090
v 0.074002 -0.042993 0.022540
v 0.075651 -0.044259 0.020257
v 0.075049 -0.043797 0.021235
v 0.072805 -0.042075 0.023622
v 0.071939 -0.041411 0.024207
v 0.089705 -0.000775 0.014496
v 0.088828 -0.000660 0.018090
v 0.085584 -0.000232 0.022540
v 0.087646 -0.000504 0.020257
v 0.086893 -0.000405 0.021235
v 0.084089 -0.000036 0.023622
v 0.083006 0.000107 0.024207
v 0.078074 0.044181 0.014496
v 0.077465 0.043929 0.017513
v 0.076155 0.043386 0.020257
v 0.074234 0.042591 0.022540
v 0.072982 0.042072 0.023528
v 0.071832 0.041596 0.024207
v 0.045350 0.077401 0.014493
v 0.043627 0.075156 0.021218
v 0.041909 0.072917 0.023601
v 0.044813 0.076701 0.018080
v 0.044223 0.075933 0.019913
v 0.022353 0.085972 0.018090
v 0.022469 0.086849 0.014496
v 0.021729 0.081233 0.023622
v 0.021926 0.082728 0.022540
v 0.022099 0.084037 0.021235
v 0.022198 0.084790 0.020257
v 0.021587 0.080150 0.024207
v 0.000674 0.089706 0.014494
v 0.000515 0.089026 0.017582
v 0.000573 0.089707 0.014493
v 0.000488 0.089054 0.017504
v 0.000458 0.088831 0.018080
v 0.000303 0.087652 0.020242
v 0.000204 0.086900 0.021218
v 0.000032 0.085594 0.022521
v -0.000164 0.084102 0.023601
v -0.000307 0.083022 0.024185
v -0.023966 0.086448 0.014496
v -0.023733 0.085886 0.017367
v -0.023627 0.085631 0.018090
v -0.023256 0.084734 0.019926
v -0.022880 0.083827 0.021235
v -0.022603 0.083157 0.022002
v -0.021857 0.081355 0.023528
v -0.021798 0.081214 0.023622
v -0.044269 0.078025 0.014494
v -0.044357 0.077975 0.014493
v -0.044105 0.077367 0.017504
v -0.044019 0.077159 0.018080
v -0.043563 0.076060 0.020242
v -0.043273 0.075360 0.021218
v -0.042769 0.074143 0.022521
v -0.042193 0.072752 0.023601
v -0.041777 0.071746 0.024185
v -0.063979 0.062883 0.014496
v -0.063497 0.062513 0.017367
v -0.062507 0.061754 0.019926
v -0.061154 0.060715 0.022002
v -0.059606 0.059528 0.023528
v -0.077401 0.045350 0.014493
v -0.075156 0.043627 0.021218
v -0.072917 0.041909 0.023601
v -0.076701 0.044813 0.018080
v -0.075933 0.044223 0.019913
v -0.086849 0.022469 0.014496
v -0.082728 0.021926 0.022540
v -0.084790 0.022198 0.020257
v -0.080150 0.021587 0.024207
v -0.081384 0.021749 0.023528
v -0.086195 0.022383 0.017513
v -0.089707 0.000573 0.014493
v -0.086900 0.000204 0.021218
v -0.084102 -0.000164 0.023601
v -0.088831 0.000458 0.018080
v -0.087871 0.000332 0.019913
v -0.086448 -0.023966 0.014496
v -0.082607 -0.022375 0.022540
v -0.084529 -0.023171 0.020257
v -0.080206 -0.021380 0.024207
v -0.081355 -0.021857 0.023528
v -0.085839 -0.023714 0.017513
v -0.077975 -0.044357 0.014493
v -0.075360 -0.043273 0.021218
v -0.072752 -0.042193 0.023601
v -0.077159 -0.044019 0.018080
v -0.076264 -0.043648 0.019913
v -0.062883 -0.063979 0.014496
v -0.062513 -0.063497 0.017367
v -0.061754 -0.062507 0.019926
v -0.060715 -0.061154 0.022002
v -0.059528 -0.059606 0.023528
v -0.058306 -0.058015 0.024533
v -0.043627 -0.075156 0.021218
v -0.041909 -0.072917 0.023601
v -0.045350 -0.077401 0.014493
v -0.044813 -0.076701 0.018080
v -0.044223 -0.075933 0.019913
v -0.022353 -0.085972 0.018090
v -0.022469 -0.086849 0.014496
v -0.021926 -0.082728 0.022540
v -0.021729 -0.081233 0.023622
v -0.022099 -0.084037 0.021235
v -0.022198 -0.084790 0.020257
v -0.021587 -0.080150 0.024207
v -0.000573 -0.089707 0.014493
v -0.000494 -0.089105 0.017359
v -0.000458 -0.088831 0.018080
v -0.000332 -0.087871 0.019913
v -0.000204 -0.086900 0.021218
v -0.000110 -0.086183 0.021984
v 0.000145 -0.084253 0.023507
v 0.000164 -0.084102 0.023601
v 0.023966 -0.086448 0.014496
v 0.023733 -0.085886 0.017367
v 0.023256 -0.084734 0.019926
v 0.022603 -0.083157 0.022002
v 0.021857 -0.081355 0.023528
v 0.044269 -0.078025 0.014494
v 0.044067 -0.077357 0.017582
v 0.044357 -0.077975 0.014493
v 0.044105 -0.077367 0.017504
v 0.044019 -0.077159 0.018080
v 0.043563 -0.076060 0.020242
v 0.043273 -0.075360 0.021218
v 0.042769 -0.074143 0.022521
v 0.042193 -0.072752 0.023601
v 0.041777 -0.071746 0.024185
v 0.063979 -0.062883 0.014496
v 0.063497 -0.062513 0.017367
v 0.063277 -0.062344 0.018090
v 0.062507 -0.061754 0.019926
v 0.061729 -0.061156 0.021235
v 0.061154 -0.060715 0.022002
v 0.059606 -0.059528 0.023528
v 0.059485 -0.059434 0.023622
v 0.077350 -0.045437 0.014494
v 0.076841 -0.044960 0.017582
v 0.077401 -0.045350 0.014493
v 0.076879 -0.044949 0.017504
v 0.076701 -0.044813 0.018080
v 0.075757 -0.044088 0.020242
v 0.075156 -0.043627 0.021218
v 0.074111 -0.042825 0.022521
v 0.072917 -0.041909 0.023601
v 0.072052 -0.041245 0.024185
v 0.085972 -0.022353 0.018090
v 0.086849 -0.022469 0.014496
v 0.081233 -0.021729 0.023622
v 0.082728 -0.021926 0.022540
v 0.084037 -0.022099 0.021235
v 0.084790 -0.022198 0.020257
v 0.080150 -0.021587 0.024207
v 0.089706 -0.000674 0.014494
v 0.089026 -0.000515 0.017582
v 0.089707 -0.000573 0.014493
v 0.089054 -0.000488 0.017504
v 0.088831 -0.000458 0.018080
v 0.087652 -0.000303 0.020242
v 0.086900 -0.000204 0.021218
v 0.085594 -0.000032 0.022521
v 0.084102 0.000164 0.023601
v 0.083022 0.000307 0.024185
v 0.085631 0.023627 0.018090
v 0.086448 0.023966 0.014496
v 0.082607 0.022375 0.022540
v 0.081214 0.021798 0.023622
v 0.083827 0.022880 0.021235
v 0.084529 0.023171 0.020257
v 0.080206 0.021380 0.024207
v 0.078025 0.044269 0.014494
v 0.077975 0.044357 0.014493
v 0.077367 0.044105 0.017504
v 0.077159 0.044019 0.018080
v 0.076060 0.043563 0.020242
v 0.075360 0.043273 0.021218
v 0.074143 0.042769 0.022521
v 0.072752 0.042193 0.023601
v 0.071746 0.041777 0.024185
v 0.062883 0.063979 0.014496
v 0.062513 0.063497 0.017367
v 0.062344 0.063277 0.018090
v 0.061754 0.062507 0.019926
v 0.061156 0.061729 0.021235
v 0.060715 0.061154 0.022002
v 0.059528 0.059606 0.023528
v 0.059434 0.059485 0.023622
v 0.022578 0.086146 0.017504
v 0.022566 0.086824 0.014494
v 0.021784 0.080114 0.024185
v 0.021926 0.081194 0.023601
v 0.022122 0.082686 0.022521
v 0.022294 0.083992 0.021218
v 0.022393 0.084743 0.020242
v 0.022549 0.085923 0.018080
v 0.022664 0.086798 0.014493
v -0.021608 0.081279 0.023601
v -0.021667 0.081420 0.023507
v -0.022412 0.083218 0.021984
v -0.022688 0.083886 0.021218
v -0.023063 0.084791 0.019913
v -0.023434 0.085686 0.018080
v -0.023540 0.085941 0.017359
v -0.023772 0.086502 0.014493
v -0.059353 0.059585 0.023601
v -0.061592 0.061303 0.021218
v -0.062369 0.061900 0.019913
v -0.063137 0.062489 0.018080
v -0.063838 0.063027 0.014493
v -0.083992 0.022294 0.021218
v -0.080114 0.021784 0.024185
v -0.081194 0.021926 0.023601
v -0.082686 0.022122 0.022521
v -0.084743 0.022393 0.020242
v -0.085923 0.022549 0.018080
v -0.086146 0.022578 0.017504
v -0.086824 0.022566 0.014494
v -0.086798 0.022664 0.014493
v -0.083886 -0.022688 0.021218
v -0.080272 -0.021191 0.024185
v -0.081279 -0.021608 0.023601
v -0.082669 -0.022184 0.022521
v -0.084586 -0.022978 0.020242
v -0.085686 -0.023434 0.018080
v -0.085894 -0.023520 0.017504
v -0.086475 -0.023869 0.014494
v -0.086502 -0.023772 0.014493
v -0.059585 -0.059353 0.023601
v -0.061303 -0.061592 0.021218
v -0.061900 -0.062369 0.019913
v -0.062489 -0.063137 0.018080
v -0.063027 -0.063838 0.014493
v -0.060998 -0.063311 -0.019765
v -0.045366 -0.075306 -0.019765
v -0.022578 -0.086146 0.017504
v -0.022566 -0.086824 0.014494
v -0.021784 -0.080114 0.024185
v -0.021926 -0.081194 0.023601
v -0.022122 -0.082686 0.022521
v -0.022294 -0.083992 0.021218
v -0.022393 -0.084743 0.020242
v -0.022549 -0.085923 0.018080
v -0.022664 -0.086798 0.014493
v 0.021608 -0.081279 0.023601
v 0.022688 -0.083886 0.021218
v 0.023063 -0.084791 0.019913
v 0.023434 -0.085686 0.018080
v 0.023772 -0.086502 0.014493
v 0.059353 -0.059585 0.023601
v 0.059474 -0.059678 0.023507
v 0.061018 -0.060863 0.021984
v 0.061592 -0.061303 0.021218
v 0.062369 -0.061900 0.019913
v 0.063137 -0.062489 0.018080
v 0.063356 -0.062657 0.017359
v 0.063838 -0.063027 0.014493
v 0.063311 -0.060998 -0.019765
v 0.075306 -0.045366 -0.019765
v 0.086146 -0.022578 0.017504
v 0.086824 -0.022566 0.014494
v 0.080114 -0.021784 0.024185
v 0.081194 -0.021926 0.023601
v 0.082686 -0.022122 0.022521
v 0.083992 -0.022294 0.021218
v 0.084743 -0.022393 0.020242
v 0.085923 -0.022549 0.018080
v 0.086798 -0.022664 0.014493
v 0.085894 0.023520 0.017504
v 0.086475 0.023869 0.014494
v 0.080272 0.021191 0.024185
v 0.081279 0.021608 0.023601
v 0.082669 0.022184 0.022521
v 0.083886 0.022688 0.021218
v 0.084587 0.022978 0.020242
v 0.085686 0.023434 0.018080
v 0.086502 0.023772 0.014493
v 0.084481 0.024330 -0.019765
v 0.059585 0.059353 0.023601
v 0.059678 0.059474 0.023507
v 0.060863 0.061018 0.021984
v 0.061303 0.061592 0.021218
v 0.061900 0.062369 0.019913
v 0.062489 0.063137 0.018080
v 0.062657 0.063356 0.017359
v 0.063027 0.063838 0.014493
v 0.021547 0.086429 -0.017410
v 0.021793 0.087022 -0.014470
v 0.021018 0.085152 -0.020084
v 0.021546 0.086417 -0.017442
v 0.020243 0.083280 -0.022309
v 0.001473 0.089697 -0.014470
v 0.001585 0.088843 -0.017973
v 0.002002 0.085681 -0.022309
v 0.001737 0.087691 -0.020084
v 0.001834 0.086957 -0.021037
v 0.002193 0.084224 -0.023364
v -0.024526 0.085405 -0.017973
v -0.024638 0.086260 -0.014470
v -0.024109 0.082244 -0.022309
v -0.023918 0.080787 -0.023364
v -0.024277 0.083519 -0.021037
v -0.024374 0.084253 -0.020084
v -0.043573 0.078417 -0.014470
v -0.043048 0.077733 -0.017973
v -0.041107 0.075203 -0.022309
v -0.042341 0.076811 -0.020084
v -0.041890 0.076224 -0.021037
v -0.040213 0.074037 -0.023364
v -0.063942 0.061700 -0.017973
v -0.064467 0.062384 -0.014470
v -0.062001 0.059171 -0.022309
v -0.061107 0.058005 -0.023364
v -0.062784 0.060191 -0.021037
v -0.063235 0.060778 -0.020084
v -0.071981 0.044069 -0.023272
v -0.073738 0.044796 -0.021785
v -0.075273 0.045432 -0.019762
v -0.076397 0.045898 -0.017268
v -0.076944 0.046124 -0.014470
v -0.086226 0.021463 -0.017973
v -0.087022 0.021793 -0.014470
v -0.081922 0.019680 -0.023364
v -0.083280 0.020243 -0.022309
v -0.084468 0.020735 -0.021037
v -0.085152 0.021018 -0.020084
v -0.080939 0.019273 -0.023934
v -0.084372 0.002174 -0.023272
v -0.086257 0.001926 -0.021785
v -0.087905 0.001709 -0.019762
v -0.089110 0.001550 -0.017268
v -0.089697 0.001473 -0.014470
v -0.086260 -0.024638 -0.014470
v -0.085673 -0.024561 -0.017268
v -0.084467 -0.024402 -0.019762
v -0.082819 -0.024185 -0.021785
v -0.080935 -0.023937 -0.023272
v -0.074155 -0.040303 -0.023272
v -0.075663 -0.041460 -0.021785
v -0.076224 -0.041890 -0.021037
v -0.076982 -0.042473 -0.019762
v -0.077733 -0.043048 -0.017973
v -0.077947 -0.043213 -0.017268
v -0.078417 -0.043573 -0.014470
v -0.074037 -0.040213 -0.023364
v -0.062384 -0.064467 -0.014470
v -0.060778 -0.063235 -0.020084
v -0.059171 -0.062001 -0.022309
v -0.058123 -0.061197 -0.023272
v -0.061874 -0.064076 -0.017410
v -0.046124 -0.076944 -0.014470
v -0.045878 -0.076350 -0.017410
v -0.045350 -0.075074 -0.020084
v -0.044574 -0.073201 -0.022309
v -0.044069 -0.071981 -0.023272
v -0.021793 -0.087022 -0.014470
v -0.021566 -0.086475 -0.017268
v -0.021101 -0.085352 -0.019762
v -0.020465 -0.083816 -0.021785
v -0.019737 -0.082060 -0.023272
v -0.001473 -0.089697 -0.014470
v -0.001585 -0.088843 -0.017973
v -0.002002 -0.085681 -0.022309
v -0.001737 -0.087691 -0.020084
v -0.001834 -0.086957 -0.021037
v -0.002193 -0.084224 -0.023364
v 0.024526 -0.085405 -0.017973
v 0.024638 -0.086260 -0.014470
v 0.024109 -0.082244 -0.022309
v 0.023918 -0.080787 -0.023364
v 0.024277 -0.083519 -0.021037
v 0.024374 -0.084253 -0.020084
v 0.043573 -0.078417 -0.014470
v 0.043048 -0.077733 -0.017973
v 0.041107 -0.075203 -0.022309
v 0.042341 -0.076811 -0.020084
v 0.041890 -0.076224 -0.021037
v 0.040213 -0.074037 -0.023364
v 0.039565 -0.073193 -0.023934
v 0.064467 -0.062384 -0.014470
v 0.062001 -0.059171 -0.022309
v 0.063235 -0.060778 -0.020084
v 0.061197 -0.058123 -0.023272
v 0.064076 -0.061874 -0.017410
v 0.076944 -0.046124 -0.014470
v 0.076350 -0.045878 -0.017410
v 0.075074 -0.045350 -0.020084
v 0.073201 -0.044574 -0.022309
v 0.071981 -0.044069 -0.023272
v 0.070861 -0.043605 -0.023934
v 0.086226 -0.021463 -0.017973
v 0.087022 -0.021793 -0.014470
v 0.083280 -0.020243 -0.022309
v 0.081922 -0.019680 -0.023364
v 0.084468 -0.020735 -0.021037
v 0.085152 -0.021018 -0.020084
v 0.089697 -0.001473 -0.014470
v 0.088843 -0.001585 -0.017973
v 0.085681 -0.002002 -0.022309
v 0.087691 -0.001737 -0.020084
v 0.086957 -0.001834 -0.021037
v 0.084224 -0.002193 -0.023364
v 0.086260 0.024638 -0.014470
v 0.082244 0.024109 -0.022309
v 0.084253 0.024374 -0.020084
v 0.080935 0.023937 -0.023272
v 0.085623 0.024554 -0.017410
v 0.078417 0.043573 -0.014470
v 0.077733 0.043048 -0.017973
v 0.075203 0.041107 -0.022309
v 0.076811 0.042341 -0.020084
v 0.076224 0.041890 -0.021037
v 0.074037 0.040213 -0.023364
v 0.061700 0.063942 -0.017973
v 0.062384 0.064467 -0.014470
v 0.058005 0.061107 -0.023364
v 0.059171 0.062001 -0.022309
v 0.060191 0.062784 -0.021037
v 0.060778 0.063235 -0.020084
v 0.044069 0.071981 -0.023272
v 0.044796 0.073738 -0.021785
v 0.045432 0.075273 -0.019762
v 0.045898 0.076397 -0.017268
v 0.046124 0.076944 -0.014470
v 0.020631 0.084499 -0.021027
v 0.019577 0.081956 -0.023350
v 0.020139 0.083312 -0.022297
v 0.020913 0.085181 -0.020075
v 0.021358 0.086253 -0.017966
v 0.021441 0.086456 -0.017405
v 0.021740 0.087036 -0.014469
v 0.021687 0.087049 -0.014469
v 0.001582 0.089696 -0.014469
v 0.001666 0.089060 -0.017405
v 0.001527 0.089697 -0.014469
v 0.001694 0.088842 -0.017966
v 0.001846 0.087692 -0.020075
v 0.001942 0.086959 -0.021027
v 0.002110 0.085685 -0.022297
v 0.002301 0.084230 -0.023350
v -0.024743 0.086230 -0.014469
v -0.024690 0.086245 -0.014469
v -0.024659 0.085594 -0.017405
v -0.024023 0.080764 -0.023350
v -0.024215 0.082219 -0.022297
v -0.024383 0.083493 -0.021027
v -0.024479 0.084226 -0.020075
v -0.024631 0.085376 -0.017966
v -0.043478 0.078470 -0.014469
v -0.043087 0.077961 -0.017405
v -0.043526 0.078443 -0.014469
v -0.042954 0.077787 -0.017966
v -0.042247 0.076866 -0.020075
v -0.041798 0.076280 -0.021027
v -0.041015 0.075260 -0.022297
v -0.040122 0.074096 -0.023350
v -0.064543 0.062306 -0.014469
v -0.064505 0.062345 -0.014469
v -0.064152 0.061797 -0.017405
v -0.061187 0.057932 -0.023350
v -0.062080 0.059097 -0.022297
v -0.062863 0.060116 -0.021027
v -0.063312 0.060702 -0.020075
v -0.064019 0.061623 -0.017966
v -0.076888 0.046218 -0.014469
v -0.074338 0.045161 -0.021027
v -0.071795 0.044108 -0.023350
v -0.076092 0.045888 -0.017966
v -0.075220 0.045527 -0.019753
v -0.087049 0.021687 -0.014469
v -0.087036 0.021740 -0.014469
v -0.086456 0.021441 -0.017405
v -0.081956 0.019577 -0.023350
v -0.083312 0.020139 -0.022297
v -0.084499 0.020631 -0.021027
v -0.085181 0.020913 -0.020075
v -0.086253 0.021358 -0.017966
v -0.089696 0.001582 -0.014469
v -0.086959 0.001942 -0.021027
v -0.084230 0.002301 -0.023350
v -0.088842 0.001694 -0.017966
v -0.087906 0.001818 -0.019753
v -0.086230 -0.024743 -0.014469
v -0.085376 -0.024631 -0.017966
v -0.084440 -0.024507 -0.019753
v -0.083493 -0.024383 -0.021027
v -0.080764 -0.024023 -0.023350
v -0.078470 -0.043478 -0.014469
v -0.078000 -0.043118 -0.017263
v -0.077787 -0.042954 -0.017966
v -0.077037 -0.042379 -0.019753
v -0.076280 -0.041798 -0.021027
v -0.075720 -0.041368 -0.021773
v -0.074214 -0.040213 -0.023259
v -0.059097 -0.062080 -0.022297
v -0.057932 -0.061187 -0.023350
v -0.060116 -0.062863 -0.021027
v -0.060702 -0.063312 -0.020075
v -0.061623 -0.064019 -0.017966
v -0.061797 -0.064152 -0.017405
v -0.062345 -0.064505 -0.014469
v -0.062306 -0.064543 -0.014469
v -0.046171 -0.076916 -0.014469
v -0.046218 -0.076888 -0.014469
v -0.045972 -0.076295 -0.017405
v -0.045888 -0.076092 -0.017966
v -0.045444 -0.075020 -0.020075
v -0.045161 -0.074338 -0.021027
v -0.044670 -0.073151 -0.022297
v -0.044108 -0.071795 -0.023350
v -0.021687 -0.087049 -0.014469
v -0.021358 -0.086253 -0.017966
v -0.020996 -0.085381 -0.019753
v -0.020631 -0.084499 -0.021027
v -0.019577 -0.081956 -0.023350
v -0.001582 -0.089696 -0.014469
v -0.001666 -0.089060 -0.017405
v -0.001527 -0.089697 -0.014469
v -0.001694 -0.088842 -0.017966
v -0.001846 -0.087692 -0.020075
v -0.001942 -0.086959 -0.021027
v -0.002110 -0.085685 -0.022297
v -0.002301 -0.084230 -0.023350
v 0.024743 -0.086230 -0.014469
v 0.024690 -0.086245 -0.014469
v 0.024659 -0.085594 -0.017405
v 0.024023 -0.080764 -0.023350
v 0.024215 -0.082219 -0.022297
v 0.024383 -0.083493 -0.021027
v 0.024479 -0.084226 -0.020075
v 0.024631 -0.085376 -0.017966
v 0.043478 -0.078470 -0.014469
v 0.043087 -0.077961 -0.017405
v 0.043526 -0.078443 -0.014469
v 0.042954 -0.077787 -0.017966
v 0.042247 -0.076866 -0.020075
v 0.041798 -0.076280 -0.021027
v 0.041015 -0.075260 -0.022297
v 0.040122 -0.074096 -0.023350
v 0.062080 -0.059097 -0.022297
v 0.061187 -0.057932 -0.023350
v 0.062863 -0.060116 -0.021027
v 0.063312 -0.060702 -0.020075
v 0.064019 -0.061623 -0.017966
v 0.064152 -0.061797 -0.017405
v 0.064505 -0.062345 -0.014469
v 0.064543 -0.062306 -0.014469
v 0.076916 -0.046171 -0.014469
v 0.076888 -0.046218 -0.014469
v 0.076295 -0.045972 -0.017405
v 0.076092 -0.045888 -0.017966
v 0.075020 -0.045444 -0.020075
v 0.074338 -0.045161 -0.021027
v 0.073151 -0.044670 -0.022297
v 0.071795 -0.044108 -0.023350
v 0.087049 -0.021687 -0.014469
v 0.087036 -0.021740 -0.014469
v 0.086456 -0.021441 -0.017405
v 0.081956 -0.019577 -0.023350
v 0.083312 -0.020139 -0.022297
v 0.084499 -0.020631 -0.021027
v 0.085181 -0.020913 -0.020075
v 0.086253 -0.021358 -0.017966
v 0.089696 -0.001582 -0.014469
v 0.089060 -0.001666 -0.017405
v 0.089697 -0.001527 -0.014469
v 0.088842 -0.001694 -0.017966
v 0.087692 -0.001846 -0.020075
v 0.086959 -0.001942 -0.021027
v 0.085685 -0.002110 -0.022297
v 0.084230 -0.002301 -0.023350
v 0.082219 0.024215 -0.022297
v 0.080764 0.024023 -0.023350
v 0.083493 0.024383 -0.021027
v 0.084226 0.024479 -0.020075
v 0.085376 0.024631 -0.017966
v 0.085594 0.024659 -0.017405
v 0.086245 0.024690 -0.014469
v 0.086230 0.024743 -0.014469
v 0.078470 0.043478 -0.014469
v 0.077961 0.043087 -0.017405
v 0.078443 0.043526 -0.014469
v 0.077787 0.042954 -0.017966
v 0.076866 0.042247 -0.020075
v 0.076280 0.041798 -0.021027
v 0.075260 0.041015 -0.022297
v 0.074096 0.040122 -0.023350
v 0.062306 0.064543 -0.014469
v 0.062345 0.064505 -0.014469
v 0.061797 0.064152 -0.017405
v 0.057932 0.061187 -0.023350
v 0.059097 0.062080 -0.022297
v 0.060116 0.062863 -0.021027
v 0.060702 0.063312 -0.020075
v 0.061623 0.064019 -0.017966
v 0.046218 0.076888 -0.014469
v 0.045161 0.074338 -0.021027
v 0.044108 0.071795 -0.023350
v 0.045888 0.076092 -0.017966
v 0.045527 0.075220 -0.019753
v 0.045366 -0.075306 0.019765
v 0.076941 -0.042533 0.019765
v 0.043573 0.078417 0.014470
v 0.043048 0.077733 0.017973
v 0.041107 0.075203 0.022309
v 0.042341 0.076811 0.020084
v 0.041890 0.076224 0.021037
v 0.040213 0.074037 0.023364
v -0.001473 0.089697 0.014470
v -0.001557 0.089060 0.017410
v -0.001554 0.089049 0.017442
v -0.001737 0.087691 0.020084
v -0.002002 0.085681 0.022309
v -0.002174 0.084372 0.023272
v -0.021170 0.085328 0.019765
v -0.046124 0.076944 0.014470
v -0.045794 0.076147 0.017973
v -0.044574 0.073201 0.022309
v -0.045350 0.075074 0.020084
v -0.045066 0.074390 0.021037
v -0.044012 0.071844 0.023364
v -0.060998 0.063311 0.019765
v -0.078417 0.043573 0.014470
v -0.077733 0.043048 0.017973
v -0.075203 0.041107 0.022309
v -0.076811 0.042341 0.020084
v -0.076224 0.041890 0.021037
v -0.074037 0.040213 0.023364
v -0.073193 0.039565 0.023934
v -0.084481 0.024330 0.019765
v -0.084372 -0.002174 0.023272
v -0.086257 -0.001926 0.021785
v -0.086957 -0.001834 0.021037
v -0.087905 -0.001709 0.019762
v -0.088843 -0.001585 0.017973
v -0.089110 -0.001550 0.017268
v -0.089697 -0.001473 0.014470
v -0.084224 -0.002193 0.023364
v -0.076944 -0.046124 0.014470
v -0.076147 -0.045794 0.017973
v -0.073201 -0.044574 0.022309
v -0.075074 -0.045350 0.020084
v -0.074390 -0.045066 0.021037
v -0.071844 -0.044012 0.023364
v -0.070861 -0.043605 0.023934
v -0.063311 -0.060998 0.019765
v -0.043573 -0.078417 0.014470
v -0.043048 -0.077733 0.017973
v -0.041107 -0.075203 0.022309
v -0.042341 -0.076811 0.020084
v -0.041890 -0.076224 0.021037
v -0.040213 -0.074037 0.023364
v 0.002174 -0.084372 0.023272
v 0.001926 -0.086257 0.021785
v 0.001834 -0.086957 0.021037
v 0.001709 -0.087905 0.019762
v 0.001585 -0.088843 0.017973
v 0.001550 -0.089110 0.017268
v 0.001473 -0.089697 0.014470
v 0.002193 -0.084224 0.023364
v 0.021170 -0.085328 0.019765
v 0.046124 -0.076944 0.014470
v 0.045878 -0.076350 0.017410
v 0.045350 -0.075074 0.020084
v 0.044574 -0.073201 0.022309
v 0.044069 -0.071981 0.023272
v 0.078417 -0.043573 0.014470
v 0.077907 -0.043182 0.017410
v 0.076811 -0.042341 0.020084
v 0.075203 -0.041107 0.022309
v 0.074155 -0.040303 0.023272
v 0.089697 0.001473 0.014470
v 0.089060 0.001557 0.017410
v 0.089049 0.001554 0.017442
v 0.087691 0.001737 0.020084
v 0.085681 0.002002 0.022309
v 0.084372 0.002174 0.023272
v 0.076944 0.046124 0.014470
v 0.076147 0.045794 0.017973
v 0.073201 0.044574 0.022309
v 0.075074 0.045350 0.020084
v 0.074390 0.045066 0.021037
v 0.071844 0.044012 0.023364
v 0.063311 0.060998 0.019765
v 0.043478 0.078470 0.014469
v 0.043087 0.077961 0.017405
v 0.043526 0.078443 0.014469
v 0.042954 0.077787 0.017966
v 0.042247 0.076866 0.020075
v 0.041798 0.076280 0.021027
v 0.041015 0.075260 0.022297
v 0.040122 0.074096 0.023350
v 0.024638 0.086260 0.014470
v 0.024561 0.085673 0.017268
v 0.024402 0.084467 0.019762
v 0.024185 0.082819 0.021785
v 0.023937 0.080935 0.023272
v -0.001582 0.089696 0.014469
v -0.001942 0.086959 0.021027
v -0.002301 0.084230 0.023350
v -0.001694 0.088842 0.017966
v -0.001818 0.087906 0.019753
v -0.021793 0.087022 0.014470
v -0.020243 0.083280 0.022309
v -0.021018 0.085152 0.020084
v -0.019737 0.082060 0.023272
v -0.021547 0.086429 0.017410
v -0.046218 0.076888 0.014469
v -0.045972 0.076295 0.017405
v -0.046171 0.076916 0.014469
v -0.045888 0.076092 0.017966
v -0.045444 0.075020 0.020075
v -0.045161 0.074338 0.021027
v -0.044670 0.073151 0.022297
v -0.044108 0.071795 0.023350
v -0.062384 0.064467 0.014470
v -0.060778 0.063235 0.020084
v -0.059171 0.062001 0.022309
v -0.058123 0.061197 0.023272
v -0.061874 0.064076 0.017410
v -0.078470 0.043478 0.014469
v -0.077961 0.043087 0.017405
v -0.078443 0.043526 0.014469
v -0.077787 0.042954 0.017966
v -0.076866 0.042247 0.020075
v -0.076280 0.041798 0.021027
v -0.075260 0.041015 0.022297
v -0.074096 0.040122 0.023350
v -0.086260 0.024638 0.014470
v -0.084253 0.024374 0.020084
v -0.082244 0.024109 0.022309
v -0.080935 0.023937 0.023272
v -0.085623 0.024554 0.017410
v -0.089696 -0.001582 0.014469
v -0.089109 -0.001659 0.017263
v -0.088842 -0.001694 0.017966
v -0.087906 -0.001818 0.019753
v -0.086959 -0.001942 0.021027
v -0.086260 -0.002034 0.021773
v -0.084378 -0.002282 0.023259
v -0.087022 -0.021793 0.014470
v -0.086475 -0.021566 0.017268
v -0.086226 -0.021463 0.017973
v -0.085352 -0.021101 0.019762
v -0.084468 -0.020735 0.021037
v -0.083816 -0.020465 0.021785
v -0.082060 -0.019737 0.023272
v -0.081922 -0.019680 0.023364
v -0.076888 -0.046218 0.014469
v -0.076295 -0.045972 0.017405
v -0.076916 -0.046171 0.014469
v -0.076092 -0.045888 0.017966
v -0.075020 -0.045444 0.020075
v -0.074338 -0.045161 0.021027
v -0.073151 -0.044670 0.022297
v -0.071795 -0.044108 0.023350
v -0.064467 -0.062384 0.014470
v -0.062001 -0.059171 0.022309
v -0.063235 -0.060778 0.020084
v -0.060459 -0.057161 0.023934
v -0.061197 -0.058123 0.023272
v -0.064076 -0.061874 0.017410
v -0.043478 -0.078470 0.014469
v -0.043087 -0.077961 0.017405
v -0.043526 -0.078443 0.014469
v -0.042954 -0.077787 0.017966
v -0.042247 -0.076866 0.020075
v -0.041798 -0.076280 0.021027
v -0.041015 -0.075260 0.022297
v -0.040122 -0.074096 0.023350
v -0.024638 -0.086260 0.014470
v -0.024561 -0.085673 0.017268
v -0.024526 -0.085405 0.017973
v -0.024402 -0.084467 0.019762
v -0.024277 -0.083519 0.021037
v -0.024185 -0.082819 0.021785
v -0.023937 -0.080935 0.023272
v -0.023918 -0.080787 0.023364
v 0.001582 -0.089696 0.014469
v 0.001659 -0.089109 0.017263
v 0.001694 -0.088842 0.017966
v 0.001818 -0.087906 0.019753
v 0.001942 -0.086959 0.021027
v 0.002034 -0.086260 0.021773
v 0.002282 -0.084378 0.023259
v 0.021793 -0.087022 0.014470
v 0.020243 -0.083280 0.022309
v 0.021018 -0.085152 0.020084
v 0.019737 -0.082060 0.023272
v 0.021547 -0.086429 0.017410
v 0.046171 -0.076916 0.014469
v 0.046218 -0.076888 0.014469
v 0.045972 -0.076295 0.017405
v 0.045888 -0.076092 0.017966
v 0.045444 -0.075020 0.020075
v 0.045161 -0.074338 0.021027
v 0.044670 -0.073151 0.022297
v 0.044108 -0.071795 0.023350
v 0.061700 -0.063942 0.017973
v 0.062384 -0.064467 0.014470
v 0.058005 -0.061107 0.023364
v 0.059171 -0.062001 0.022309
v 0.060191 -0.062784 0.021037
v 0.060778 -0.063235 0.020084
v 0.078443 -0.043526 0.014469
v 0.078470 -0.043478 0.014469
v 0.077961 -0.043087 0.017405
v 0.077787 -0.042954 0.017966
v 0.076866 -0.042247 0.020075
v 0.076280 -0.041798 0.021027
v 0.075260 -0.041015 0.022297
v 0.074096 -0.040122 0.023350
v 0.086260 -0.024638 0.014470
v 0.085673 -0.024561 0.017268
v 0.085405 -0.024526 0.017973
v 0.084467 -0.024402 0.019762
v 0.083519 -0.024277 0.021037
v 0.082819 -0.024185 0.021785
v 0.080935 -0.023937 0.023272
v 0.080787 -0.023918 0.023364
v 0.089696 0.001582 0.014469
v 0.086959 0.001942 0.021027
v 0.084230 0.002301 0.023350
v 0.088842 0.001694 0.017966
v 0.087906 0.001818 0.019753
v 0.086226 0.021463 0.017973
v 0.087022 0.021793 0.014470
v 0.081922 0.019680 0.023364
v 0.083280 0.020243 0.022309
v 0.084468 0.020735 0.021037
v 0.085152 0.021018 0.020084
v 0.076888 0.046218 0.014469
v 0.076295 0.045972 0.017405
v 0.076916 0.046171 0.014469
v 0.076092 0.045888 0.017966
v 0.075020 0.045444 0.020075
v 0.074338 0.045161 0.021027
v 0.073151 0.044670 0.022297
v 0.071795 0.044108 0.023350
v 0.064467 0.062384 0.014470
v 0.063235 0.060778 0.020084
v 0.062001 0.059171 0.022309
v 0.061197 0.058123 0.023272
v 0.064076 0.061874 0.017410
v 0.024743 0.086230 0.014469
v 0.024631 0.085376 0.017966
v 0.024507 0.084440 0.019753
v 0.024383 0.083493 0.021027
v 0.024023 0.080764 0.023350
v -0.020631 0.084499 0.021027
v -0.019577 0.081956 0.023350
v -0.020139 0.083312 0.022297
v -0.020913 0.085181 0.020075
v -0.021358 0.086253 0.017966
v -0.021441 0.086456 0.017405
v -0.021740 0.087036 0.014469
v -0.021687 0.087049 0.014469
v -0.060116 0.062863 0.021027
v -0.057932 0.061187 0.023350
v -0.059097 0.062080 0.022297
v -0.060702 0.063312 0.020075
v -0.061623 0.064019 0.017966
v -0.061797 0.064152 0.017405
v -0.062345 0.064505 0.014469
v -0.062306 0.064543 0.014469
v -0.083493 0.024383 0.021027
v -0.080764 0.024023 0.023350
v -0.082219 0.024215 0.022297
v -0.084226 0.024479 0.020075
v -0.085376 0.024631 0.017966
v -0.085594 0.024659 0.017405
v -0.086245 0.024690 0.014469
v -0.086230 0.024743 0.014469
v -0.082093 -0.019634 0.023259
v -0.083847 -0.020361 0.021773
v -0.084499 -0.020631 0.021027
v -0.085381 -0.020996 0.019753
v -0.086253 -0.021358 0.017966
v -0.086502 -0.021461 0.017263
v -0.087049 -0.021687 0.014469
v -0.062863 -0.060116 0.021027
v -0.061187 -0.057932 0.023350
v -0.062080 -0.059097 0.022297
v -0.063312 -0.060702 0.020075
v -0.064019 -0.061623 0.017966
v -0.064152 -0.061797 0.017405
v -0.064505 -0.062345 0.014469
v -0.064543 -0.062306 0.014469
v -0.024043 -0.080912 0.023259
v -0.024291 -0.082794 0.021773
v -0.024383 -0.083493 0.021027
v -0.024507 -0.084440 0.019753
v -0.024631 -0.085376 0.017966
v -0.024666 -0.085644 0.017263
v -0.024743 -0.086230 0.014469
v 0.020631 -0.084499 0.021027
v 0.019577 -0.081956 0.023350
v 0.020139 -0.083312 0.022297
v 0.020913 -0.085181 0.020075
v 0.021358 -0.086253 0.017966
v 0.021441 -0.086456 0.017405
v 0.021740 -0.087036 0.014469
v 0.021687 -0.087049 0.014469
v 0.062306 -0.064543 0.014469
v 0.062345 -0.064505 0.014469
v 0.061797 -0.064152 0.017405
v 0.057932 -0.061187 0.023350
v 0.059097 -0.062080 0.022297
v 0.060116 -0.062863 0.021027
v 0.060702 -0.063312 0.020075
v 0.061623 -0.064019 0.017966
v 0.080912 -0.024043 0.023259
v 0.082794 -0.024291 0.021773
v 0.083493 -0.024383 0.021027
v 0.084440 -0.024507 0.019753
v 0.085376 -0.024631 0.017966
v 0.085644 -0.024666 0.017263
v 0.086230 -0.024743 0.014469
v 0.087049 0.021687 0.014469
v 0.087036 0.021740 0.014469
v 0.086456 0.021441 0.017405
v 0.081956 0.019577 0.023350
v 0.083312 0.020139 0.022297
v 0.084499 0.020631 0.021027
v 0.085181 0.020913 0.020075
v 0.086253 0.021358 0.017966
v 0.062080 0.059097 0.022297
v 0.061187 0.057932 0.023350
v 0.062863 0.060116 0.021027
v 0.063312 0.060702 0.020075
v 0.064019 0.061623 0.017966
v 0.064152 0.061797 0.017405
v 0.064505 0.062345 0.014469
v 0.064543 0.062306 0.014469
v -0.018211 -0.013974 0.028500
v -0.015801 -0.016656 0.028500
v -0.014647 -0.017679 0.028500
v -0.013015 -0.018910 0.028500
v -0.010346 -0.020493 0.028500
v -0.005526 -0.022283 0.028500
v -0.006394 -0.022051 0.028500
v -0.009728 -0.020795 0.028500
v -0.002996 -0.022759 0.028500
v -0.000429 -0.022954 0.028500
v 0.003994 -0.022608 0.028500
v 0.000605 -0.022952 0.028500
v 0.010532 -0.020400 0.028500
v 0.009573 -0.020867 0.028500
v 0.007394 -0.021732 0.028500
v 0.004689 -0.022473 0.028500
v 0.013579 -0.018508 0.028500
v 0.013974 -0.018211 0.028500
v 0.016311 -0.016157 0.028500
v 0.017679 -0.014647 0.028500
v 0.018625 -0.013420 0.028500
v 0.020561 -0.010212 0.028500
v 0.021898 -0.006903 0.028500
v 0.022283 -0.005526 0.028500
v 0.022701 -0.003407 0.028500
v 0.022954 -0.000429 0.028500
v 0.022647 0.003770 0.028500
v 0.022958 0.000202 0.028500
v 0.020496 0.010345 0.028500
v 0.020868 0.009573 0.028500
v 0.021794 0.007209 0.028500
v 0.022473 0.004689 0.028500
v 0.018740 0.013257 0.028500
v 0.018211 0.013974 0.028500
v 0.015801 0.016656 0.028500
v 0.014647 0.017679 0.028500
v 0.013015 0.018910 0.028500
v 0.010346 0.020493 0.028500
v 0.005526 0.022283 0.028500
v 0.006394 0.022051 0.028500
v 0.009728 0.020795 0.028500
v 0.002996 0.022759 0.028500
v 0.000429 0.022954 0.028500
v -0.003994 0.022608 0.028500
v -0.000605 0.022952 0.028500
v -0.010532 0.020400 0.028500
v -0.009573 0.020867 0.028500
v -0.007394 0.021732 0.028500
v -0.004689 0.022473 0.028500
v -0.013579 0.018508 0.028500
v -0.013974 0.018211 0.028500
v -0.016311 0.016157 0.028500
v -0.017679 0.014647 0.028500
v -0.018625 0.013420 0.028500
v -0.020561 0.010212 0.028500
v -0.021898 0.006903 0.028500
v -0.022283 0.005526 0.028500
v -0.022701 0.003407 0.028500
v -0.022954 0.000429 0.028500
v -0.022647 -0.003770 0.028500
v -0.022958 -0.000202 0.028500
v -0.020496 -0.010345 0.028500
v -0.020868 -0.009573 0.028500
v -0.021794 -0.007209 0.028500
v -0.022473 -0.004689 0.028500
v -0.018740 -0.013257 0.028500
v -0.005488 -0.021820 -0.035500
v 0.005488 0.021820 -0.035500
v 0.020720 0.008770 -0.035500
v 0.021979 0.004813 -0.035500
v 0.016153 0.015663 -0.035500
v 0.018756 0.012428 -0.035500
v 0.009404 0.020440 -0.035500
v 0.013000 0.018364 -0.035500
v -0.010645 0.019823 -0.035500
v -0.006821 0.021441 -0.035500
v -0.002765 0.022329 -0.035500
v 0.001385 0.022457 -0.035500
v -0.014106 0.017529 -0.035500
v -0.019486 0.011250 -0.035500
v -0.017087 0.014639 -0.035500
v -0.021221 0.007478 -0.035500
v -0.022234 0.003451 -0.035500
v -0.022489 -0.000693 -0.035500
v -0.021979 -0.004813 -0.035500
v -0.020720 -0.008770 -0.035500
v -0.016153 -0.015663 -0.035500
v -0.018756 -0.012428 -0.035500
v -0.009404 -0.020440 -0.035500
v -0.013000 -0.018364 -0.035500
v 0.006821 -0.021441 -0.035500
v 0.002765 -0.022329 -0.035500
v -0.001385 -0.022457 -0.035500
v 0.010645 -0.019823 -0.035500
v 0.011096 -0.019574 -0.035500
v 0.014106 -0.017529 -0.035500
v 0.022234 -0.003451 -0.035500
v 0.021221 -0.007478 -0.035500
v 0.019486 -0.011250 -0.035500
v 0.017087 -0.014639 -0.035500
v 0.022489 0.000693 -0.035500
f 607 5130 5138
f 5397 31 5554
f 1349 1342 5699
f 5699 1342 308
f 5469 5468 5592
f 5592 5468 106
f 2076 795 796
f 1281 5664 1054
f 1071 1319 5667
f 1022 5674 584
f 1022 584 1095
f 1191 1569 1591
f 5699 308 5700
f 5139 5138 5130
f 4484 4993 5139
f 5398 5397 5554
f 5138 5139 5140
f 5140 5139 4993
f 5552 5398 5554
f 5551 5398 5552
f 5698 1349 5699
f 4535 5039 5035
f 5587 5474 5473
f 2521 3238 5172
f 3409 4092 5172
f 5568 5424 5423
f 5423 5569 5568
f 5411 5410 5562
f 2136 1436 1401
f 1401 668 5679
f 796 795 783
f 783 795 5632
f 5632 784 783
f 5634 1190 823
f 834 5637 822
f 822 1191 834
f 823 1191 822
f 2317 1436 2136
f 5550 5547 5401
f 5549 5547 4749
f 3993 3450 3298
f 3449 4152 3304
f 3304 4152 4150
f 4152 4270 4150
f 5236 5234 5238
f 5236 2581 3300
f 3300 3445 5236
f 5238 4687 4157
f 947 946 5269
f 5510 165 5608
f 5269 946 5268
f 1232 1630 901
f 1232 5651 899
f 1361 5674 1022
f 1022 1095 1361
f 5663 5664 1281
f 1724 1054 531
f 531 1054 5664
f 5668 1071 5667
f 5667 1319 585
f 1319 584 585
f 5670 585 584
f 586 584 1319
f 586 1095 584
f 5387 2 5546
f 5544 5387 5546
f 5299 5387 5544
f 1038 874 1950
f 2400 3311 3143
f 3312 3311 3458
f 3312 3143 3311
f 5636 5637 834
f 834 1191 1036
f 1036 1191 1591
f 1036 5641 834
f 1591 5641 1036
f 1 5700 308
f 1321 5130 607
f 1321 1322 5130
f 3191 3367 5130
f 31 5397 37
f 5006 5151 5150
f 2839 2838 2854
f 20 19 21
f 20 1 216
f 309 608 216
f 309 1 308
f 216 1 309
f 1108 608 1341
f 608 309 1341
f 1341 1349 1772
f 1342 1349 1341
f 1341 308 1342
f 1341 309 308
f 2854 2838 2659
f 5166 5170 5161
f 1383 5704 1387
f 5702 5704 334
f 316 5698 5702
f 5702 23 316
f 5190 5035 5039
f 5189 5193 5191
f 5191 5190 5189
f 5189 5190 5039
f 5191 5193 754
f 2164 5193 2343
f 5444 5450 5445
f 5572 5450 5444
f 2322 2154 2321
f 3099 3100 3250
f 5443 5572 5444
f 5570 5572 5443
f 5444 4662 5443
f 5570 5443 5442
f 5442 5443 5331
f 2152 1453 2153
f 2153 1453 2154
f 2153 2322 2323
f 2154 2322 2153
f 3238 2521 2520
f 753 1476 1477
f 1477 1474 753
f 4102 5191 3424
f 5574 5441 5575
f 5441 5439 5575
f 5438 5577 5575
f 5575 5439 5438
f 1475 1474 1882
f 5191 1475 1882
f 5191 2537 3255
f 3255 2537 2536
f 3421 2532 4105
f 5570 5442 5573
f 4104 2534 3422
f 3422 4248 4104
f 5590 5469 5592
f 5470 5589 5471
f 5469 5590 5470
f 5470 5590 5589
f 4674 4675 4798
f 5474 5587 5478
f 5046 5205 5200
f 2359 1510 1902
f 3122 2170 2171
f 2170 1518 2171
f 5222 5213 5215
f 832 5213 5221
f 5213 5222 5221
f 5215 5057 4395
f 4395 5057 4562
f 418 5712 5690
f 1501 389 5713
f 5713 782 1501
f 4544 5046 4383
f 5196 5187 5186
f 4924 4923 5196
f 4923 5187 5196
f 2310 2521 5172
f 5172 3238 3401
f 3401 3409 5172
f 3949 3090 3231
f 5172 4092 4244
f 4244 4767 5172
f 5167 3949 3231
f 4085 3949 5167
f 5413 5411 5559
f 1416 2139 1411
f 4658 4762 4657
f 4078 4077 3226
f 1030 1401 1436
f 1436 5683 1030
f 1484 1031 1436
f 1156 745 1484
f 5686 5687 706
f 784 2165 786
f 1171 2165 784
f 1156 2165 1171
f 2350 2165 1156
f 4775 4918 5334
f 5629 784 5632
f 5629 5630 784
f 784 5630 5631
f 5631 1171 784
f 1156 1171 5631
f 5638 822 5637
f 823 822 5638
f 795 5634 5635
f 1035 5634 795
f 1190 5634 1035
f 795 2076 1035
f 2076 1190 1035
f 3092 3236 4097
f 3402 3236 3092
f 4770 4091 4764
f 4097 3236 3891
f 3237 3236 3402
f 4091 3891 3954
f 3954 3891 3236
f 2309 2317 2136
f 2136 2137 2309
f 4751 4651 4652
f 4652 5009 4751
f 5411 4651 5312
f 4651 4751 5312
f 5311 5550 5401
f 4897 5311 5551
f 5547 5550 5406
f 5550 5311 5406
f 5311 4897 5406
f 4073 4650 4752
f 3836 3460 2978
f 1966 1967 1625
f 4147 3991 4140
f 3896 3993 3298
f 4147 3993 3896
f 3298 3991 3896
f 3896 3991 4147
f 4268 3993 4147
f 3138 3449 3304
f 5596 5490 5355
f 3301 3445 3300
f 3300 2581 3301
f 2388 5236 1955
f 2581 5236 2388
f 4148 5236 3445
f 3445 3301 4148
f 4572 4946 5489
f 5231 5232 5071
f 5238 5234 5239
f 4947 5071 5232
f 4947 4570 5071
f 4948 4947 5232
f 4572 4406 5069
f 5069 4946 4572
f 5247 5254 5253
f 3306 3146 3147
f 5238 3306 3147
f 871 872 5236
f 871 5238 878
f 871 5236 5238
f 871 1595 872
f 3038 3146 3307
f 3038 2401 3146
f 3998 3306 5238
f 3998 3146 3306
f 5291 5497 5604
f 4606 5097 5270
f 5269 5268 5270
f 5268 5266 5270
f 5270 5266 5265
f 5610 5510 5608
f 5265 5266 5096
f 482 5724 5693
f 257 939 969
f 4430 3845 4431
f 5608 3845 4430
f 902 901 1630
f 5644 873 5645
f 1630 5646 5645
f 5678 1401 5679
f 1114 1401 5678
f 5657 1051 1724
f 5656 967 5657
f 967 1051 5657
f 5659 531 5660
f 1071 5668 543
f 1281 1071 543
f 5669 5670 584
f 585 5670 5671
f 5546 1339 1766
f 614 1339 5546
f 4220 4729 5130
f 5130 4213 4220
f 4988 4894 4481
f 4729 4894 4988
f 4481 4894 5392
f 5388 5301 5542
f 5388 5541 5302
f 1630 5645 1216
f 1216 5645 873
f 3458 3311 3457
f 2599 2600 2409
f 2400 3143 2192
f 2192 3143 1603
f 1603 1610 2192
f 2192 2407 2400
f 4170 3457 3901
f 3901 3457 3311
f 834 5641 5640
f 5640 5636 834
f 1591 1569 2392
f 2392 2391 1591
f 2385 2187 2384
f 3298 3450 3299
f 297 5701 5700
f 297 1314 5701
f 5132 5139 5130
f 5132 5137 5139
f 5141 5137 5142
f 5139 5137 5141
f 4484 5139 4323
f 607 5138 606
f 4738 4993 4484
f 321 37 5397
f 5397 2666 1776
f 1776 1767 5397
f 1348 620 5397
f 5397 1767 1348
f 4494 5000 4899
f 638 639 5146
f 645 1118 638
f 1359 639 638
f 638 1118 1359
f 5146 639 1358
f 1358 639 1359
f 3208 5146 2487
f 5146 2486 2487
f 5146 1782 2276
f 2276 2486 5146
f 5151 5006 5155
f 5006 4496 5155
f 2684 1798 5410
f 2 5387 3
f 1346 313 314
f 314 1347 1346
f 2657 3520 3519
f 15 17 16
f 1760 1341 1772
f 1108 1341 1760
f 1772 2659 1760
f 3521 2839 3368
f 5165 5168 5171
f 5171 5166 5165
f 5170 5166 5171
f 5164 5168 5165
f 5168 5164 5018
f 5011 4343 5161
f 4504 4343 5011
f 3724 4343 3723
f 3723 3544 3724
f 2863 2677 2864
f 2864 2677 2676
f 1807 2676 1796
f 2676 2677 1796
f 1397 1806 1807
f 662 657 1397
f 1383 1387 1808
f 1807 1796 1808
f 1388 1387 662
f 1388 1397 1807
f 662 1397 1388
f 1807 1808 1388
f 1388 1808 1387
f 24 23 5702
f 5702 334 24
f 646 5704 1383
f 646 334 5704
f 1349 5698 626
f 5554 31 32
f 1787 2669 5554
f 5554 3711 3712
f 5554 2669 2855
f 2679 2681 3535
f 2679 1803 2681
f 5146 5008 5154
f 5008 5009 5154
f 5154 638 5146
f 645 638 5154
f 5154 2283 2133
f 3080 2283 5154
f 5154 5009 4652
f 3710 3712 3711
f 2164 2343 2163
f 2163 2343 3114
f 5193 5189 5194
f 5188 4923 4924
f 5188 5189 5039
f 755 1474 1475
f 755 754 1474
f 755 1475 5191
f 5191 754 755
f 3115 5193 3262
f 3115 2343 5193
f 3114 2343 3115
f 5450 4918 5571
f 4781 5572 5570
f 4781 4248 4105
f 4782 4918 5450
f 5444 5445 5333
f 4775 4661 5333
f 5333 4918 4775
f 5333 5571 4918
f 5333 5445 5450
f 5450 5571 5333
f 5441 5442 4777
f 4777 5442 5331
f 4777 5331 4774
f 2327 3100 3099
f 3249 3250 3100
f 5330 4662 5444
f 4661 4662 5330
f 5444 5333 5330
f 5330 5333 4661
f 5332 4662 4774
f 5332 5443 4662
f 4774 5331 5332
f 5331 5443 5332
f 5035 5190 4778
f 4778 5190 5191
f 5574 5575 5451
f 2536 2537 2332
f 2332 2537 5191
f 5191 1882 2332
f 1881 1882 1474
f 3424 5191 3416
f 5191 3255 3416
f 1477 1476 1880
f 1476 1879 1880
f 1880 1474 1477
f 1880 1881 1474
f 3968 4248 3422
f 3422 3421 3968
f 4105 4248 3968
f 3968 3421 4105
f 5574 4920 5335
f 5335 5573 5442
f 5335 5441 5574
f 5335 5442 5441
f 4919 4781 5570
f 4248 4781 4919
f 4248 4919 4780
f 4780 4919 4920
f 2534 4104 3423
f 5585 5587 5473
f 5346 5470 5471
f 4799 4800 4674
f 4674 4798 4799
f 4673 4129 4674
f 4674 4800 4673
f 4673 4672 4129
f 4673 4801 4672
f 4800 4801 4673
f 5472 5585 5473
f 5471 5588 5472
f 5588 5585 5472
f 3980 3979 3122
f 4672 3979 3980
f 4129 4672 3980
f 4671 3979 4672
f 4672 4801 4671
f 4807 5585 4935
f 5587 5585 4807
f 3290 4136 4807
f 5593 5595 5482
f 5471 5589 5350
f 5350 5588 5471
f 4935 4806 4134
f 4935 5585 5477
f 5477 5585 5588
f 5588 5350 5477
f 796 2077 1178
f 1178 2076 796
f 3121 2365 2170
f 3121 2170 3122
f 3122 3979 3121
f 2170 2365 2169
f 2354 2355 1514
f 3278 4120 4121
f 4121 4120 4791
f 4791 5465 4121
f 5348 4796 4550
f 4797 4798 4675
f 4796 5348 4797
f 1511 1510 792
f 1511 1902 1510
f 792 1512 1511
f 1511 1512 1902
f 3122 2171 2364
f 2364 3123 3122
f 2364 3124 3123
f 1932 2740 2739
f 5215 5213 5214
f 5214 5057 5215
f 5213 4804 5214
f 5214 4804 5057
f 4563 4403 4404
f 3802 3803 3795
f 5218 5225 5219
f 5219 5225 5224
f 433 421 5715
f 5715 5714 433
f 433 5714 1577
f 5715 421 5716
f 5713 5712 397
f 397 782 5713
f 801 418 5690
f 4383 4382 3785
f 5584 3586 3785
f 3785 4382 5584
f 4383 5046 4545
f 4545 4382 4383
f 2549 5200 2360
f 2360 2359 2549
f 3428 4126 5200
f 5200 4126 4256
f 4256 4790 5200
f 3783 4544 4383
f 5046 4544 5201
f 5186 5187 5036
f 5036 5187 4923
f 402 404 777
f 4533 5039 4535
f 5564 5565 5435
f 5564 5563 5429
f 5435 5565 5434
f 5434 5565 5566
f 5322 5427 5428
f 5428 5321 5322
f 5427 5565 5428
f 5565 5564 5428
f 5428 5564 5429
f 2311 2520 2521
f 2521 2310 2311
f 5326 4762 4507
f 5326 5423 5424
f 5430 4510 4917
f 4507 4762 5021
f 5021 4762 4658
f 4658 5167 5021
f 5414 5413 5319
f 5319 5558 5414
f 5319 5413 5559
f 5414 5558 5555
f 2139 1416 2140
f 1407 1816 2296
f 684 2143 1399
f 4658 4657 4086
f 4086 5167 4658
f 4085 5167 4086
f 3950 3949 4085
f 3090 3949 3950
f 5325 4657 4762
f 5325 5326 5424
f 4762 5326 5325
f 5559 5411 5560
f 5560 5422 5559
f 5560 5411 5562
f 1399 3226 2298
f 2303 3088 2304
f 2304 2140 2303
f 2139 2140 2304
f 679 1030 5683
f 5682 5681 679
f 1401 1030 679
f 631 1112 1372
f 3230 3084 3399
f 3398 3223 3939
f 3939 3944 3398
f 3230 3399 3398
f 5624 745 5625
f 5625 745 5626
f 5624 1031 1153
f 1153 745 5624
f 1031 1484 1153
f 1153 1484 745
f 2147 1484 1436
f 1436 1031 718
f 718 706 1436
f 5624 5689 718
f 718 1031 5624
f 5686 706 718
f 5688 5683 1436
f 785 783 784
f 784 786 785
f 796 783 785
f 1156 1484 746
f 2348 2347 3117
f 3109 3972 3268
f 5639 5634 823
f 823 5638 5639
f 5632 795 5633
f 795 5635 5633
f 1436 2317 1435
f 2317 1840 1435
f 1140 1840 1841
f 1140 1435 1840
f 681 1125 671
f 671 1124 681
f 2146 680 1125
f 2146 2306 2307
f 2146 2145 2306
f 4091 4770 4239
f 4097 3891 4239
f 4239 3891 4091
f 4910 4770 4764
f 3236 3237 3087
f 3087 3954 3236
f 2307 2306 3087
f 2308 2146 2307
f 2137 2146 2308
f 2307 3087 2308
f 2308 2309 2137
f 2308 2512 2309
f 3082 2503 3230
f 3229 2503 3082
f 3230 3081 1818
f 4770 4910 4911
f 4911 4910 4764
f 4764 5327 4911
f 4912 5564 5435
f 5563 5564 4912
f 5320 5327 4764
f 4764 4654 5320
f 5320 5428 5429
f 5321 5428 5320
f 3952 3088 4655
f 3952 2304 3088
f 4075 4650 4076
f 4076 4650 4073
f 4754 4650 4075
f 4075 4651 4754
f 4754 4651 5411
f 3080 5154 3218
f 3218 5154 3943
f 5410 5411 5412
f 5411 5312 5412
f 5412 4341 5410
f 5312 4341 5412
f 2280 2279 2488
f 3381 3380 3211
f 3381 4227 4748
f 3381 4069 4227
f 3211 3382 3381
f 3381 3382 4069
f 3212 3382 3211
f 5549 4749 5407
f 4749 4225 5407
f 3382 3212 3383
f 3383 4225 4749
f 4749 4226 3383
f 2278 2277 2489
f 2278 1785 2277
f 3078 3219 3220
f 3220 3221 3078
f 3078 3221 3024
f 4073 4752 4649
f 4649 3940 4073
f 5314 4648 4649
f 4559 3800 4397
f 3612 4403 3809
f 5216 5058 5059
f 5059 5058 4398
f 4558 5059 4398
f 5720 5724 482
f 481 939 257
f 257 168 481
f 3836 2978 3640
f 896 1625 153
f 5354 5486 5355
f 5355 4816 5354
f 5354 5485 5486
f 4817 4816 5355
f 4686 4268 4147
f 4152 3449 3994
f 4825 4270 4152
f 4825 4940 4270
f 872 1595 1593
f 5236 872 1593
f 1220 871 878
f 1595 871 1220
f 1955 1595 2389
f 2389 2388 1955
f 2389 3301 2581
f 2581 2388 2389
f 3808 4403 3612
f 4404 4403 3808
f 4404 3808 5481
f 5593 5482 5481
f 5594 5595 5593
f 5594 5489 5595
f 5290 5599 5484
f 5598 5484 5599
f 5485 5484 5598
f 5486 5485 5598
f 4146 4682 4139
f 4407 4570 4571
f 4575 5356 4829
f 5593 2755 2946
f 4405 5594 5593
f 4405 4406 4572
f 4572 5489 4405
f 5489 5594 4405
f 5234 5236 5235
f 5073 5069 4406
f 4406 4571 5073
f 5234 5235 5073
f 5073 5235 5069
f 2756 2946 2755
f 5247 5253 5245
f 5245 5253 921
f 2764 1966 5495
f 5495 2957 2764
f 2764 1967 1966
f 5495 3821 3629
f 3629 2957 5495
f 3821 3628 3629
f 3629 3628 2957
f 878 5238 1221
f 1221 1220 878
f 5238 2198 1605
f 1605 1600 5238
f 1605 2198 2197
f 3146 2401 2402
f 2402 3147 3146
f 5238 3147 2402
f 2197 2198 2398
f 2398 2402 2401
f 2405 3144 2083
f 3145 3038 3307
f 5238 4157 4156
f 4156 3998 5238
f 4830 4827 4829
f 4687 4827 4830
f 4829 5356 4830
f 5604 5497 5605
f 5495 5606 5496
f 5496 5605 5497
f 5606 5605 5496
f 5607 5606 5495
f 155 156 5607
f 5495 155 5607
f 1217 1610 1603
f 1603 1612 1217
f 1217 1612 1037
f 1217 874 1038
f 1217 1037 874
f 2407 2192 2082
f 2082 2192 1610
f 2215 5269 2440
f 2215 1681 5269
f 5101 5273 5274
f 4605 4606 4603
f 4605 5097 4606
f 5269 5270 5271
f 5271 5270 5097
f 5272 5270 5265
f 4603 4606 4439
f 4606 3850 4439
f 4439 3850 3849
f 5510 5610 5362
f 5608 165 166
f 5274 5273 5263
f 5263 5275 5274
f 5516 4958 5610
f 5516 4430 4595
f 4596 5096 5092
f 4596 5092 4595
f 4595 4430 4596
f 4596 4430 4431
f 2616 2795 2980
f 5695 182 500
f 4417 4578 4416
f 2960 2768 2769
f 3630 5607 2960
f 2960 5607 2768
f 2768 5607 1995
f 2769 2768 1995
f 2971 2785 2970
f 2970 3639 2971
f 2970 2785 5510
f 5510 3639 2970
f 5652 967 5656
f 1232 1663 5650
f 5650 5651 1232
f 966 1051 967
f 966 967 1663
f 1663 945 966
f 2210 1724 966
f 1724 1051 966
f 5649 899 5651
f 5649 5648 899
f 545 1071 1281
f 547 545 548
f 5679 668 5680
f 668 5681 5680
f 640 5678 5677
f 1114 5678 640
f 629 5675 5674
f 5674 1361 629
f 2264 1361 1095
f 534 1054 1724
f 1054 534 1052
f 1276 2062 1275
f 5658 5657 1000
f 1000 5657 1724
f 1724 531 1000
f 5659 5658 1000
f 1000 531 5659
f 5661 531 5664
f 5661 5660 531
f 5665 543 5666
f 5666 543 5668
f 5665 5662 544
f 544 543 5665
f 544 5662 5663
f 544 5663 1281
f 1281 543 544
f 3362 3878 3927
f 5673 584 5674
f 5673 5669 584
f 5667 585 5672
f 585 5671 5672
f 5546 2844 3516
f 2652 2844 5546
f 5546 1766 2652
f 1340 1766 1339
f 1339 614 1340
f 2 4 305
f 5546 2 305
f 1750 5387 2649
f 5387 2828 2649
f 4044 4045 3921
f 2236 2454 1734
f 5299 5544 5390
f 5544 5543 5390
f 5545 5544 5546
f 5130 3367 4049
f 4049 4213 5130
f 1322 1321 605
f 605 1321 607
f 607 606 605
f 5539 5388 5542
f 5541 5388 5539
f 4725 5388 5302
f 5301 5388 4725
f 4635 3881 4045
f 4045 4044 4635
f 1038 1950 1213
f 1950 1592 1213
f 1951 1592 2390
f 2390 1592 1950
f 3449 3138 2390
f 1591 2391 1590
f 2391 1949 1590
f 1591 1590 864
f 874 1037 1215
f 1215 1216 874
f 1603 3143 3034
f 3034 1612 1603
f 3143 1612 3034
f 2081 3143 2409
f 2081 1612 3143
f 1629 902 1630
f 1629 1228 902
f 1977 1228 1629
f 1629 2417 1977
f 1630 2417 1629
f 1977 2419 1978
f 1978 1228 1977
f 2419 2599 2598
f 3150 2599 2409
f 3150 3312 3458
f 1630 1611 2193
f 2193 2417 1630
f 2418 2599 2419
f 1977 2417 2418
f 2600 2599 2418
f 2418 2417 2600
f 2418 2419 1977
f 5360 5601 5508
f 5508 5509 5360
f 5500 5601 5360
f 5360 5359 5500
f 5500 5602 4953
f 4953 5601 5500
f 5508 5601 4953
f 4170 3901 4162
f 4162 4843 4170
f 4693 4843 4162
f 3142 2407 2406
f 1950 1949 2190
f 2190 1949 2391
f 2391 2574 2190
f 2387 2574 2391
f 3133 3991 3298
f 3133 2385 2384
f 3298 3299 3133
f 3133 3299 3030
f 3451 3299 3450
f 3450 3305 3451
f 519 2042 1706
f 1706 273 519
f 992 5623 515
f 5103 4619 4618
f 4447 3862 4618
f 4618 4619 4447
f 5700 1 22
f 22 297 5700
f 5701 1314 1303
f 5691 5701 1303
f 1303 287 5691
f 5691 287 5696
f 5128 5127 5114
f 565 566 5122
f 5123 5122 5119
f 5114 5127 5126
f 5131 5132 5130
f 4988 5132 5131
f 5130 4729 5131
f 4729 4988 5131
f 4479 4988 4481
f 4479 5132 4988
f 2845 2666 5397
f 3696 3695 5397
f 4324 4323 5139
f 1767 1776 1350
f 1350 1348 1767
f 5138 1328 1105
f 1105 606 5138
f 2117 1328 5138
f 3067 3197 3198
f 5138 3197 3067
f 3067 2265 5138
f 5400 5398 5551
f 5400 5306 5398
f 5551 5311 5400
f 5400 5311 5401
f 5401 5306 5400
f 3933 4059 4060
f 5305 4738 4484
f 4739 5305 5398
f 4738 5305 4739
f 5398 5306 4739
f 5306 4740 4739
f 4641 4059 4058
f 4641 4058 5138
f 5138 5140 4641
f 4641 5140 4993
f 5138 4058 4057
f 4057 3932 5138
f 4058 4059 4057
f 4059 3933 4057
f 4057 3933 3932
f 3198 3197 3199
f 3199 3197 5138
f 5138 3932 3199
f 4494 4899 5405
f 5146 4229 4746
f 4746 4899 5000
f 4748 4897 4898
f 4898 4897 5551
f 3378 5146 3208
f 1373 5154 2133
f 3080 3218 3079
f 1781 1359 1782
f 1781 1782 5146
f 344 5410 343
f 5410 661 343
f 5410 3540 2865
f 2865 2684 5410
f 12 1346 611
f 313 1346 12
f 581 5 302
f 581 302 5387
f 5387 302 301
f 301 3 5387
f 5 3 301
f 302 5 301
f 1762 1347 1109
f 2658 3520 2657
f 2657 1346 2658
f 2658 1346 1347
f 2658 1347 1762
f 1762 1109 1343
f 217 310 16
f 3687 3369 3521
f 3520 3369 3687
f 16 314 14
f 14 15 16
f 314 313 14
f 2838 2839 2476
f 2476 2659 2838
f 2476 1760 2659
f 530 529 279
f 4344 3725 3726
f 4344 3724 3725
f 5017 5018 5163
f 5163 5018 5164
f 4507 5021 5020
f 5020 5021 5167
f 5161 5170 5020
f 5020 5159 5161
f 5020 5167 5159
f 3552 2880 5423
f 2872 3543 5562
f 3544 3543 2872
f 3723 4343 3722
f 5562 3543 3722
f 3722 3544 3723
f 3722 3543 3544
f 4343 3724 4503
f 5161 4343 4503
f 3724 4344 4503
f 5562 5410 46
f 4521 4520 5031
f 5178 5173 5179
f 5023 5173 5178
f 5178 5177 5172
f 5172 5023 5178
f 5179 5031 5178
f 5022 5023 5172
f 4510 5023 5022
f 4917 4510 5022
f 5172 4767 5022
f 335 1397 657
f 1797 1796 1383
f 1383 1808 1797
f 1797 1808 1796
f 23 24 332
f 647 646 1383
f 5698 316 617
f 617 626 5698
f 626 617 627
f 2668 2659 1772
f 2668 627 618
f 2854 2659 2668
f 2669 1787 1788
f 3392 2857 3390
f 2675 3531 1793
f 3531 1792 1793
f 2674 1792 3531
f 1792 2674 1791
f 1380 1791 1790
f 4489 3704 5001
f 4489 4333 3704
f 4489 5001 5150
f 5150 5151 4489
f 325 656 5554
f 5554 32 325
f 655 656 325
f 5554 656 1376
f 1376 1787 5554
f 5554 3712 4328
f 4494 5405 4328
f 3528 3711 5554
f 5554 2855 3528
f 3528 2855 2856
f 5706 694 689
f 3534 2679 3535
f 1806 1397 1805
f 5006 4337 4338
f 4338 4496 5006
f 5005 5006 5150
f 5005 4337 5006
f 2863 2864 2870
f 4495 5009 5008
f 4495 4751 5009
f 4495 5312 4751
f 4495 4341 5312
f 3713 3540 5410
f 5410 4341 3713
f 4074 5154 4652
f 3943 5154 4074
f 4652 4651 4074
f 5580 5579 5457
f 761 754 5193
f 1157 1474 761
f 1474 754 761
f 2164 2163 1494
f 1494 5193 2164
f 4115 4666 4116
f 5450 5572 5447
f 5447 4782 5450
f 5572 4781 5447
f 3420 4781 4105
f 4106 4782 3420
f 3420 5447 4781
f 4782 5447 3420
f 4105 2532 3420
f 2532 3256 3420
f 723 5177 1152
f 1152 2154 723
f 2321 2154 2155
f 2154 1454 2155
f 2155 5177 2321
f 2155 1454 5177
f 4664 4099 3965
f 3965 4098 4664
f 4099 4664 4776
f 4776 4664 5439
f 3963 4099 4663
f 4663 4777 4774
f 4099 4776 4663
f 4663 4776 4777
f 3248 3249 3100
f 3966 4098 3965
f 3965 3244 3966
f 5177 4098 3966
f 3966 3244 5177
f 2321 5177 3105
f 5177 3244 3105
f 3245 3244 3965
f 3965 3246 3245
f 4665 4098 5177
f 4665 4664 4098
f 4773 4664 4665
f 2156 1451 2149
f 3961 4661 3960
f 3961 4662 4661
f 3960 3250 3961
f 3250 3249 3961
f 3249 3248 3961
f 3959 3250 3960
f 3253 3252 3417
f 1136 1845 2152
f 2152 1845 722
f 1137 715 1845
f 1845 1846 1137
f 716 717 5172
f 5172 5177 716
f 716 5177 723
f 4779 4778 4251
f 5191 4102 4251
f 4251 4778 5191
f 4535 5035 4922
f 5035 4778 4922
f 4922 4778 4779
f 2335 2336 2534
f 1879 2336 2335
f 1881 1880 2333
f 2536 2332 2333
f 2333 2332 1882
f 1882 1881 2333
f 1476 751 1481
f 1481 1879 1476
f 2534 2336 2533
f 4920 4919 5448
f 5448 5335 4920
f 5573 5335 5448
f 5570 5573 5448
f 5448 4919 5570
f 4249 4104 4248
f 4248 4780 4249
f 4103 4102 3424
f 4779 4251 4103
f 4103 4251 4102
f 4779 4103 4250
f 4250 4249 4780
f 4104 4249 4250
f 4562 5057 4938
f 5057 4804 4938
f 5589 5590 5479
f 5479 4937 5589
f 4674 4129 3982
f 5345 5346 5471
f 4798 5346 5345
f 5345 4799 4798
f 3122 3123 3285
f 3285 3980 3122
f 3123 3124 3285
f 3124 3982 3285
f 4802 4671 4801
f 4138 3977 4679
f 1569 1191 1192
f 3282 3118 3119
f 3282 3441 3118
f 5587 4807 5476
f 5476 4807 4136
f 5476 5478 5587
f 4264 4807 4935
f 4935 4134 4264
f 829 1197 828
f 1197 829 2369
f 1198 1197 1563
f 2383 3989 3132
f 3132 2384 2383
f 4145 4146 3988
f 3032 2381 3135
f 3135 3296 3032
f 3135 2381 2380
f 4145 3988 3899
f 5213 2366 2559
f 2367 1199 831
f 1197 2369 831
f 3437 4134 4806
f 3436 3289 3437
f 4936 5477 5350
f 4936 5350 5589
f 4936 4806 4935
f 4935 5477 4936
f 5589 4937 4936
f 4936 4937 4806
f 2168 2167 1522
f 1522 1517 2168
f 2168 2365 3119
f 2168 2169 2365
f 3119 3118 2361
f 2361 2168 3119
f 2167 2168 2361
f 3979 4671 4130
f 4130 3978 3979
f 4679 3977 4130
f 3977 3978 4130
f 3979 3978 3286
f 3286 3121 3979
f 3286 3977 3119
f 3286 3978 3977
f 1523 1518 2170
f 2170 2169 1523
f 1523 2168 1518
f 2169 2168 1523
f 4808 5476 4136
f 4808 4934 5478
f 5478 5476 4808
f 5349 5478 5586
f 5586 4934 5349
f 5478 4934 5586
f 3277 3278 4121
f 3277 2355 2354
f 2354 3278 3277
f 4120 3278 3425
f 4792 4791 4120
f 4792 4120 4253
f 4253 4795 4792
f 4929 5579 5465
f 5465 4791 4929
f 4117 4795 4118
f 4118 3270 4117
f 3280 3270 4118
f 4118 3425 3280
f 4927 4792 4795
f 5469 5470 5347
f 5470 5346 5347
f 5347 4797 5348
f 5347 5346 4798
f 4798 4797 5347
f 5468 5469 5347
f 5347 5348 5468
f 4796 4797 4677
f 4127 5205 4677
f 4676 3984 4127
f 4127 4677 4676
f 4676 4677 4797
f 4676 4797 4675
f 3984 3983 3284
f 3284 3982 3124
f 3983 3982 3284
f 4128 4675 4674
f 4674 3982 4128
f 4128 3982 3983
f 4128 3983 3984
f 4128 4676 4675
f 3984 4676 4128
f 4127 3984 3985
f 3984 3283 3985
f 3985 5205 4127
f 3985 3283 5205
f 2362 5205 3127
f 5205 3283 3127
f 1510 1509 794
f 794 1509 5200
f 1903 1509 1510
f 1903 2359 2360
f 1903 1510 2359
f 2360 5200 1903
f 5200 1509 1903
f 2174 2175 2363
f 4931 4930 5464
f 5464 4930 5465
f 5464 5579 5580
f 5465 5579 5464
f 2078 797 1174
f 1519 2171 1181
f 2171 2078 1181
f 1181 2078 1182
f 1513 1512 790
f 790 789 1174
f 1174 1514 790
f 790 1514 1513
f 1174 789 798
f 798 2078 1174
f 1182 2078 798
f 2172 2364 2171
f 4394 4395 4562
f 83 5712 84
f 5712 418 84
f 3795 2740 2936
f 4561 4395 3803
f 3803 3802 4561
f 5215 4395 4561
f 4561 3802 4396
f 5218 5219 5061
f 428 229 109
f 93 5712 83
f 93 397 5712
f 398 397 93
f 83 399 93
f 93 399 398
f 1905 1535 1534
f 1534 801 5690
f 5690 5716 1534
f 1939 435 1579
f 1938 435 1939
f 5045 5046 5200
f 5045 4545 5046
f 5200 4790 5045
f 5584 4382 5460
f 4382 4545 5460
f 5583 5584 5460
f 5460 5461 5583
f 3272 3428 5200
f 5200 2549 3272
f 1529 809 808
f 2921 2728 2551
f 2728 1913 2551
f 5037 5184 5186
f 777 404 776
f 2719 3575 3574
f 4521 4245 3752
f 4242 4914 4243
f 4243 4914 4772
f 4772 4914 4915
f 4917 4915 5431
f 5431 5430 4917
f 5431 5567 5568
f 5568 5569 5431
f 5569 5430 5431
f 4916 4915 4917
f 4916 5022 4767
f 4917 5022 4916
f 4767 4772 4916
f 4916 4772 4915
f 4915 4914 5432
f 5567 5431 5432
f 5432 5431 4915
f 4763 5323 5322
f 5322 5321 4763
f 4763 5321 4655
f 5426 5427 5322
f 5322 5323 5426
f 5426 5565 5427
f 5566 5565 5426
f 1439 2311 1847
f 1847 2311 2310
f 5172 1439 1847
f 1847 2310 5172
f 1438 1439 5172
f 5172 717 1438
f 2154 722 1440
f 723 2154 1440
f 1440 716 723
f 717 716 1440
f 1440 1438 717
f 1440 2311 1439
f 1439 1438 1440
f 4905 5319 5559
f 4905 4761 4237
f 5559 5422 4905
f 5414 5555 5415
f 5415 5315 5414
f 4079 3396 3947
f 3946 4079 4236
f 1411 2139 1130
f 2139 1124 682
f 1816 1407 1811
f 2299 2144 5167
f 1399 2143 683
f 2143 1133 683
f 2141 1416 1411
f 1123 683 2141
f 2141 683 1133
f 2141 2140 1416
f 1411 1130 2141
f 4085 4086 4087
f 4087 3950 4085
f 4087 4086 4657
f 5425 5325 5424
f 5425 5426 5323
f 5425 5424 5568
f 5568 5567 5425
f 5425 5567 5566
f 5566 5426 5425
f 4504 5011 4908
f 4238 4756 5159
f 5159 4756 5160
f 5160 4756 5011
f 5161 5159 5160
f 5160 5011 5161
f 1814 2298 5159
f 1399 2298 1814
f 2297 3226 1399
f 2297 2496 3226
f 4078 3226 3394
f 4078 4237 4230
f 4237 4761 4230
f 4230 4761 4756
f 4756 4238 4230
f 2497 1407 2296
f 2497 2502 1407
f 3228 3083 2502
f 2502 2497 3228
f 3396 3083 3228
f 3228 2497 2296
f 3947 3396 3228
f 3228 4080 4234
f 5684 679 5683
f 5682 679 5684
f 667 5681 668
f 667 679 5681
f 668 1401 667
f 1401 679 667
f 1372 1115 2135
f 1115 2291 2135
f 2292 3076 3022
f 2291 3076 2292
f 2290 2291 1115
f 2290 3076 2291
f 641 1113 1114
f 3224 3084 3022
f 3224 3399 3084
f 3022 3076 3224
f 3224 3076 3223
f 3223 3398 3224
f 3224 3398 3399
f 2125 1113 1371
f 1114 1113 2125
f 2125 1401 1114
f 4071 3944 3939
f 5628 5627 756
f 756 5631 5628
f 1156 5631 756
f 5686 718 5685
f 5685 718 5689
f 5687 5688 707
f 707 706 5687
f 1436 706 707
f 707 5688 1436
f 3117 3270 3271
f 3271 3108 3117
f 3271 3281 3108
f 2160 2350 1156
f 1507 786 2165
f 2165 2350 1507
f 2350 1904 1507
f 1507 1508 786
f 1904 1508 1507
f 1156 746 757
f 3976 3270 3117
f 4117 3270 3976
f 2347 2348 1163
f 1163 2348 2159
f 2347 3109 3116
f 3117 2347 3116
f 3116 3109 3268
f 3116 3976 3117
f 2318 1840 2317
f 2317 2512 2318
f 2317 2309 2511
f 2511 2512 2317
f 2309 2512 2511
f 3402 3092 3096
f 3092 2512 3096
f 3096 3237 3402
f 2512 2308 3096
f 2513 2512 3092
f 2138 1410 2139
f 2139 2304 2138
f 1128 2146 1125
f 1410 2146 1128
f 2139 1410 1128
f 1128 1124 2139
f 1415 2146 1410
f 2145 2146 1415
f 1410 2138 1415
f 1415 2138 2145
f 3229 3082 3397
f 3230 2503 1403
f 1403 2295 1817
f 1403 3081 3230
f 1403 1818 3081
f 2499 2125 2293
f 670 1403 1125
f 1414 2137 2136
f 2136 1409 1414
f 1414 2146 2137
f 1414 1409 2146
f 2136 1401 1127
f 1401 680 1127
f 680 2146 1127
f 2515 2514 3242
f 3242 3241 2515
f 3405 3241 3242
f 3242 4096 3405
f 3242 3404 4096
f 4096 3404 3955
f 5437 4911 5327
f 5327 5320 5437
f 5436 4912 4771
f 5563 4912 5436
f 4771 4911 5436
f 4911 5437 5436
f 5436 5437 5320
f 5429 5563 5436
f 5436 5320 5429
f 4083 3952 4655
f 4655 5321 4083
f 5321 5320 4083
f 4083 5320 4654
f 3953 4083 4654
f 3952 4083 3953
f 2515 3241 2316
f 1444 1842 2316
f 2316 1842 2320
f 2316 2514 2515
f 2316 2320 2514
f 1444 2316 1443
f 1443 2316 3241
f 1444 711 1142
f 1142 1842 1444
f 3941 4076 4073
f 3941 3221 3220
f 3220 3219 3941
f 4075 4076 3941
f 4650 4754 4755
f 4755 5413 5414
f 5414 5315 4755
f 4755 4752 4650
f 4755 5315 4752
f 2285 2286 2131
f 2285 3078 2286
f 637 1367 1368
f 1368 1359 637
f 4228 3381 4748
f 4748 4898 4228
f 2482 2280 2488
f 2488 3212 2482
f 3211 2280 2482
f 2482 3212 3211
f 4896 4749 5547
f 4896 4226 4749
f 5547 5406 4896
f 4227 4226 4896
f 4896 5406 4897
f 4748 4227 4896
f 4896 4897 4748
f 4067 3383 2489
f 4225 3383 4067
f 3382 3383 4068
f 4068 3383 4226
f 4069 3382 4068
f 4227 4069 4068
f 4068 4226 4227
f 3213 3212 2488
f 3213 3383 3212
f 2488 2279 3213
f 2279 2278 3213
f 2489 3383 3213
f 3213 2278 2489
f 1372 1112 1024
f 1024 1115 1372
f 1778 1785 1365
f 1365 1364 1778
f 1785 2278 1365
f 1111 633 1365
f 633 1364 1365
f 1116 643 1027
f 635 1366 1367
f 1111 1365 635
f 635 1365 1366
f 2277 1785 2281
f 2281 2481 2277
f 1115 1024 642
f 3940 4649 3938
f 3938 4649 4648
f 4073 3940 3889
f 3940 3221 3889
f 3889 3941 4073
f 3221 3941 3889
f 2286 3078 2287
f 2287 3078 3024
f 106 422 431
f 5050 4551 4550
f 4550 4796 5050
f 4796 4677 5050
f 5205 5046 5206
f 4551 5050 5206
f 5046 5201 5206
f 4566 3809 4403
f 4403 5222 4566
f 4400 3806 3608
f 5217 5227 5218
f 5218 4397 5217
f 5217 4397 5058
f 5217 5058 5216
f 2938 2747 2748
f 135 5722 5721
f 135 5721 136
f 5721 5720 923
f 138 135 136
f 2979 2775 2778
f 2968 2978 3460
f 2968 2979 2978
f 2977 3640 2786
f 5252 5251 5256
f 5256 5254 5252
f 5252 5254 5247
f 5250 5258 5257
f 5257 5251 5250
f 5258 5089 5257
f 5256 5251 5257
f 5257 5089 5256
f 256 939 938
f 256 167 939
f 157 969 939
f 939 167 157
f 157 158 969
f 157 167 482
f 938 939 1661
f 939 1996 1661
f 1661 5720 482
f 1653 5720 1661
f 1661 1996 1653
f 2778 2775 2001
f 2001 1996 939
f 1966 1625 1626
f 1625 896 1626
f 5495 1966 1626
f 1626 896 5495
f 467 155 5495
f 153 155 467
f 2951 2955 2956
f 2956 3621 2951
f 5355 5490 5487
f 5487 4817 5355
f 5490 4817 5487
f 4147 4140 4685
f 4685 4686 4147
f 4685 4817 4818
f 4818 4686 4685
f 4816 4817 4685
f 4685 4682 4816
f 4151 3994 3449
f 3449 2390 4151
f 2390 3305 4151
f 4151 3305 3450
f 3450 3993 4151
f 3993 4268 4151
f 4826 4686 4818
f 4268 4686 4826
f 4940 4825 4826
f 1955 5236 1594
f 5236 1593 1594
f 1594 1595 1955
f 1594 1593 1595
f 4274 4820 4819
f 4819 5236 4274
f 4819 5235 5236
f 4946 5069 4819
f 5069 5235 4819
f 4153 4148 3301
f 5595 5489 4945
f 4945 5489 4946
f 4946 4819 4945
f 4945 4819 4820
f 881 236 891
f 458 236 881
f 5593 5481 134
f 2939 5481 3613
f 3613 5481 3808
f 3612 2939 3613
f 3613 3808 3612
f 4403 4563 5062
f 5062 5222 4403
f 3139 3303 3448
f 4823 4271 4824
f 4272 4271 4823
f 5290 5484 5353
f 5353 5484 5485
f 4407 4571 3818
f 5234 5073 5233
f 5233 5073 4571
f 4570 4947 5233
f 5233 4571 4570
f 5233 5239 5234
f 5240 5239 5233
f 5233 4948 5240
f 4947 4948 5233
f 5074 4575 4829
f 4829 4827 5074
f 5074 4827 4687
f 5495 5496 5494
f 2957 3628 2763
f 1967 2764 2763
f 2763 2764 2957
f 4414 3628 3821
f 4575 5074 4414
f 5077 5078 4411
f 4411 4412 5077
f 5240 4948 4577
f 5593 3812 3820
f 3820 4405 5593
f 4406 4405 3820
f 2947 2756 2582
f 2582 2756 1962
f 2757 2582 1962
f 1962 1957 2757
f 2947 2582 2757
f 2757 1957 1616
f 2946 2756 3615
f 3615 3812 5593
f 5593 2946 3615
f 563 566 565
f 5255 5253 5254
f 5254 5086 5255
f 4588 4589 4427
f 4427 4426 4588
f 4587 5086 4588
f 4588 5086 5254
f 4427 4589 3838
f 3837 3639 5510
f 926 472 154
f 926 1647 933
f 926 154 1647
f 933 5607 926
f 926 5607 472
f 5238 1600 1222
f 1222 1221 5238
f 1600 1220 1222
f 1220 1221 1222
f 1601 1220 1600
f 1600 1605 1601
f 2397 2198 5238
f 5238 2402 2397
f 2397 2398 2198
f 2402 2398 2397
f 1952 2189 2394
f 2578 3303 3139
f 3139 2394 2578
f 2394 2189 2578
f 868 1598 1211
f 877 1041 1953
f 1953 1041 1208
f 3304 4150 2395
f 4150 3303 2395
f 1038 1213 865
f 3904 4690 4160
f 4160 4000 3904
f 3904 4159 4688
f 4688 5291 3904
f 5291 4690 3904
f 5497 5291 4831
f 4831 5291 4688
f 4158 4157 4687
f 4687 4830 4158
f 4158 4156 4157
f 4688 4159 4158
f 5507 4953 5602
f 4840 4953 5507
f 471 5607 156
f 472 5607 471
f 156 154 471
f 154 472 471
f 5246 5081 5247
f 5247 5245 5246
f 4416 5607 3833
f 3833 4417 4416
f 2406 3144 4001
f 4001 3142 2406
f 3309 3903 3144
f 4000 3903 3309
f 3309 2404 3145
f 4160 4690 4691
f 5269 1681 1676
f 1676 1256 5269
f 1257 947 5269
f 5269 1256 1257
f 4604 3850 4606
f 4606 5270 4604
f 1694 1695 2030
f 3481 2989 3482
f 2010 2011 1242
f 2428 2011 2010
f 2425 2206 5253
f 5253 2206 1643
f 5253 5255 4694
f 4694 5255 5086
f 4175 4694 4847
f 5513 5362 5610
f 3643 3845 5608
f 5608 2986 3643
f 3644 3844 4431
f 3644 3643 2986
f 4431 3845 3644
f 3845 3643 3644
f 5261 5095 5275
f 5275 5263 5261
f 5609 5610 5608
f 5609 5516 5610
f 5608 4430 5609
f 4430 5516 5609
f 5268 4855 5267
f 5267 4855 5092
f 5092 5096 5267
f 5267 5266 5268
f 5267 5096 5266
f 4291 4855 5268
f 4958 5516 4966
f 4966 5516 4595
f 4595 5092 4966
f 2607 2011 2428
f 274 987 173
f 172 182 5695
f 5695 512 172
f 512 173 172
f 5694 512 5695
f 5697 512 5694
f 985 5692 5695
f 5695 500 985
f 1690 5692 985
f 3840 4438 3841
f 3840 4445 4437
f 4437 4438 3840
f 4445 4438 4437
f 3854 4445 3840
f 3840 3478 3854
f 257 969 268
f 969 495 268
f 2981 2616 2980
f 2980 2995 2981
f 5274 5275 5099
f 5099 5101 5274
f 5275 5095 5276
f 5095 5102 5276
f 5276 5099 5275
f 5102 5099 5276
f 4445 3854 4444
f 933 1647 1646
f 1646 5607 933
f 1646 1995 5607
f 2769 1995 1994
f 1647 1993 1994
f 1994 1646 1647
f 1995 1646 1994
f 1647 154 925
f 1648 1993 1647
f 152 154 153
f 1657 940 5510
f 5510 2000 1657
f 1657 485 940
f 2784 2785 2971
f 2784 1657 2000
f 485 1657 2784
f 2004 1999 2784
f 1663 967 943
f 943 944 1663
f 5654 944 943
f 5655 944 5654
f 5655 5650 1663
f 1663 944 5655
f 5613 5519 5518
f 5518 5612 5613
f 5644 5643 861
f 861 873 5644
f 1591 1216 861
f 861 1216 873
f 900 5647 5646
f 900 5646 1630
f 5648 5647 900
f 899 5648 900
f 900 1630 1232
f 1232 899 900
f 546 545 1281
f 548 545 546
f 5675 629 5676
f 628 640 5677
f 5677 5676 628
f 628 5676 629
f 1114 640 628
f 628 1361 1114
f 628 629 1361
f 1361 2264 2478
f 2479 2480 2478
f 1338 2264 1095
f 2273 2264 2274
f 2273 2480 2479
f 2274 2480 2273
f 2479 2478 2273
f 2273 2478 2264
f 1001 534 1724
f 535 534 1001
f 3347 3346 3501
f 535 1001 1002
f 1002 1003 535
f 1276 1275 1012
f 1012 534 535
f 1012 1052 534
f 1012 1275 1052
f 1052 1275 2100
f 2100 2101 1054
f 1054 1052 2100
f 2100 1275 2062
f 5521 975 510
f 5521 4439 3849
f 3878 3362 3190
f 4727 4639 4636
f 4639 4727 4640
f 5401 5547 5402
f 5549 5407 5408
f 3387 3206 3386
f 1361 2478 1786
f 307 614 4
f 307 1340 614
f 4 614 306
f 306 305 4
f 306 614 5546
f 5546 305 306
f 3184 3183 3921
f 5542 5304 5394
f 5394 5539 5542
f 4890 5539 5394
f 5299 5390 5300
f 5300 5390 4723
f 5300 4722 5299
f 4723 5390 5391
f 5391 4635 4723
f 3881 4635 5391
f 5542 5301 5391
f 5391 5304 5542
f 5543 5304 5391
f 5391 5390 5543
f 4729 4220 4730
f 4891 5304 5543
f 4891 5394 5304
f 4890 5394 4891
f 2252 2465 2464
f 2463 3191 5130
f 5130 2251 2463
f 2463 2252 2464
f 2251 2252 2463
f 5130 1322 1759
f 1759 2251 5130
f 1759 2252 2251
f 1322 605 1759
f 605 2252 1759
f 4735 4888 4216
f 3881 5391 4637
f 4723 4635 4720
f 4722 5300 4720
f 4720 5300 4723
f 4720 4044 4722
f 4720 4635 4044
f 2576 2390 3138
f 2576 3138 3304
f 1212 1590 1949
f 1212 864 1590
f 1212 1949 1950
f 1950 864 1212
f 1591 864 863
f 863 1216 1591
f 874 1216 863
f 863 1950 874
f 863 864 1950
f 1037 1612 1602
f 1602 1215 1037
f 1602 1612 1611
f 1216 1215 1602
f 1602 1611 1630
f 1630 1216 1602
f 902 1228 904
f 901 902 904
f 904 903 901
f 901 903 1044
f 1044 903 905
f 1631 1978 2419
f 2419 2598 1631
f 1631 2598 2597
f 1979 2416 1638
f 4282 4839 4840
f 4170 4843 4282
f 4282 4843 4839
f 4168 4282 4840
f 2596 2597 3317
f 3317 4168 2596
f 4169 4168 3317
f 5613 5612 5511
f 5612 5365 5511
f 5511 5365 4850
f 1637 910 1638
f 1638 2416 1637
f 1637 2416 2596
f 2596 4168 1637
f 3316 2594 2595
f 2415 1637 2595
f 2595 4168 3316
f 2595 1637 4168
f 1981 2415 2414
f 2414 2594 2593
f 2414 2595 2594
f 2415 2595 2414
f 1980 2415 1981
f 1980 1637 2415
f 1981 2414 1636
f 3035 3150 2409
f 3312 3150 3035
f 2409 3143 3035
f 3143 3312 3035
f 3318 2598 2599
f 2599 3150 3318
f 3318 3457 4170
f 3458 3457 3318
f 3318 3150 3458
f 2597 2598 3318
f 2194 2081 2409
f 1612 2081 2194
f 1611 1612 2194
f 2194 2193 1611
f 5359 5360 4834
f 4689 4691 4834
f 4834 4835 4689
f 5360 4835 4834
f 4003 3311 2400
f 4003 3901 3311
f 4003 4162 3901
f 2575 2390 1950
f 2575 3305 2390
f 2574 3305 2575
f 1950 2190 2575
f 2575 2190 2574
f 3030 2574 2386
f 2574 2387 2386
f 2386 3133 3030
f 2385 3133 2386
f 2177 2392 1569
f 2391 2392 2177
f 2177 2387 2391
f 3140 3305 2574
f 3140 3451 3305
f 3140 2574 3030
f 3030 3299 3140
f 3299 3451 3140
f 5281 5109 5110
f 505 507 980
f 980 504 505
f 504 272 505
f 1694 980 979
f 980 507 979
f 5623 5521 180
f 976 508 510
f 510 975 976
f 977 508 976
f 2989 2988 3650
f 3650 3482 2989
f 508 178 516
f 3656 3862 3855
f 3862 4447 3855
f 5279 5103 5284
f 4619 5103 5279
f 5279 5284 5288
f 5288 5112 5279
f 297 22 295
f 1740 289 288
f 1302 1303 1314
f 287 1303 1302
f 3867 5374 4452
f 2818 5374 3004
f 3004 5374 3661
f 4454 5112 5288
f 285 196 195
f 195 526 285
f 195 196 5534
f 5534 5374 195
f 284 196 285
f 5534 196 284
f 2822 3509 2637
f 2637 1740 2822
f 1317 2644 3513
f 1317 1316 304
f 5116 5128 5114
f 5116 5129 5128
f 4465 4981 4466
f 4466 4981 5123
f 1750 2649 2648
f 4977 4886 4463
f 5121 5119 5122
f 5121 5122 566
f 2458 3175 5121
f 5121 3175 3355
f 5121 4210 4713
f 5114 5126 5117
f 5123 5119 5125
f 5125 5117 5126
f 5546 3694 4317
f 4317 5545 5546
f 5392 5545 4317
f 4486 5141 5142
f 3376 4486 3699
f 3522 3695 3523
f 5397 3695 3522
f 3522 2845 5397
f 4484 4323 4322
f 4323 3696 4322
f 4322 3696 5397
f 4322 5305 4484
f 3697 3696 4323
f 4323 4324 3697
f 3523 3695 3697
f 3695 3696 3697
f 620 1348 619
f 1348 1350 619
f 1103 1105 1328
f 5138 2265 2263
f 2263 2117 5138
f 4627 4740 5306
f 4627 3886 4060
f 4060 4740 4627
f 3198 3201 3068
f 3068 3201 3886
f 3887 3933 4060
f 3887 3201 3933
f 4060 3886 3887
f 3886 3201 3887
f 4059 4641 4642
f 4060 4059 4642
f 4642 4740 4060
f 4642 4739 4740
f 3932 3933 3200
f 3200 3199 3932
f 3198 3199 3200
f 3200 3201 3198
f 3933 3201 3200
f 5553 5552 5554
f 5554 4328 5553
f 5553 4328 5405
f 5146 4746 5147
f 5147 4746 5000
f 3211 3380 3210
f 3210 2483 3211
f 1367 2280 1783
f 5146 3378 4065
f 645 5154 1119
f 1119 1118 645
f 2133 2283 2132
f 2132 1373 2133
f 2131 1374 2132
f 3942 4651 4075
f 3219 3079 3942
f 3942 4074 4651
f 3943 4074 3942
f 3942 3218 3943
f 3942 3079 3218
f 1360 1358 1359
f 1359 1781 1360
f 5146 1358 1360
f 1360 1781 5146
f 3539 2865 3540
f 3540 3713 3539
f 5410 1798 1395
f 1344 613 1106
f 1106 1765 1344
f 312 611 1345
f 2657 3519 2841
f 4991 4473 4476
f 3686 3519 3520
f 1752 1309 583
f 304 15 207
f 1312 5387 1750
f 1312 581 5387
f 610 1347 314
f 610 1109 1347
f 310 1343 610
f 610 1343 1109
f 2840 3369 3520
f 3520 2658 2840
f 3521 3369 2840
f 2654 2839 3521
f 3521 2840 2654
f 1762 1343 2654
f 1108 1760 1761
f 2839 2654 1761
f 1761 2654 1343
f 1761 2476 2839
f 1760 2476 1761
f 303 15 304
f 304 1316 303
f 17 15 303
f 2618 3001 2809
f 2809 2044 2618
f 2618 3660 3001
f 2044 2810 2618
f 2618 2810 3660
f 2043 2044 2809
f 503 983 502
f 987 275 502
f 502 173 987
f 502 172 173
f 182 172 502
f 513 987 1710
f 513 275 987
f 513 175 275
f 1304 289 1740
f 1740 2637 1304
f 4458 3665 3864
f 4458 5109 4623
f 4623 5109 5287
f 5110 5109 4456
f 4456 4458 3864
f 5109 4458 4456
f 1719 529 530
f 1720 1719 530
f 5165 5166 4502
f 4502 4503 4344
f 5164 5014 4345
f 4345 5163 5164
f 5013 5163 4345
f 4353 3732 5423
f 4353 5326 4507
f 5423 5326 4353
f 5423 3732 3731
f 3731 3552 5423
f 5562 1824 2685
f 2685 2872 5562
f 4342 4343 4504
f 4342 3722 4343
f 5562 3722 4342
f 5010 5166 5161
f 5161 4503 5010
f 5010 4502 5166
f 4503 4502 5010
f 5562 690 1423
f 47 346 5562
f 5562 46 47
f 52 5410 344
f 52 46 5410
f 5024 5175 5174
f 5174 5173 5024
f 5179 5173 5180
f 5173 5174 5180
f 80 1466 227
f 2903 2713 2902
f 2688 2875 2507
f 3548 2875 2688
f 5017 5163 5162
f 5162 5163 5013
f 3739 4506 4500
f 1397 38 39
f 48 38 1397
f 332 647 648
f 329 221 26
f 333 332 24
f 333 647 332
f 333 24 334
f 334 646 333
f 646 647 333
f 1349 626 1357
f 626 627 1357
f 627 2668 1357
f 219 627 617
f 2853 2839 2854
f 2854 2668 2853
f 2668 3527 2853
f 4332 4490 4331
f 3707 4333 4332
f 4333 4489 4332
f 4332 4489 4490
f 2670 2857 2856
f 2671 2857 2670
f 2669 1788 2670
f 2670 2855 2669
f 2856 2855 2670
f 2856 2857 3529
f 3529 3528 2856
f 3529 2857 3392
f 3529 3710 3711
f 3711 3528 3529
f 330 221 329
f 35 221 330
f 651 652 330
f 330 652 331
f 323 221 35
f 651 330 650
f 650 330 329
f 1380 652 1381
f 1381 652 651
f 1381 1791 1380
f 1792 1791 1381
f 2860 3391 2859
f 2859 2674 2860
f 3707 3391 2860
f 2860 4333 3707
f 2860 2674 3531
f 3531 3704 2860
f 3704 4333 2860
f 2672 2857 2671
f 2671 1790 2672
f 5003 4489 5151
f 4490 4489 5003
f 5003 5004 4490
f 1377 1788 1787
f 1787 1376 1377
f 1377 656 655
f 1377 1376 656
f 694 5706 1419
f 1823 1419 1424
f 1424 1419 5706
f 5707 5708 53
f 3720 3721 3541
f 3719 4338 4337
f 3719 4337 3720
f 3720 3541 3719
f 3719 3541 3534
f 1794 1793 1386
f 2863 2870 3542
f 3542 3541 3721
f 2870 3541 3542
f 2871 2870 2864
f 2871 2864 2676
f 1807 1806 2680
f 2870 2871 2680
f 1806 1805 2680
f 4336 3721 3720
f 5157 5153 5158
f 2344 2163 3114
f 3262 5193 3970
f 5582 5453 5583
f 5583 5461 5582
f 5456 5581 5580
f 5580 5457 5456
f 5195 5188 4924
f 5195 5194 5189
f 5189 5188 5195
f 5193 1155 1154
f 1154 761 5193
f 1154 1155 1157
f 1157 761 1154
f 1485 1494 2163
f 1485 2163 1157
f 1157 1155 1485
f 1485 1155 5193
f 5193 1494 1485
f 4117 4116 4785
f 4785 4116 4666
f 4785 4795 4117
f 4785 4927 4795
f 4666 5341 4785
f 5578 5341 5459
f 4362 3750 5438
f 5033 4519 4773
f 5033 4665 5177
f 4773 4665 5033
f 4520 4519 5032
f 5032 5031 4520
f 5032 5178 5031
f 4519 5033 5032
f 5177 5178 5032
f 5032 5033 5177
f 2896 2897 2712
f 2896 2712 5438
f 5177 1454 1449
f 1449 1454 2154
f 76 5577 5438
f 5328 4664 4773
f 4773 4519 5328
f 5439 4664 5328
f 3965 4099 3964
f 3964 3246 3965
f 3964 4099 3963
f 2323 2322 3103
f 3247 3248 3102
f 3247 3964 3963
f 3246 3964 3247
f 3102 3103 3247
f 3247 3103 3246
f 5329 5439 5441
f 5329 4776 5439
f 5441 4777 5329
f 4777 4776 5329
f 2324 2153 2323
f 2152 2153 2324
f 2323 3103 2324
f 2324 3103 3102
f 4100 4663 4774
f 3963 4663 4100
f 4774 4662 4100
f 4662 3961 4100
f 1451 2156 2157
f 2157 719 1841
f 2328 2327 3099
f 2149 2327 2328
f 2328 2156 2149
f 2328 2157 2156
f 3106 2328 3099
f 4101 4661 4775
f 3960 4661 4101
f 4101 3959 3960
f 4247 4782 4106
f 4918 4782 4247
f 2152 722 1150
f 1150 722 2154
f 1845 715 714
f 714 722 1845
f 715 1440 714
f 714 1440 722
f 2313 1846 1845
f 2520 2311 2519
f 2519 2313 2518
f 2519 2518 3094
f 4535 4922 5446
f 5446 4922 4779
f 4779 5451 5446
f 1878 2336 1879
f 1879 1481 1878
f 1878 1877 2336
f 1481 1877 1878
f 3259 3421 3422
f 3422 2534 3259
f 2534 2533 3259
f 2536 2535 3254
f 2534 3423 3254
f 3254 2535 2534
f 2536 2333 2334
f 2334 2535 2536
f 2334 2333 1880
f 2334 1880 1879
f 1879 2335 2334
f 2334 2335 2534
f 2534 2535 2334
f 3424 3416 3415
f 3415 4103 3424
f 3415 3255 2536
f 3415 3416 3255
f 2536 3254 3415
f 3415 3254 3423
f 4779 4250 4921
f 5574 5451 4921
f 4921 5451 4779
f 4921 4920 5574
f 4921 4780 4920
f 4921 4250 4780
f 4562 4938 5475
f 5475 4394 4562
f 4262 4804 5213
f 5213 4261 4262
f 4800 4799 5344
f 4799 5345 5344
f 5471 5472 5344
f 5344 5345 5471
f 5344 4801 4800
f 5344 5343 4801
f 5344 5472 5473
f 5473 5343 5344
f 4129 3980 3981
f 3980 3285 3981
f 3981 3982 4129
f 3981 3285 3982
f 5473 5474 5342
f 5342 5343 5473
f 5349 4802 5342
f 4801 5343 5342
f 5342 4802 4801
f 5342 5478 5349
f 5474 5478 5342
f 5349 4934 4803
f 4803 4802 5349
f 3439 4138 4137
f 4138 3439 3128
f 4265 4138 4934
f 4934 4808 4265
f 4265 4808 4136
f 3977 4138 3440
f 3119 3977 3440
f 3440 3282 3119
f 3441 3282 3440
f 2564 2565 4136
f 2371 2565 2564
f 2564 4136 3290
f 3290 2563 2564
f 2564 2563 2371
f 2567 2566 2376
f 2372 2565 2371
f 2371 1924 2372
f 2566 2565 2372
f 2372 2376 2566
f 835 1192 1191
f 2167 2361 2166
f 1522 2167 2166
f 2166 1517 1522
f 2568 2361 3118
f 4807 4264 4259
f 4259 4135 3290
f 3290 4807 4259
f 4259 4134 4135
f 4259 4264 4134
f 3290 4135 3438
f 4135 4134 3438
f 3438 3437 3289
f 4134 3437 3438
f 828 1197 837
f 1197 1198 837
f 2382 3989 2383
f 2383 2180 2382
f 1196 837 1198
f 828 837 1196
f 1196 829 828
f 2371 829 1196
f 3897 4140 3991
f 2384 3132 3031
f 3031 3133 2384
f 3991 3133 3031
f 3296 3988 3898
f 3898 3988 4146
f 1563 1197 1562
f 2181 2380 2381
f 2181 2180 1563
f 2381 2382 2181
f 2181 2382 2180
f 4681 4144 4143
f 4143 4810 4681
f 5290 3899 4681
f 4681 3899 4144
f 3986 3293 5221
f 4812 5352 4810
f 4812 4810 4143
f 839 1199 832
f 832 5221 839
f 3435 5213 3287
f 5213 2559 3287
f 3287 3288 3435
f 1926 2366 5213
f 2367 2366 1926
f 832 1199 833
f 833 5213 832
f 833 1199 2367
f 5221 3293 3137
f 2367 1927 2368
f 1927 2369 2368
f 3131 3289 3436
f 3131 2561 3289
f 3436 3288 3131
f 3131 3288 2561
f 3289 2561 2562
f 2562 2563 3289
f 2562 2368 2369
f 2561 2368 2562
f 830 1199 838
f 830 831 1199
f 838 1197 830
f 1197 831 830
f 2367 831 1552
f 1552 831 2369
f 1177 2168 1517
f 1517 2166 1177
f 1177 1178 2077
f 2077 2168 1177
f 2076 1178 1177
f 1177 2166 2076
f 787 1175 1174
f 1174 797 787
f 2077 797 1180
f 797 2078 1180
f 1176 797 2077
f 1176 2077 796
f 1176 787 797
f 796 785 1176
f 1176 785 786
f 786 1508 1176
f 2352 1508 1904
f 2352 1900 1508
f 3119 2365 3120
f 3120 3286 3119
f 2365 3121 3120
f 3121 3286 3120
f 2546 3278 2354
f 2546 2352 3280
f 2355 2356 1901
f 1513 1514 1901
f 1901 1514 2355
f 1901 1512 1513
f 2355 3277 2547
f 2547 2356 2355
f 2547 3277 3276
f 2547 3276 3275
f 4791 4792 4928
f 4928 4929 4791
f 4928 5341 5467
f 4928 4785 5341
f 4792 4927 4928
f 4927 4785 4928
f 4119 4795 4253
f 4119 4118 4795
f 3425 4118 4119
f 4253 4120 4119
f 4120 3425 4119
f 3125 3124 2363
f 3125 3284 3124
f 3126 3283 3984
f 3126 3127 3283
f 3126 2175 2362
f 2362 3127 3126
f 3984 3284 3126
f 3284 3125 3126
f 2363 2175 3126
f 3126 3125 2363
f 1186 800 5205
f 2176 5205 2362
f 2176 1526 5205
f 2362 2175 2176
f 2175 1526 2176
f 793 794 5200
f 5200 5205 793
f 5205 800 793
f 2359 1902 2358
f 2358 2548 2359
f 2359 2548 3273
f 3428 3272 3273
f 3273 2549 2359
f 3273 3272 2549
f 3275 4123 3427
f 1525 1520 2175
f 2175 2174 1525
f 1173 798 789
f 1173 790 1512
f 789 790 1173
f 1173 791 799
f 1173 1512 792
f 792 791 1173
f 3124 2364 2173
f 2364 2172 2173
f 2173 1525 2174
f 1520 1525 2173
f 2363 3124 2173
f 2173 2174 2363
f 1519 1181 2173
f 3602 2740 3795
f 1932 2739 1931
f 1931 1570 1932
f 1931 2739 5592
f 5592 1570 1931
f 1543 426 1188
f 5211 5048 5049
f 5048 5211 5210
f 1906 1535 1905
f 1187 229 428
f 428 1540 1187
f 1916 1906 1905
f 2732 2552 2926
f 2926 2925 2732
f 2732 1906 2552
f 802 1534 1535
f 801 1534 802
f 418 801 802
f 4396 3802 3601
f 3601 3802 3795
f 3795 2936 3601
f 2741 2936 2740
f 5220 5219 5224
f 5220 5222 5215
f 5224 5222 5220
f 5060 5061 4559
f 5218 5061 5060
f 4559 4397 5060
f 5060 4397 5218
f 849 433 1577
f 1577 1578 849
f 849 1578 1579
f 848 435 1580
f 1580 435 1938
f 421 433 98
f 229 98 234
f 1579 435 234
f 2747 2938 2944
f 5713 389 5710
f 389 5711 5710
f 5709 5711 1463
f 5709 1848 5708
f 1463 1848 5709
f 4545 5045 4933
f 4933 5460 4545
f 5461 5460 4933
f 4925 5461 4933
f 408 809 810
f 809 1529 810
f 810 1529 1528
f 2920 2727 2728
f 2920 3586 5584
f 5584 2727 2920
f 1915 2727 5584
f 2730 2923 2554
f 2554 1911 2730
f 95 403 404
f 404 402 95
f 2730 1911 1910
f 1911 1532 1910
f 807 1532 1531
f 1531 1532 1911
f 3777 4393 4387
f 4546 4387 4393
f 3777 3594 3593
f 3593 3430 3777
f 2730 1910 1909
f 1909 1910 1532
f 3587 2728 2921
f 2921 3588 3587
f 3587 3588 3783
f 3587 3785 3586
f 3586 2920 3587
f 3587 2920 2728
f 2921 2922 3589
f 3589 3588 2921
f 3783 3588 3589
f 3589 3782 3783
f 3589 2922 2923
f 2923 3590 3589
f 3589 3590 3781
f 3781 3782 3589
f 410 807 808
f 411 809 408
f 408 90 411
f 90 410 411
f 808 809 411
f 411 410 808
f 3761 3575 3760
f 3574 3575 3761
f 5038 5044 5184
f 5184 5037 5038
f 777 776 1504
f 5197 5196 5186
f 2723 2721 777
f 777 1897 2723
f 5577 3573 3759
f 3759 3767 5577
f 4368 3767 4373
f 5577 3767 4368
f 4531 5036 4923
f 226 74 81
f 81 1468 226
f 1864 1468 1863
f 1468 1469 1863
f 1863 1469 1470
f 1470 1862 1863
f 4769 4242 4241
f 3094 2518 3240
f 2516 3241 3405
f 5433 5434 5566
f 5433 4913 5434
f 5433 5432 4914
f 5566 5567 5433
f 5567 5432 5433
f 4659 4242 4769
f 4769 4913 4659
f 4913 5433 4659
f 4914 4242 4659
f 4659 5433 4914
f 3234 3893 3088
f 4090 4763 4655
f 4655 3088 4090
f 3088 3893 4090
f 715 1137 1441
f 1441 1440 715
f 1441 1137 1846
f 1846 2311 1441
f 2311 1440 1441
f 4354 5430 5569
f 4510 5430 4354
f 4752 5315 5316
f 5315 5415 5316
f 5316 4649 4752
f 5316 5415 4649
f 5314 4649 5416
f 4649 5415 5416
f 5416 5415 5555
f 5555 5557 5416
f 4234 4760 4757
f 5420 5557 5555
f 5555 4900 5420
f 4235 4079 3947
f 4236 4079 4235
f 4235 3228 4234
f 3947 3228 4235
f 4234 4757 4235
f 4235 4757 4900
f 5558 5319 5419
f 5319 4904 5419
f 5419 5555 5558
f 5419 4900 5555
f 5419 4904 4900
f 4900 4904 4758
f 4236 4235 4758
f 4758 4235 4900
f 4653 4905 4237
f 4237 3946 4653
f 5319 4905 4653
f 4653 4904 5319
f 4653 4758 4904
f 4653 3946 4236
f 4236 4758 4653
f 1810 1403 1817
f 1404 1403 1810
f 674 1407 1123
f 1131 682 1123
f 1123 2141 1131
f 1131 2141 1130
f 1131 1130 2139
f 2139 682 1131
f 1406 1811 1407
f 1407 674 1406
f 3231 3090 3091
f 3091 5167 3231
f 3091 2299 5167
f 2143 2144 2300
f 2144 2299 2300
f 2300 3091 3090
f 2299 3091 2300
f 2143 684 1135
f 1135 684 5167
f 5167 2144 1418
f 1418 1413 5167
f 1418 2144 2143
f 2143 1413 1418
f 677 678 5159
f 5159 5167 677
f 5167 684 677
f 677 684 1399
f 1399 678 677
f 1399 1400 1398
f 1398 678 1399
f 1398 1400 5159
f 5159 678 1398
f 2303 2140 2302
f 2140 2141 2302
f 5324 5425 5323
f 5325 5425 5324
f 5418 4908 5422
f 4504 4908 5418
f 5418 4342 4504
f 4756 4761 4907
f 5011 4756 4907
f 4907 4908 5011
f 3226 3225 2500
f 2500 3225 5159
f 3393 4077 5159
f 5159 3225 3393
f 3393 3226 4077
f 3393 3225 3226
f 1813 1400 1399
f 1399 1814 1813
f 5159 1400 1813
f 1813 1814 5159
f 3085 3394 3226
f 3946 3394 3395
f 4079 3946 3395
f 3396 4079 3395
f 3948 3946 4237
f 3948 3394 3946
f 3948 4237 4078
f 4078 3394 3948
f 4231 4230 4238
f 5159 4077 4231
f 4231 4238 5159
f 4231 4077 4078
f 4078 4230 4231
f 1115 1370 2134
f 2134 2290 1115
f 630 631 1372
f 1372 641 630
f 1361 631 630
f 1114 1361 630
f 630 641 1114
f 1371 1113 1023
f 1113 641 1023
f 1372 1371 1023
f 1023 641 1372
f 2126 2292 2293
f 2293 2125 2126
f 2126 2125 1371
f 2126 2135 2291
f 2291 2292 2126
f 2126 1371 1372
f 1372 2135 2126
f 4647 5318 4759
f 4759 4071 4647
f 5421 5416 5557
f 5557 5420 5421
f 744 745 1156
f 1156 756 744
f 5626 745 744
f 744 5627 5626
f 744 756 5627
f 2158 3109 2347
f 3256 1877 1876
f 758 1163 1032
f 2336 1877 2337
f 2532 2533 2337
f 2337 2533 2336
f 2337 3256 2532
f 2337 1877 3256
f 3280 3281 3429
f 3281 3271 3429
f 3429 3270 3280
f 3429 3271 3270
f 2071 1163 2159
f 3268 3972 3975
f 3975 3972 4115
f 4115 4116 3975
f 3975 4116 4117
f 4117 3976 3975
f 1435 1140 709
f 1436 1435 709
f 709 1140 1841
f 1144 2147 1436
f 1436 719 1144
f 719 2157 1144
f 3237 3096 3026
f 3026 3096 2308
f 3026 3087 3237
f 3026 2308 3087
f 2319 2318 2512
f 2512 2513 2319
f 1841 1840 2319
f 1840 2318 2319
f 2306 2145 2305
f 2145 2138 2305
f 2304 3952 2305
f 2305 2138 2304
f 1125 681 1129
f 1129 1128 1125
f 1129 681 1124
f 1124 1128 1129
f 4082 3398 3944
f 3230 3398 4082
f 4082 3082 3230
f 4082 3397 3082
f 3229 3397 4081
f 4081 4080 3229
f 4234 4080 4081
f 4081 4760 4234
f 2498 1403 2503
f 2295 1403 2498
f 672 1403 1404
f 672 1124 671
f 671 1125 672
f 1125 1403 672
f 2294 1818 1401
f 1401 2125 2294
f 2125 2499 2294
f 3230 1818 2294
f 2294 2499 3230
f 3022 3084 2504
f 2504 2292 3022
f 2504 3084 3230
f 3230 2499 2504
f 2293 2292 2504
f 2504 2499 2293
f 1402 670 1401
f 1403 670 1402
f 1125 680 669
f 669 670 1125
f 669 680 1401
f 1401 670 669
f 1126 1409 2136
f 2136 1127 1126
f 2146 1409 1126
f 1126 1127 2146
f 3093 3242 2514
f 3404 3242 3093
f 4097 4239 3403
f 3403 4239 4770
f 3403 3955 3404
f 3403 3092 4097
f 4770 4911 4240
f 4240 3403 4770
f 3955 3403 4240
f 4240 4911 4771
f 4771 4096 4240
f 4096 3955 4240
f 1138 710 711
f 1138 711 1444
f 1444 1443 1138
f 720 710 1138
f 1138 1146 720
f 4075 3941 3890
f 3890 3941 3219
f 3890 3942 4075
f 3219 3942 3890
f 5413 4755 5313
f 5313 4755 4754
f 5411 5413 5313
f 5313 4754 5411
f 3219 3078 3025
f 3078 2285 3025
f 3025 3079 3219
f 3025 2285 3079
f 636 637 1359
f 1359 1118 636
f 1118 644 636
f 1375 1374 2131
f 1375 1029 1374
f 644 1029 1375
f 1375 1116 1027
f 1375 636 644
f 637 636 1375
f 3380 3381 4064
f 3381 4228 4064
f 5551 5552 5409
f 5409 4898 5551
f 5552 5553 5409
f 5409 5553 5405
f 1784 2278 2279
f 1784 1365 2278
f 1784 2280 1367
f 2279 2280 1784
f 1111 635 634
f 1027 643 634
f 2277 2481 2490
f 2481 3217 2490
f 2490 3217 3214
f 3214 2489 2490
f 2489 2277 2490
f 1363 2281 1785
f 1363 1785 1778
f 1778 1364 1363
f 1112 631 1363
f 1363 633 1112
f 1363 1364 633
f 1026 1370 1115
f 1115 642 1026
f 1121 1370 1026
f 1026 642 1121
f 632 642 1024
f 1112 633 632
f 632 1024 1112
f 632 633 1111
f 3223 3076 3222
f 3939 3223 3222
f 5318 4647 4753
f 4901 4759 4753
f 4759 5318 4753
f 1025 634 643
f 1111 634 1025
f 1121 642 1025
f 1025 632 1111
f 642 632 1025
f 1369 2128 1028
f 643 1116 1028
f 1028 1116 1369
f 2129 2128 1369
f 1369 1116 2129
f 2288 2128 2129
f 2129 2287 2288
f 2286 2287 2129
f 1932 1570 1571
f 106 431 107
f 5592 106 107
f 2927 2738 5468
f 1547 820 422
f 5205 5206 5207
f 5207 5206 5050
f 5207 4677 5205
f 5207 5050 4677
f 4552 4551 5051
f 4551 5206 5051
f 4552 5051 4257
f 3598 426 2735
f 2735 426 1543
f 4398 5058 3799
f 5058 4397 3799
f 5063 5222 5224
f 5063 4566 5222
f 5228 5217 5216
f 5227 5217 5228
f 3603 3607 3797
f 5723 5722 1618
f 136 5721 474
f 5721 923 474
f 927 5720 1653
f 927 923 5720
f 2775 2979 2969
f 2979 2968 2969
f 2775 2969 2776
f 2776 2969 2968
f 3642 489 2780
f 3827 3460 3836
f 3836 3640 3827
f 5259 5258 5250
f 5247 5081 4579
f 5081 4578 4579
f 4578 4417 4579
f 5256 5089 5087
f 5087 5089 4589
f 5087 5254 5256
f 5087 4588 5254
f 4589 4588 5087
f 3839 3838 4589
f 482 167 480
f 167 256 480
f 480 256 938
f 480 1661 482
f 938 1661 480
f 1685 5692 1690
f 158 157 493
f 482 5693 493
f 493 157 482
f 5693 5692 493
f 5692 1685 493
f 2778 2001 2787
f 2787 2979 2778
f 2978 2979 2787
f 2787 2001 939
f 939 481 2787
f 481 2002 2787
f 2787 2002 2786
f 2787 3640 2978
f 2787 2786 3640
f 1986 2001 2775
f 2775 2776 1986
f 1653 1996 1985
f 1996 2001 1985
f 2001 1986 1985
f 1997 481 1660
f 1997 2002 481
f 1660 489 1997
f 1997 489 2002
f 2786 2002 2779
f 2779 2976 2977
f 2977 2786 2779
f 2002 489 2779
f 3642 2976 2779
f 2779 489 3642
f 259 481 168
f 2977 2976 3641
f 3641 2976 3642
f 4590 3835 3641
f 5495 896 468
f 468 467 5495
f 468 896 153
f 153 467 468
f 153 1625 466
f 466 465 153
f 1625 465 466
f 1968 1625 1967
f 1968 1624 1625
f 2951 3621 3813
f 3813 3620 2951
f 3990 4685 4140
f 3990 3989 4139
f 4139 4682 3990
f 4682 4685 3990
f 4140 3897 3990
f 3990 3132 3989
f 4268 4826 4269
f 4269 4151 4268
f 3994 4151 4269
f 4152 3994 4269
f 4269 4825 4152
f 4269 4826 4825
f 4818 4817 4939
f 4939 4826 4818
f 4939 4817 5490
f 5490 4940 4939
f 4940 4826 4939
f 2197 2398 2196
f 4148 4153 4267
f 4274 5236 4267
f 5236 4148 4267
f 4266 4820 4274
f 4274 4267 4266
f 4266 4267 4153
f 3610 4400 3608
f 5231 5071 4569
f 4569 4570 4407
f 5071 4570 4569
f 5593 882 889
f 1961 2756 2755
f 1961 1956 2756
f 1961 2755 5593
f 5593 1956 1961
f 1616 1957 890
f 1962 2756 890
f 890 1957 1962
f 890 882 881
f 890 889 882
f 890 891 1616
f 881 891 890
f 1946 1584 5481
f 454 458 881
f 133 5481 451
f 133 134 5481
f 451 131 133
f 131 134 133
f 5223 5221 5222
f 5222 5062 5223
f 4811 5062 4563
f 5352 4812 4811
f 3995 3448 3303
f 3995 4824 4271
f 3995 3303 4150
f 3995 4150 4270
f 4270 4824 3995
f 5486 5598 5597
f 5355 5486 5597
f 5597 5596 5355
f 4271 4272 4149
f 4820 4266 4821
f 4815 5353 5485
f 4815 5354 4816
f 5485 5354 4815
f 4816 4682 4815
f 5493 5598 5599
f 4941 5597 5598
f 4823 4824 4941
f 4941 4942 4823
f 4941 4824 4270
f 3819 4571 4406
f 3819 3818 4571
f 4406 3820 3819
f 3819 3820 3812
f 5238 5239 5237
f 5237 4687 5238
f 5237 5074 4687
f 2762 2763 3628
f 2588 1968 2762
f 1967 2763 2762
f 2762 1968 1967
f 4415 4414 3821
f 4575 4414 4415
f 4415 3821 5495
f 5495 5494 4415
f 5356 4575 4415
f 4415 5494 5356
f 5075 4414 5074
f 5075 5237 5239
f 5074 5237 5075
f 5075 5239 5240
f 3628 4414 3822
f 4413 3626 3822
f 5078 5230 5244
f 5072 5230 5078
f 4413 4577 4573
f 2959 3626 2761
f 1616 891 880
f 880 2757 1616
f 4977 4713 4879
f 4879 4886 4977
f 4713 4878 4879
f 4878 4886 4879
f 5382 4463 4886
f 1738 5121 1284
f 3176 3175 2458
f 2458 2230 3176
f 3355 3175 3176
f 1284 5121 1283
f 1283 5121 566
f 3638 3837 4426
f 3638 4426 4427
f 2971 3639 3638
f 3639 3837 3638
f 4426 3837 4425
f 4425 3837 5510
f 1604 1605 2197
f 1604 1601 1605
f 2197 2196 1604
f 877 1220 1219
f 1220 1601 1219
f 877 1219 1043
f 1043 1219 1601
f 1211 1952 1597
f 1597 868 1211
f 1208 868 1597
f 1597 1952 2394
f 2394 1953 1597
f 1597 1953 1208
f 1607 1608 1218
f 876 1041 1218
f 1218 1041 877
f 877 1043 1218
f 867 868 1208
f 867 1041 876
f 1208 1041 867
f 2579 1953 2394
f 2580 2188 2579
f 2579 2188 1953
f 2577 2395 3303
f 3303 2578 2577
f 2577 2578 2189
f 2189 1952 2577
f 1598 2395 2577
f 1211 1598 2577
f 2577 1952 1211
f 2199 2082 1610
f 2407 2082 2199
f 2406 2407 2199
f 2199 3144 2406
f 2083 3144 2199
f 2199 1608 2083
f 1599 2395 1598
f 2195 2084 3145
f 3145 2404 2195
f 2083 1608 2195
f 2195 1608 1607
f 2195 2405 2083
f 2195 2404 2405
f 3905 3904 3307
f 4159 3904 3905
f 3308 3145 3307
f 3307 3904 3308
f 3308 3904 4000
f 4000 3309 3308
f 3308 3309 3145
f 4828 4831 4688
f 4688 4158 4828
f 4828 4158 4830
f 5497 4831 4828
f 3146 3998 3999
f 3307 3146 3999
f 3998 4156 3999
f 4156 4158 3999
f 3999 3905 3307
f 3999 4158 4159
f 4159 3905 3999
f 4167 4276 4166
f 3316 4276 4167
f 4166 4276 4281
f 4281 4168 4840
f 4281 4276 3316
f 3316 4168 4281
f 4954 5507 5506
f 5506 4955 4954
f 5602 5603 5506
f 5506 5507 5602
f 5506 5505 4955
f 5506 5603 5604
f 5604 5505 5506
f 3832 5607 3630
f 3832 3833 5607
f 2405 2404 3037
f 2404 3309 3037
f 3144 2405 3037
f 3037 3309 3144
f 3144 3903 4161
f 4160 4691 4161
f 4161 4000 4160
f 4161 3903 4000
f 5500 5359 5499
f 5499 5602 5500
f 5499 5603 5602
f 3851 3650 3850
f 3482 3650 3851
f 3481 3482 3851
f 4607 4604 5098
f 5098 5272 5273
f 5270 5272 5098
f 5098 4604 5270
f 3481 4442 3852
f 3852 3651 3481
f 3853 3651 3852
f 2798 2030 2799
f 2799 2991 2798
f 2799 2800 2989
f 3652 2032 2031
f 5273 5101 5100
f 5100 5098 5273
f 5100 4608 4607
f 4607 5098 5100
f 4609 5100 5101
f 4608 5100 4609
f 3167 3166 2440
f 3332 3166 3167
f 2440 5269 3167
f 5269 3332 3167
f 2056 1003 1270
f 1003 1002 1270
f 1270 1002 1001
f 2211 2622 2210
f 3346 3347 2627
f 2627 3347 2056
f 3501 3346 3502
f 3346 3338 3502
f 3502 3337 3501
f 3338 3337 3502
f 2438 2089 2439
f 2438 2211 2089
f 3346 2627 2438
f 5253 3319 3157
f 3157 2425 5253
f 921 5253 1237
f 5361 4425 5510
f 5510 5362 5361
f 5362 4847 5361
f 4848 5513 5514
f 4175 4847 4845
f 4854 4965 4958
f 5610 4958 5515
f 4958 4965 5515
f 5608 166 490
f 940 485 487
f 485 486 487
f 5510 940 487
f 487 486 5510
f 165 5510 171
f 5510 486 171
f 171 485 165
f 171 486 485
f 484 485 1658
f 485 2784 1658
f 1658 2784 1999
f 5265 5096 4597
f 5096 4596 4597
f 3843 4433 3844
f 5264 5263 5273
f 2788 2986 5608
f 2022 1689 2021
f 3647 3841 4436
f 4436 3841 4438
f 4284 5268 4181
f 4284 4291 5268
f 4283 4854 4958
f 4958 4855 4283
f 4855 4291 4283
f 4291 4284 4283
f 4181 3327 4283
f 4283 4284 4181
f 4959 4855 4958
f 4958 4966 4959
f 5092 4855 4959
f 4959 4966 5092
f 3468 3327 4181
f 3468 3326 3327
f 4181 5268 3468
f 5268 3326 3468
f 183 504 503
f 183 272 504
f 503 502 183
f 183 502 275
f 519 272 520
f 272 175 520
f 503 504 981
f 981 504 980
f 2993 3652 3653
f 1708 512 5697
f 5697 1713 1708
f 5697 5696 522
f 522 1713 5697
f 522 5696 287
f 1690 985 984
f 2980 2795 2996
f 2996 2995 2980
f 969 2981 2019
f 3653 4444 3847
f 3847 4444 3854
f 5102 4602 4611
f 4441 4444 3653
f 5262 5102 5095
f 5095 4602 5262
f 5262 4602 5102
f 2961 2960 2769
f 3630 2960 2961
f 4418 4579 4417
f 934 925 935
f 935 1648 934
f 1647 925 934
f 934 1648 1647
f 154 152 477
f 153 465 151
f 151 152 153
f 2785 2784 2005
f 2005 2784 2000
f 5510 2785 2005
f 2005 2000 5510
f 5654 943 5653
f 967 5652 5653
f 5653 943 967
f 2439 963 2209
f 1679 2094 2217
f 2217 957 1679
f 2431 956 1670
f 963 964 962
f 963 962 1246
f 1670 956 1243
f 1243 956 957
f 2217 1250 2091
f 1250 959 2091
f 959 1243 2091
f 2091 957 2217
f 2091 1243 957
f 1670 1243 958
f 958 1243 959
f 961 1246 960
f 960 958 961
f 961 958 959
f 963 1246 961
f 3470 3328 3471
f 862 5643 5642
f 862 861 5643
f 1591 861 862
f 862 5642 5641
f 862 5641 1591
f 1280 546 1281
f 548 546 1066
f 550 548 1066
f 1066 1280 1731
f 546 1280 1066
f 1319 1071 2110
f 2274 2264 2119
f 2264 1338 2119
f 4038 4202 4718
f 3055 3174 3349
f 2224 2100 2062
f 4878 4885 5535
f 5535 4885 5384
f 535 1003 536
f 1276 1012 536
f 536 1012 535
f 1731 1280 2232
f 2232 1280 1281
f 5113 5285 5112
f 5112 4624 5113
f 5269 5271 4701
f 4701 5271 5097
f 1698 5521 2026
f 975 5521 1698
f 1698 976 975
f 1337 1338 1095
f 1095 1096 1337
f 1337 2119 1338
f 3361 3190 3362
f 3878 3190 3018
f 3018 3361 3065
f 3190 3361 3018
f 3065 3361 3196
f 3196 3361 3362
f 2260 2471 1320
f 4726 4727 4636
f 4726 4725 5302
f 5302 5541 5303
f 5541 5395 5303
f 5303 4726 5302
f 4727 4726 5303
f 5540 5303 5395
f 4887 4888 4735
f 4727 5540 4887
f 5395 4888 4887
f 4887 5540 5395
f 4639 4640 4041
f 4052 3362 3927
f 4052 3196 3362
f 5403 5547 5549
f 5403 5402 5547
f 5549 5408 5403
f 3883 3386 3206
f 3206 3069 3883
f 3387 3386 3215
f 3215 3206 3387
f 3215 3069 3206
f 3215 2480 2274
f 2274 3069 3215
f 1362 631 1361
f 1362 1363 631
f 2282 2478 2480
f 2282 1786 2478
f 311 213 613
f 311 613 1344
f 6 213 311
f 1344 1340 311
f 1340 307 311
f 311 4 6
f 311 307 4
f 2457 3176 2234
f 2234 3176 2230
f 1737 1063 1736
f 562 563 561
f 2244 2245 2112
f 4045 3881 3882
f 3881 3184 3882
f 3921 4045 3882
f 3882 3184 3921
f 3183 3184 3059
f 3058 2245 2244
f 1288 2237 2236
f 2236 1734 1288
f 2237 1288 1289
f 3350 3351 2231
f 3350 3349 3174
f 2453 2231 3053
f 2231 3351 3053
f 3179 3053 3351
f 2236 2237 3179
f 3179 2237 2453
f 2453 3053 3179
f 4212 4220 4213
f 4212 4730 4220
f 4893 5392 4894
f 4893 4894 4729
f 4729 4730 4893
f 4892 4891 5543
f 598 600 1101
f 1088 600 598
f 5393 4216 4888
f 5393 5395 5541
f 5393 4888 5395
f 4040 4047 4636
f 4636 4047 4638
f 4638 4726 4636
f 4725 4726 4638
f 4638 4637 4725
f 4047 4637 4638
f 2245 3058 2246
f 2246 2112 2245
f 5301 4725 4724
f 4725 4637 4724
f 4724 5391 5301
f 4724 4637 5391
f 3881 4637 4046
f 4046 4637 4047
f 3304 2395 2396
f 2396 2576 3304
f 2395 1599 2396
f 2396 1599 1951
f 1978 1631 906
f 905 903 906
f 903 904 906
f 1228 1978 906
f 906 904 1228
f 907 1233 1045
f 1045 1233 905
f 905 906 1045
f 2416 1979 2420
f 2420 2597 2596
f 2596 2416 2420
f 2420 1631 2597
f 2420 1979 1631
f 907 1045 908
f 908 909 907
f 910 909 908
f 1638 910 908
f 4275 4168 4169
f 4282 4168 4275
f 4275 4169 4170
f 4170 4282 4275
f 3148 3317 2597
f 3148 3318 4170
f 2597 3318 3148
f 2421 3154 2087
f 3322 3154 3041
f 3041 3154 2421
f 1226 909 910
f 910 1637 1226
f 2413 2414 2593
f 2413 1636 2414
f 913 914 1048
f 911 914 913
f 1981 1636 1227
f 1636 914 1227
f 1227 1980 1981
f 1048 914 1224
f 1224 914 1636
f 912 914 911
f 1637 1980 912
f 1980 1227 912
f 912 1227 914
f 911 1226 912
f 912 1226 1637
f 2409 2600 2408
f 4693 4835 4836
f 4836 4835 4951
f 4836 4843 4693
f 4836 4951 4843
f 4951 4835 4952
f 4839 4843 4952
f 4843 4951 4952
f 4952 4835 5509
f 4952 5509 5508
f 5508 4953 4952
f 4840 4839 4952
f 4952 4953 4840
f 5501 5360 5509
f 5509 4835 5501
f 5501 4835 5360
f 4162 4003 4155
f 2187 2385 2178
f 2385 2386 2178
f 2178 2177 1569
f 2178 2386 2387
f 2387 2177 2178
f 5282 5281 5110
f 2807 2998 2620
f 2620 2039 2807
f 3000 2807 2619
f 2619 2808 3000
f 977 1695 978
f 978 1695 1694
f 1694 979 978
f 978 979 507
f 507 506 978
f 507 505 184
f 505 176 184
f 184 506 507
f 270 506 184
f 184 176 270
f 273 518 177
f 519 273 177
f 177 518 270
f 270 176 177
f 177 272 519
f 177 505 272
f 177 176 505
f 186 5521 510
f 186 180 5521
f 510 508 186
f 508 180 186
f 977 978 509
f 509 978 506
f 509 508 977
f 990 506 270
f 270 518 990
f 990 518 1704
f 2027 1698 2026
f 3649 2987 5521
f 2988 2987 3649
f 3649 3650 2988
f 2806 2039 2620
f 2806 2998 3656
f 2620 2998 2806
f 3487 3485 3862
f 3487 3862 3656
f 3656 2998 3487
f 271 990 991
f 1702 992 515
f 515 516 1702
f 514 516 515
f 515 5623 514
f 181 180 508
f 508 516 181
f 516 514 181
f 5623 180 181
f 181 514 5623
f 3863 3855 4447
f 4619 5279 5104
f 1082 1740 576
f 576 1302 1082
f 287 1302 576
f 287 288 188
f 188 289 204
f 188 288 289
f 3660 2810 3002
f 2045 2810 2044
f 2045 513 1710
f 2044 513 2045
f 3661 5374 3866
f 5374 3867 3866
f 4625 4454 5288
f 3869 4454 4625
f 3868 3866 3867
f 3868 4454 3869
f 293 202 192
f 285 572 571
f 571 572 5534
f 2635 2827 5534
f 5534 1745 2635
f 5534 572 1300
f 1300 1745 5534
f 3513 2644 2833
f 2833 2644 2645
f 2645 2832 2833
f 4313 4312 4470
f 3682 4312 3683
f 3513 2833 3683
f 3683 2833 3682
f 3683 4312 4313
f 5128 5129 4986
f 5129 5116 5115
f 5115 4986 5129
f 5124 5122 5123
f 5123 4981 5124
f 3921 3183 3182
f 4721 4981 4465
f 5299 4722 4721
f 2115 1299 5122
f 2115 2114 1299
f 1069 563 565
f 565 5122 1069
f 4309 3678 5387
f 3510 2828 5387
f 4310 3680 3679
f 4310 4466 4467
f 4467 3680 4310
f 3679 3678 4310
f 3678 4309 4310
f 4031 5121 3355
f 4210 5121 4031
f 5120 4713 4977
f 5120 5121 4713
f 4977 5119 5120
f 5119 5121 5120
f 5114 5117 4978
f 4467 4466 4982
f 4982 4466 5123
f 5123 5125 4982
f 4984 5125 5126
f 4316 4317 3694
f 4316 4319 4479
f 4481 5392 4480
f 5392 4317 4480
f 4480 4479 4481
f 4480 4316 4479
f 4317 4316 4480
f 4478 4319 3691
f 3691 3370 4478
f 4479 4319 4478
f 5141 4486 4994
f 5139 5141 4994
f 2666 2845 2665
f 2665 1776 2666
f 2665 1350 1776
f 4325 3699 4486
f 5399 4322 5397
f 5305 4322 5399
f 5397 5398 5399
f 5398 5305 5399
f 620 619 615
f 5397 620 615
f 1328 2117 1329
f 1329 1103 1328
f 2117 2263 1329
f 602 1101 600
f 2268 2122 2121
f 4737 4642 4641
f 4993 4738 4737
f 4737 4641 4993
f 4738 4739 4737
f 4739 4642 4737
f 5148 5147 5000
f 5146 5147 5148
f 5148 5008 5146
f 5148 5157 5008
f 5153 5157 5148
f 3208 2487 3209
f 3209 3210 3380
f 2275 1783 2280
f 2275 2280 3211
f 3211 2483 2275
f 1368 1367 1780
f 1367 1783 1780
f 1780 1359 1368
f 1780 1783 1359
f 5154 1373 1120
f 1120 1119 5154
f 1373 2132 1120
f 1118 1119 1120
f 1120 2132 1118
f 3079 2285 2284
f 2284 2132 2283
f 2284 2285 2131
f 2131 2132 2284
f 2284 2283 3080
f 3080 3079 2284
f 1394 343 661
f 344 343 1394
f 1394 52 344
f 1394 1395 1798
f 46 52 1394
f 685 690 5562
f 1765 1106 1764
f 1764 1345 2656
f 1764 2477 1765
f 2657 2841 2475
f 2475 2841 2656
f 3371 2841 3519
f 3690 3370 3518
f 2656 2841 3518
f 2841 3371 3518
f 2843 3370 3372
f 3372 3370 3691
f 4318 3370 3690
f 4318 4478 3370
f 4989 4991 4476
f 5134 5144 5135
f 5135 4989 5134
f 4991 4989 5135
f 4476 4473 4320
f 4320 3686 3520
f 11 10 209
f 313 12 214
f 12 207 214
f 214 14 313
f 15 14 214
f 214 207 15
f 215 611 312
f 312 10 215
f 215 12 611
f 215 10 12
f 218 314 16
f 218 610 314
f 16 310 218
f 310 610 218
f 2474 2658 1762
f 2474 2840 2658
f 1762 2654 2474
f 2474 2654 2840
f 19 20 18
f 18 20 216
f 310 217 18
f 609 1343 310
f 609 1761 1343
f 310 18 609
f 609 608 1108
f 1108 1761 609
f 216 608 609
f 609 18 216
f 5145 5144 5134
f 5145 4998 5144
f 17 303 208
f 988 513 1711
f 1711 513 2044
f 2044 2043 1711
f 276 513 988
f 175 513 276
f 988 520 276
f 276 520 175
f 1741 1304 2637
f 3864 3665 3664
f 3665 3010 3664
f 3664 3009 3864
f 1719 1720 2812
f 2812 3010 2819
f 2812 3664 3010
f 1720 3664 2812
f 530 279 199
f 199 282 530
f 993 1720 530
f 530 282 993
f 5286 5282 5110
f 3726 4345 4501
f 4501 4345 5014
f 4501 4344 3726
f 4501 4502 4344
f 3726 3725 3546
f 3725 3724 3546
f 3547 3548 3726
f 3547 2875 3548
f 3726 3546 3547
f 3547 3546 2875
f 2880 3552 2881
f 5030 5031 5179
f 5179 5180 5030
f 4521 5031 5030
f 5030 4245 4521
f 5181 5175 5182
f 5181 5030 5180
f 5181 5174 5175
f 5181 5180 5174
f 2908 2907 2717
f 71 391 392
f 1466 80 381
f 226 1468 381
f 381 80 226
f 3566 3751 3752
f 2898 2897 3566
f 2897 3751 3566
f 4524 5028 5182
f 5182 5183 4524
f 2689 1827 2506
f 2690 2506 1827
f 694 1419 2690
f 2690 1419 1823
f 1823 1828 2690
f 2690 1828 2510
f 2510 2878 2690
f 2690 2878 2877
f 3549 2688 2689
f 3548 2688 3549
f 5169 4506 5017
f 4500 4506 5012
f 5012 4346 4500
f 4506 5169 5012
f 5012 5162 5013
f 5013 4346 5012
f 5017 5162 5012
f 5012 5169 5017
f 5017 4506 4349
f 3739 3730 3558
f 1397 335 336
f 336 48 1397
f 48 336 5703
f 5703 336 335
f 5703 335 657
f 5703 1387 5704
f 662 1387 5703
f 5703 657 662
f 1383 1796 1384
f 1384 647 1383
f 329 26 328
f 328 26 332
f 332 648 328
f 328 650 329
f 25 26 221
f 1772 1349 1771
f 1349 1357 1771
f 1771 2668 1772
f 1771 1357 2668
f 315 617 316
f 315 219 617
f 23 332 33
f 332 219 33
f 219 315 33
f 33 316 23
f 33 315 316
f 4321 4315 3703
f 1356 2668 618
f 1356 3527 2668
f 3373 3368 2839
f 2839 2853 3373
f 3373 3703 3368
f 3373 2853 3527
f 3527 3703 3373
f 4331 4490 4491
f 4490 5004 4491
f 624 1355 625
f 625 323 624
f 625 1356 618
f 1355 1356 625
f 1386 1793 1382
f 1382 1793 1792
f 1792 1381 1382
f 651 650 1382
f 1382 1381 651
f 1789 1790 2671
f 2671 2670 1789
f 1789 2670 1788
f 1788 1377 1789
f 653 652 1380
f 331 652 653
f 653 326 331
f 331 326 28
f 28 330 331
f 2858 3390 2857
f 2857 2672 2858
f 2858 2672 2859
f 2673 1790 1791
f 2673 2672 1790
f 2673 1791 2674
f 2859 2672 2673
f 2673 2674 2859
f 1839 1828 1823
f 1823 1424 1839
f 1396 1805 1397
f 1397 663 1396
f 658 663 1397
f 3718 3534 3535
f 3718 3719 3534
f 4338 3719 3718
f 5149 5005 5150
f 5149 5002 5005
f 5150 5001 5149
f 5001 5002 5149
f 4337 5005 4497
f 3720 4337 4497
f 4497 4336 3720
f 1386 648 1385
f 1385 1794 1386
f 1385 1384 1796
f 1385 648 647
f 647 1384 1385
f 2491 2676 1807
f 2491 2871 2676
f 1807 2680 2491
f 2491 2680 2871
f 2870 2680 2869
f 2869 3541 2870
f 2679 3534 2869
f 3534 3541 2869
f 3709 4330 3710
f 3709 3529 3392
f 3710 3529 3709
f 4331 4330 3709
f 3392 3390 3709
f 3709 3390 4331
f 2163 2344 2075
f 4786 5040 4536
f 5462 5461 4925
f 5462 5582 5461
f 5455 5582 5581
f 5581 5456 5455
f 5453 5582 5455
f 2346 3110 2161
f 4538 4377 4378
f 5194 5195 5041
f 5195 4538 5041
f 5338 4666 4115
f 5338 5341 4666
f 2897 2896 3565
f 3565 3751 2897
f 3565 2896 5438
f 4521 3752 4363
f 3752 3751 4363
f 4363 4520 4521
f 3750 4362 4363
f 4363 3751 3750
f 1151 1152 5177
f 5177 1449 1151
f 2154 1152 1151
f 1151 1449 2154
f 743 738 5438
f 5438 1471 743
f 1470 738 743
f 743 1471 1470
f 5438 2712 1861
f 1861 1471 5438
f 1861 1862 1470
f 1470 1471 1861
f 82 76 5438
f 387 82 1470
f 76 82 387
f 1470 81 387
f 387 81 74
f 5438 5439 5440
f 5439 5328 5440
f 5440 4362 5438
f 5440 5328 4362
f 4518 5328 4519
f 4362 5328 4518
f 4518 4363 4362
f 4518 4519 4520
f 4520 4363 4518
f 3104 3245 3246
f 3246 3103 3104
f 3104 3103 2322
f 3104 2322 2321
f 2321 3105 3104
f 3104 3105 3244
f 3244 3245 3104
f 2325 2324 3102
f 3963 4100 3962
f 3962 3247 3963
f 3248 3247 3962
f 3962 3961 3248
f 3962 4100 3961
f 1451 2157 1446
f 2149 1451 1446
f 1141 2157 1841
f 1141 710 720
f 720 1146 1141
f 711 710 1141
f 2157 2328 2329
f 2328 3106 2329
f 3250 3959 3251
f 3099 3250 3251
f 3251 3106 3099
f 3251 3959 3252
f 3252 3106 3251
f 4775 5334 4660
f 4660 4101 4775
f 2157 2329 2330
f 3253 3417 3261
f 3967 4247 4106
f 2154 1453 1448
f 1448 1453 2152
f 1845 1136 1442
f 1442 2313 1845
f 4094 4242 4243
f 4243 3957 4094
f 4094 4241 4242
f 4243 4772 4093
f 4093 3957 4243
f 4092 3409 4093
f 4093 4244 4092
f 4767 4244 4093
f 4093 4772 4767
f 2312 2311 1846
f 2312 2519 2311
f 1846 2313 2312
f 2313 2519 2312
f 5576 5575 5577
f 5577 4368 5576
f 5576 4368 5446
f 5576 5451 5575
f 5576 5446 5451
f 3421 3259 3258
f 3258 3259 2533
f 2532 3421 3258
f 3258 2533 2532
f 3969 4250 4103
f 4103 3415 3969
f 3969 3415 3423
f 3969 3423 4104
f 4104 4250 3969
f 5592 4394 5591
f 4394 5475 5591
f 5591 5590 5592
f 5591 5479 5590
f 5591 5475 5479
f 3435 3288 4132
f 4132 5213 3435
f 4132 4261 5213
f 2560 2366 2367
f 2560 2559 2366
f 2561 3288 2560
f 2560 3287 2559
f 3288 3287 2560
f 2367 2368 2560
f 2560 2368 2561
f 3436 3437 4133
f 4806 4937 4263
f 4263 3437 4806
f 4804 4262 4805
f 4805 4938 4804
f 4805 5475 4938
f 5479 5475 4805
f 4937 5479 4805
f 4805 4263 4937
f 4678 4130 4671
f 4671 4802 4678
f 4802 4803 4678
f 4679 4130 4678
f 4678 4138 4679
f 4934 4138 4678
f 4678 4803 4934
f 4136 2565 3291
f 4137 4136 3291
f 3291 3439 4137
f 3291 3128 3439
f 3291 2565 2566
f 2566 3128 3291
f 4258 4136 4137
f 4258 4265 4136
f 4137 4138 4258
f 4138 4265 4258
f 3441 3440 3292
f 2567 2568 3292
f 3292 3440 4138
f 4138 3128 3292
f 3292 2566 2567
f 3292 3128 2566
f 2567 2376 2375
f 825 1558 2375
f 2375 1558 1557
f 2375 2568 2567
f 1929 2372 1924
f 2376 2372 1929
f 1924 2375 1929
f 1929 2375 2376
f 1191 825 824
f 824 835 1191
f 2076 2166 2373
f 2373 1190 2076
f 1557 1558 2373
f 2373 1191 823
f 823 1190 2373
f 2373 825 1191
f 2373 1558 825
f 3118 3441 3130
f 3130 2568 3118
f 3441 3292 3130
f 3130 3292 2568
f 3129 2563 3290
f 3290 3438 3129
f 3289 2563 3129
f 3129 3438 3289
f 2371 2563 2370
f 2370 1928 2371
f 2369 1928 2370
f 2370 2562 2369
f 2563 2562 2370
f 1554 2369 829
f 1554 829 2371
f 3134 3032 3296
f 3989 2382 3134
f 2381 3032 3134
f 3134 2382 2381
f 3296 3898 3134
f 3134 3898 4146
f 4139 3989 3134
f 3134 4146 4139
f 1563 2180 1564
f 1564 1198 1563
f 1564 1196 1198
f 2180 1565 1564
f 1564 1565 1196
f 3297 3897 3991
f 3991 3031 3297
f 3297 3990 3897
f 3297 3031 3132
f 3132 3990 3297
f 3135 3033 3294
f 3136 3294 3033
f 3136 3137 3293
f 3293 3986 3136
f 1563 1562 2182
f 2182 2181 1563
f 2380 2181 2182
f 4810 5352 5483
f 5483 5352 5482
f 5483 5482 5595
f 4141 4142 4143
f 5221 4142 4141
f 4141 3986 5221
f 5213 1549 1921
f 1921 1926 5213
f 1921 1549 2367
f 2367 1926 1921
f 1550 1549 5213
f 5213 833 1550
f 2367 1549 1550
f 1550 833 2367
f 1922 2369 1927
f 1922 1927 2367
f 1179 2168 2077
f 2077 1180 1179
f 1518 2168 1179
f 1179 2171 1518
f 1179 2078 2171
f 1179 1180 2078
f 1515 1900 2354
f 2354 1514 1515
f 1174 1175 1515
f 1515 1514 1174
f 788 1176 1508
f 787 1176 788
f 1175 787 788
f 788 1515 1175
f 3279 3425 3278
f 3278 2546 3279
f 3280 3425 3279
f 3279 2546 3280
f 1900 2352 2353
f 2352 2546 2353
f 2354 1900 2353
f 2353 2546 2354
f 2356 2547 2357
f 2357 1901 2356
f 2357 2547 3275
f 1512 1901 2357
f 3275 2548 2357
f 1902 1512 2357
f 2548 2358 2357
f 2357 2358 1902
f 5466 4928 5467
f 5466 5341 5578
f 5467 5341 5466
f 5578 4929 5466
f 4929 4928 5466
f 1521 1526 2175
f 5205 1526 1521
f 4125 4255 4925
f 3273 3427 4125
f 4925 4790 4125
f 4790 4256 4125
f 4125 4256 4126
f 4126 3428 4125
f 3428 3273 4125
f 3274 2548 3275
f 3275 3427 3274
f 3274 3273 2548
f 3274 3427 3273
f 4124 4123 4255
f 4124 3427 4123
f 4255 4125 4124
f 4124 4125 3427
f 2175 1520 1183
f 1520 2173 1183
f 2080 1184 799
f 2175 1183 2080
f 2080 1183 1184
f 800 1186 2080
f 799 791 1172
f 1172 2080 799
f 792 1510 1172
f 1172 791 792
f 800 2080 1172
f 1172 793 800
f 1510 794 1172
f 794 793 1172
f 1519 2173 1524
f 1524 2173 2172
f 1524 2171 1519
f 1524 2172 2171
f 2079 1181 1182
f 2079 2173 1181
f 1182 798 2079
f 798 1173 2079
f 2079 1173 799
f 799 1184 2079
f 1184 1183 2079
f 2079 1183 2173
f 3804 4394 5592
f 4395 4394 3804
f 3803 4395 3804
f 3795 3803 3804
f 2937 2739 2740
f 2740 3602 2937
f 5592 2739 2937
f 2937 3602 5592
f 231 111 424
f 2935 2743 2744
f 1575 437 1936
f 425 1188 426
f 1543 1188 425
f 5048 5210 5203
f 5203 4547 5048
f 4384 3782 3781
f 3781 4547 4384
f 4384 4547 4548
f 4548 4544 4384
f 4544 3783 4384
f 3783 3782 4384
f 1920 1540 428
f 2734 1916 1540
f 1540 1920 2734
f 2926 2552 2555
f 1916 2734 2555
f 2552 1906 2555
f 1906 1916 2555
f 1905 1534 1538
f 1538 1916 1905
f 1538 5716 421
f 1538 1534 5716
f 1535 1906 1536
f 1536 802 1535
f 2924 2732 2925
f 2925 3593 2924
f 2924 3593 3594
f 5215 4561 5056
f 5056 5220 5215
f 1577 1941 1940
f 1940 1578 1577
f 2748 2747 1940
f 2747 1939 1940
f 1940 1939 1579
f 1579 1578 1940
f 840 434 433
f 433 849 840
f 1579 434 840
f 840 849 1579
f 229 1187 108
f 108 98 229
f 421 98 108
f 99 434 1579
f 1579 234 99
f 99 234 98
f 433 434 99
f 99 98 433
f 428 109 427
f 427 109 426
f 2747 2944 3609
f 2540 2919 2912
f 782 397 781
f 781 397 398
f 398 399 781
f 1889 1167 1501
f 1501 1895 1889
f 2722 1895 780
f 780 781 399
f 399 400 780
f 2918 2919 2722
f 4374 4542 4381
f 1167 1889 1500
f 228 391 71
f 78 228 1473
f 1464 739 1473
f 1463 739 1464
f 1463 5711 734
f 734 739 1463
f 1473 739 734
f 2887 3558 1837
f 2904 2905 2714
f 2714 1869 2713
f 4926 4790 4925
f 4925 4933 4926
f 4926 5045 4790
f 4926 4933 5045
f 1528 1915 1527
f 811 810 1527
f 1527 810 1528
f 5584 811 1527
f 1527 1915 5584
f 1914 1915 1528
f 1914 1913 2728
f 2728 2727 1914
f 2727 1915 1914
f 1914 1529 1913
f 1528 1529 1914
f 1911 2554 2729
f 2729 1912 1911
f 2923 2922 2729
f 2729 2554 2923
f 2729 2922 2921
f 2921 2551 2729
f 2729 2551 1913
f 1913 1912 2729
f 806 1532 807
f 401 402 777
f 1911 1912 1530
f 1530 1531 1911
f 1530 1529 808
f 808 807 1530
f 807 1531 1530
f 1913 1529 1530
f 1530 1912 1913
f 5049 5048 4386
f 4386 4546 5049
f 1537 1909 1533
f 1533 1909 1532
f 1532 806 1533
f 1533 806 805
f 3784 3783 4383
f 3784 3587 3783
f 4383 3785 3784
f 3785 3587 3784
f 89 96 403
f 403 410 89
f 89 410 90
f 89 90 408
f 4371 3761 3760
f 3760 3776 4371
f 4371 4381 4529
f 3776 4381 4371
f 5044 5038 5185
f 775 1504 776
f 404 403 775
f 775 776 404
f 2724 1897 775
f 4539 5195 4924
f 4539 4538 5195
f 4377 4538 4539
f 5186 5184 5198
f 5198 5197 5186
f 5184 5044 5198
f 2721 2723 3581
f 2544 2723 1897
f 2916 2723 2544
f 2544 1897 2724
f 2724 2916 2544
f 4535 5446 4534
f 5446 4368 4534
f 4534 4368 4373
f 4534 4533 4535
f 4373 4533 4534
f 1884 2716 1496
f 1496 1166 1884
f 1885 2717 1884
f 4532 4533 4373
f 4373 3765 4532
f 4532 5188 5039
f 5039 4533 4532
f 4923 5188 4532
f 3758 2716 2907
f 3767 3759 3758
f 3758 3759 3573
f 3573 2716 3758
f 4252 4531 4923
f 4370 4531 4252
f 4923 4532 4252
f 4252 4532 3765
f 4252 3765 2908
f 1864 1863 2710
f 3405 4096 4768
f 4768 4912 5435
f 4768 4096 4771
f 4771 4912 4768
f 4095 2516 3405
f 3406 2516 4095
f 3405 4768 4095
f 4095 4768 5435
f 3407 3240 3406
f 4241 4094 3407
f 3094 3240 3407
f 3407 4094 3094
f 2518 2313 2517
f 2517 3240 2518
f 1843 1138 1443
f 4900 4757 4903
f 4903 5420 4900
f 4903 4757 4760
f 4760 5421 4903
f 4903 5421 5420
f 1404 1810 1405
f 1124 672 1405
f 1405 672 1404
f 1405 1810 1817
f 1817 2295 1405
f 2295 2498 1405
f 1405 2498 2503
f 1405 2503 3229
f 3229 4080 1405
f 4080 3228 1405
f 1405 3228 2296
f 2296 1816 1405
f 1816 1811 1405
f 1811 1406 1405
f 1405 674 1124
f 1405 1406 674
f 673 682 1124
f 1124 674 673
f 1123 682 673
f 673 674 1123
f 1134 1413 2143
f 2143 1135 1134
f 5167 1413 1134
f 1134 1135 5167
f 3028 3088 2303
f 3028 3234 3088
f 3951 4090 3893
f 3893 3234 3951
f 2143 2300 2142
f 5562 4342 5561
f 4342 5418 5561
f 5561 5418 5422
f 5561 5560 5562
f 5422 5560 5561
f 4906 4907 4761
f 4908 4907 4906
f 5422 4908 4906
f 4906 4905 5422
f 4761 4905 4906
f 5159 2298 2495
f 2495 2500 5159
f 2495 2298 3226
f 3226 2500 2495
f 1815 2297 1399
f 1407 2297 1815
f 1123 1407 676
f 1407 1408 676
f 676 1408 1399
f 3226 2496 2501
f 2501 3085 3226
f 3394 3085 3227
f 3227 3395 3394
f 3085 2501 3227
f 3396 3395 3227
f 3227 2501 2496
f 3227 3083 3396
f 2496 2297 3227
f 2502 3083 3227
f 3227 2297 1407
f 1407 2502 3227
f 2127 1370 1121
f 2127 2134 1370
f 3256 1876 2338
f 1875 2338 1876
f 2159 2348 2349
f 2349 2070 2159
f 3117 3108 2349
f 2349 2348 3117
f 3108 3281 2349
f 2350 2160 2349
f 2160 2070 2349
f 3976 3116 3269
f 3269 3975 3976
f 3269 3116 3268
f 3268 3975 3269
f 708 719 1436
f 1436 709 708
f 1841 719 708
f 708 709 1841
f 3953 3892 3235
f 3235 3892 3954
f 3944 4071 4232
f 4232 4082 3944
f 4232 4071 4759
f 1818 1403 1809
f 1403 1402 1809
f 1401 1818 1809
f 1809 1402 1401
f 3404 3093 3243
f 3243 3403 3404
f 3243 3093 2514
f 2514 2320 3243
f 3243 2513 3092
f 3092 3403 3243
f 3243 2319 2513
f 4091 3954 4084
f 3954 3892 4084
f 4764 4091 4084
f 4084 4654 4764
f 4084 3953 4654
f 4084 3892 3953
f 1374 1029 1117
f 1118 2132 1117
f 1117 2132 1374
f 1117 644 1118
f 1117 1029 644
f 1110 1375 1027
f 1027 634 1110
f 1367 637 1110
f 637 1375 1110
f 1110 635 1367
f 1110 634 635
f 4898 5409 4747
f 4899 4746 4747
f 4747 4746 4229
f 4747 5405 4899
f 4747 5409 5405
f 1366 1365 1779
f 1365 1784 1779
f 1367 1366 1779
f 1779 1784 1367
f 3076 2290 3023
f 3023 3222 3076
f 4072 4071 3939
f 4072 4647 4071
f 4072 4753 4647
f 4072 3938 4648
f 4648 4753 4072
f 1122 1028 2128
f 1122 2128 2288
f 1122 1025 643
f 643 1028 1122
f 1121 1025 1122
f 1122 2127 1121
f 2286 2129 2130
f 2130 2129 1116
f 1116 1375 2130
f 2131 2286 2130
f 2130 1375 2131
f 431 1571 844
f 423 111 422
f 423 424 111
f 1189 424 423
f 104 111 231
f 422 111 104
f 105 431 104
f 104 431 422
f 5468 2738 1917
f 5208 4257 5051
f 5208 5206 5201
f 5208 5051 5206
f 4552 4257 3789
f 3789 4257 3433
f 2737 1918 1547
f 2738 2927 2737
f 2737 1917 2738
f 1547 1917 2737
f 3432 2735 2930
f 2930 3597 3432
f 2744 1936 3604
f 3604 1936 437
f 4397 2744 3604
f 3604 3799 4397
f 3612 3809 3444
f 3444 2940 3612
f 5059 4558 5067
f 5216 5059 5067
f 5067 5228 5216
f 3607 3603 2934
f 3797 4558 3798
f 3798 3603 3797
f 3798 4558 4398
f 4398 3799 3798
f 3799 3604 3798
f 3798 3604 3603
f 2952 2955 2951
f 884 1613 118
f 118 239 884
f 455 5719 5723
f 5722 135 463
f 463 1618 5722
f 113 5718 5719
f 441 5718 113
f 136 474 475
f 475 474 923
f 923 927 928
f 928 927 1653
f 476 140 929
f 929 930 476
f 488 489 1660
f 488 259 168
f 2975 3834 3642
f 3642 2780 2975
f 1659 489 936
f 1659 2780 489
f 942 1658 1999
f 942 1999 2004
f 5249 5259 5250
f 3633 2968 3460
f 3460 3827 3633
f 3633 2776 2968
f 4590 4593 5091
f 5091 5259 5260
f 5258 5259 5088
f 5088 5091 4593
f 5259 5091 5088
f 2973 3839 3636
f 5090 5089 5258
f 5090 4592 5089
f 5258 5088 5090
f 4593 4592 5090
f 5090 5088 4593
f 1993 1648 1649
f 1649 1992 1993
f 1649 1648 935
f 1649 935 150
f 1993 1992 2770
f 2769 1994 2770
f 2770 1994 1993
f 2770 2961 2769
f 2962 2961 2770
f 2977 3641 3465
f 3465 3641 3835
f 3465 3640 2977
f 3465 3835 3640
f 4429 3641 3642
f 3642 3834 4429
f 4429 4593 4590
f 4590 3641 4429
f 3834 4592 4429
f 4429 4592 4593
f 246 464 147
f 1990 1991 1651
f 932 478 252
f 2767 4412 4411
f 2403 2196 2398
f 2084 2196 2403
f 2403 2398 2401
f 2401 3038 2403
f 3038 3145 2403
f 3145 2084 2403
f 1953 2188 1954
f 5064 5067 4400
f 5227 5228 5064
f 5228 5067 5064
f 3612 2940 2753
f 2753 2939 3612
f 1583 1946 2753
f 449 129 131
f 450 129 449
f 449 131 451
f 5231 4569 4408
f 1617 1956 5593
f 5593 889 1617
f 889 890 1617
f 2756 1956 1617
f 1617 890 2756
f 453 882 5593
f 458 454 132
f 132 134 131
f 882 453 132
f 881 882 132
f 132 454 881
f 450 449 852
f 5351 4811 4563
f 5351 4563 4404
f 5352 4811 5351
f 4680 5223 5062
f 5221 5223 4680
f 4680 4142 5221
f 4143 4142 4680
f 4680 4812 4143
f 3996 3995 4271
f 3448 3995 3996
f 4271 4149 3996
f 3996 4149 3448
f 5490 5596 5491
f 5596 5597 5491
f 5491 4940 5490
f 4270 4940 5491
f 5491 4941 4270
f 5597 4941 5491
f 4944 4945 4820
f 4820 4821 4944
f 5595 4945 4944
f 4273 4266 4153
f 4273 4821 4266
f 4683 4146 4145
f 4683 3899 5290
f 4145 3899 4683
f 5598 5493 5492
f 5492 5493 4942
f 5492 4941 5598
f 4942 4941 5492
f 3811 2756 2947
f 3818 3819 3811
f 3811 3615 2756
f 3812 3615 3811
f 3811 3819 3812
f 5078 5077 5243
f 5243 5072 5078
f 5243 5077 4412
f 3823 3626 4413
f 4413 4573 3823
f 3823 4573 4412
f 5076 4577 4948
f 5076 4573 4577
f 3626 2959 2958
f 2958 2959 2588
f 2588 2762 2958
f 2958 2762 3628
f 1969 1968 2588
f 2588 2959 1969
f 1969 2959 2761
f 4407 3818 2948
f 2947 2757 2948
f 3817 4569 4407
f 4407 2948 3817
f 3817 2948 3619
f 128 880 891
f 128 891 236
f 127 235 128
f 2229 2230 2458
f 2229 1738 2230
f 2458 5121 2229
f 5121 1738 2229
f 2783 2784 2971
f 2971 2972 2783
f 2004 2784 2783
f 3637 2972 2971
f 2971 3638 3637
f 4427 3838 3637
f 3637 3638 4427
f 4587 4588 4586
f 4586 5361 4587
f 4425 5361 4586
f 4586 4588 4426
f 4426 4425 4586
f 1606 2196 2084
f 1606 1604 2196
f 1601 1604 1606
f 1606 1043 1601
f 1606 2195 1607
f 2084 2195 1606
f 1607 1218 1606
f 1606 1218 1043
f 1039 867 876
f 876 1223 1039
f 1042 1223 876
f 1608 1223 1042
f 876 1218 1042
f 1042 1218 1608
f 1608 2199 1609
f 1609 1223 1608
f 1609 2199 1610
f 1610 1223 1609
f 1040 1223 1610
f 1610 1217 1040
f 1951 1599 1214
f 1214 1592 1951
f 866 1214 1599
f 866 865 1213
f 866 1213 1592
f 1592 1214 866
f 5357 4828 4830
f 5357 4830 5356
f 5357 5496 5497
f 5497 4828 5357
f 5356 5494 5357
f 5357 5494 5496
f 3455 4167 4166
f 4166 3454 3455
f 3316 4167 3455
f 4954 4955 4841
f 4841 4281 4840
f 4840 5507 4841
f 4841 5507 4954
f 4956 4837 5505
f 5503 5605 5606
f 4163 3314 3453
f 2411 920 1634
f 1634 920 1635
f 1635 2411 1634
f 4154 4001 3144
f 3144 4161 4154
f 4154 4691 4689
f 4154 4161 4691
f 4832 4691 4690
f 4832 4690 5291
f 5498 5291 5604
f 5604 5603 5498
f 5603 5499 5498
f 4833 4834 4691
f 4691 4832 4833
f 5359 4834 4833
f 4833 5499 5359
f 3850 4604 4440
f 4440 3851 3850
f 4440 4604 4607
f 3481 3851 4440
f 4440 4442 3481
f 4607 4608 4440
f 4440 4608 4442
f 3480 3651 3853
f 3480 2991 3651
f 2029 2030 1695
f 2029 2799 2030
f 3481 3651 2990
f 2990 2989 3481
f 2990 2799 2989
f 3651 2991 2990
f 2991 2799 2990
f 2797 2030 2798
f 2797 2031 2030
f 2798 2991 2797
f 3652 2031 2797
f 1693 980 1694
f 1694 2030 1693
f 2030 2031 1693
f 4442 4608 4443
f 4608 4609 4443
f 3853 3852 4443
f 4443 3852 4442
f 3333 3046 3166
f 1725 1001 1724
f 1725 1270 1001
f 2220 2627 2056
f 3043 3338 3346
f 3346 2438 3043
f 2626 2627 2622
f 2626 2438 2627
f 2622 2211 2626
f 2211 2438 2626
f 4868 4869 4706
f 4868 4705 5372
f 2217 2094 3164
f 2436 3164 2094
f 1669 2433 2010
f 2010 2433 2605
f 2605 3328 2010
f 2605 3471 3328
f 2206 2425 2205
f 1236 1643 2205
f 2205 1643 2206
f 3156 3157 3319
f 2425 3157 3156
f 3156 2205 2425
f 5253 1643 1238
f 1238 1237 5253
f 4174 4694 4175
f 4175 4173 4174
f 5253 4694 4174
f 4174 4173 5253
f 4004 3319 5253
f 5253 4173 4004
f 4004 3156 3319
f 4846 5361 4847
f 4587 5361 4846
f 4846 5086 4587
f 1050 1644 1645
f 919 917 920
f 919 1643 1236
f 919 1238 1643
f 1237 1238 919
f 919 920 921
f 921 1237 919
f 1645 1644 2088
f 2088 2427 1645
f 5364 5511 4850
f 3322 3321 4006
f 4177 4178 4006
f 4848 5514 4695
f 4695 4845 4848
f 4175 4845 4695
f 3321 3910 3909
f 3909 4006 3321
f 4177 4006 3909
f 3909 4695 5514
f 5362 5513 5363
f 5363 4847 5362
f 5363 4845 4847
f 5363 5513 4848
f 4848 4845 5363
f 5615 5514 5513
f 5615 5513 5610
f 5610 5515 5615
f 491 974 5608
f 5608 490 491
f 941 262 484
f 484 1658 941
f 941 942 262
f 1658 942 941
f 3844 4433 4432
f 4433 4597 4432
f 4431 3844 4432
f 4432 4596 4431
f 4432 4597 4596
f 4967 5264 5273
f 4967 5272 5265
f 5273 5272 4967
f 5608 2016 2023
f 2023 2788 5608
f 4433 4434 4599
f 4438 4602 4601
f 4601 4436 4438
f 4601 4602 5095
f 2793 2022 2021
f 3647 4436 2793
f 2983 3646 3476
f 3476 2792 2983
f 3476 3646 3842
f 3842 2792 3476
f 4433 3843 3842
f 3842 4434 4433
f 3469 4283 3327
f 3469 3328 3470
f 2011 2607 1668
f 2607 1667 1668
f 1242 2011 1668
f 1668 1667 948
f 2610 3326 5268
f 5268 2609 2610
f 3327 3326 2610
f 2610 2608 3327
f 2607 2608 2610
f 2610 2609 2607
f 948 1667 2012
f 2012 1667 2607
f 275 175 174
f 174 183 275
f 174 175 272
f 272 183 174
f 1707 520 988
f 988 1711 1707
f 1707 1711 2043
f 1707 2043 519
f 519 520 1707
f 2032 2033 1699
f 2796 2032 3652
f 3652 2993 2796
f 986 987 274
f 523 1712 996
f 996 188 204
f 995 996 1262
f 1691 984 983
f 1690 984 1691
f 1691 2036 1690
f 2035 2036 1691
f 501 985 500
f 501 984 985
f 501 500 182
f 182 502 501
f 501 502 983
f 983 984 501
f 2804 2996 2795
f 2995 2996 2804
f 2795 2035 2804
f 2035 2034 2804
f 2804 2034 2033
f 970 269 495
f 160 268 495
f 495 269 160
f 3475 3841 3647
f 3647 2982 3475
f 2021 1689 2020
f 1689 1261 2020
f 2790 2019 2981
f 2790 3475 2982
f 2790 2020 2019
f 3840 3841 2790
f 3841 3475 2790
f 3653 3847 3479
f 4612 4611 4602
f 4612 4438 4445
f 4612 4602 4438
f 4445 4444 4612
f 4444 4611 4612
f 5101 5099 4610
f 4610 4609 5101
f 4610 4443 4609
f 4441 4443 4610
f 4610 5099 5102
f 5102 4611 4610
f 4610 4611 4444
f 4444 4441 4610
f 3653 3652 3846
f 3846 4441 3653
f 3853 4443 3846
f 3846 4443 4441
f 3831 4418 4417
f 4417 3833 3831
f 3833 3832 3831
f 5251 5252 4581
f 473 925 154
f 154 477 473
f 473 477 925
f 250 477 152
f 150 935 250
f 250 152 150
f 935 925 250
f 925 477 250
f 897 465 1625
f 1625 1624 897
f 2007 2006 2435
f 2435 2603 2007
f 3906 4285 3473
f 4182 2612 3330
f 3330 4183 4182
f 1250 2209 2090
f 2090 2209 963
f 963 961 2090
f 2439 2089 1677
f 1677 963 2439
f 2089 2211 1677
f 1677 2211 2210
f 1245 964 945
f 1245 2006 2007
f 2007 962 1245
f 1245 962 964
f 965 964 963
f 954 956 1244
f 1244 1669 954
f 957 956 954
f 954 955 957
f 957 955 1253
f 1664 962 2007
f 1664 1246 962
f 960 1246 1664
f 1251 959 1250
f 1251 961 959
f 1250 2090 1251
f 1251 2090 961
f 4962 5518 5519
f 3329 2612 4182
f 4184 3471 3329
f 4182 4287 3329
f 3329 2431 2612
f 1071 545 1079
f 1079 1294 1071
f 545 547 1079
f 2241 2109 2248
f 549 2109 2066
f 1294 1079 549
f 549 1079 547
f 549 548 550
f 549 547 548
f 2111 2110 1071
f 2111 2240 2110
f 4038 4718 4039
f 4039 3350 4038
f 3351 3350 4039
f 3014 3174 3055
f 4712 4885 4878
f 4878 4208 4712
f 4878 5535 5383
f 5534 5382 5383
f 5383 5374 5534
f 5383 4886 4878
f 5383 5382 4886
f 2101 2100 2233
f 2100 2232 2233
f 2233 2232 1281
f 1281 1054 2233
f 1054 2101 2233
f 5374 5383 5375
f 5375 5383 5535
f 5384 5537 5536
f 5536 5537 5378
f 5536 5535 5384
f 5386 5380 4882
f 5378 5537 5379
f 4880 4718 4709
f 5269 4701 4188
f 3065 3196 2472
f 2472 3196 2471
f 2472 2471 2260
f 587 586 1319
f 1319 1318 587
f 2470 1320 2471
f 2471 3196 2470
f 4727 5303 5389
f 5389 5540 4727
f 5303 5540 5389
f 4736 4887 4735
f 4728 4640 4727
f 4727 4887 4728
f 4728 4736 4640
f 4887 4736 4728
f 4048 4041 4640
f 3214 3217 3384
f 3384 2489 3214
f 3384 4067 2489
f 4225 4224 4750
f 4750 5407 4225
f 4750 5408 5407
f 2481 3386 4070
f 1336 3069 2274
f 1336 3883 3069
f 2274 2119 1336
f 2119 1337 1336
f 2480 3215 3216
f 3216 3215 3386
f 3216 2282 2480
f 2481 2281 3216
f 3216 3386 2481
f 1786 2282 3216
f 2281 1363 3216
f 3216 1363 1786
f 1361 1786 1777
f 1777 1362 1361
f 1786 1363 1777
f 1363 1362 1777
f 2230 1738 1285
f 3178 2454 2236
f 2236 4036 3178
f 1737 1736 2105
f 2457 2234 2105
f 2105 2234 1737
f 2456 1736 2235
f 2457 2105 2456
f 2456 2105 1736
f 1299 2114 1072
f 1072 561 563
f 2244 2112 2069
f 2244 3059 3020
f 3020 3059 3184
f 3020 3058 2244
f 3020 3184 3881
f 3881 3058 3020
f 2244 2069 2113
f 2113 1072 2114
f 2242 3059 2244
f 2106 1734 2454
f 2235 1736 1287
f 1734 1065 556
f 556 1288 1734
f 556 557 555
f 1064 556 555
f 1288 556 1064
f 553 1076 1077
f 1077 551 553
f 2116 2247 2248
f 2116 1296 1076
f 2116 555 1297
f 1076 555 2116
f 2116 2246 2247
f 2451 3014 3055
f 2224 3014 2451
f 2100 2224 2451
f 2451 2232 2100
f 1732 2452 2231
f 550 1066 1732
f 1732 1066 1731
f 553 551 554
f 554 1289 1288
f 1288 1064 554
f 550 1732 1282
f 1282 1732 2231
f 2231 2452 3180
f 3180 3350 2231
f 3180 2451 3055
f 2452 2451 3180
f 3055 3349 3180
f 3349 3350 3180
f 4213 4049 4054
f 4054 4212 4213
f 4219 4212 4054
f 4893 4892 5396
f 5392 4893 5396
f 5396 5543 5544
f 5396 4892 5543
f 5544 5545 5396
f 5396 5545 5392
f 3926 4732 4219
f 4891 4892 4731
f 4731 4732 4891
f 4219 4732 4731
f 4731 4212 4219
f 4730 4212 4731
f 4731 4893 4730
f 4731 4892 4893
f 1323 2252 605
f 605 1324 1323
f 1323 1324 2252
f 599 1088 598
f 1325 599 1091
f 1088 599 1325
f 1756 1325 1091
f 4051 3194 2468
f 4217 4734 4733
f 4890 4891 4733
f 4891 4732 4733
f 4216 5393 4889
f 4889 4734 4216
f 4889 5393 5541
f 5541 5539 4889
f 4889 5539 4890
f 4890 4733 4889
f 4889 4733 4734
f 4051 4216 3929
f 4216 4734 3929
f 3929 3194 4051
f 3929 4734 4217
f 4047 4040 3923
f 3186 3923 3187
f 3881 4046 3922
f 3922 4046 4047
f 2191 2396 1951
f 2576 2396 2191
f 1951 2390 2191
f 2390 2576 2191
f 1047 1233 907
f 1047 1640 1233
f 3154 4178 4171
f 1232 901 1231
f 901 1044 1231
f 1641 1231 1044
f 2202 1231 1641
f 2201 1663 1232
f 1232 1231 2201
f 2201 1231 2202
f 2422 3040 2200
f 2200 2086 2422
f 1233 1640 2200
f 1640 2086 2200
f 1631 1979 1230
f 1230 908 1631
f 1230 1979 1638
f 1638 908 1230
f 1631 908 1229
f 1229 908 1045
f 1229 906 1631
f 1229 1045 906
f 4170 4169 3456
f 3456 3148 4170
f 4169 3317 3456
f 3317 3148 3456
f 1234 913 1048
f 2208 2087 3154
f 1639 2087 2208
f 2208 911 1639
f 1240 911 2208
f 2203 3041 2421
f 2421 2087 2203
f 1645 2427 2203
f 2203 1234 1645
f 2203 2087 1639
f 1639 1234 2203
f 1240 909 1046
f 909 1226 1046
f 1046 911 1240
f 1046 1226 911
f 1639 911 1049
f 911 913 1049
f 1049 1234 1639
f 913 1234 1049
f 916 1224 1636
f 2399 2408 2600
f 2600 2417 2399
f 2399 2194 2409
f 2409 2408 2399
f 2417 2193 2399
f 2193 2194 2399
f 4692 4835 4693
f 4693 4162 4692
f 4162 4155 4692
f 4689 4835 4692
f 3310 4003 2400
f 3142 4001 4002
f 4002 3310 3142
f 4001 4154 4002
f 4002 4154 4689
f 4689 4692 4002
f 4002 4692 4155
f 1569 1192 1568
f 1568 2178 1569
f 4615 4451 4614
f 4614 4623 4615
f 5109 5281 5280
f 2809 3001 3659
f 5284 5103 4292
f 4292 5103 4618
f 4618 3862 4292
f 3862 3485 4292
f 2999 2807 3000
f 2998 2807 2999
f 3485 3487 2999
f 2999 3487 2998
f 1704 518 1705
f 506 178 185
f 185 509 506
f 185 178 508
f 508 509 185
f 2801 2027 2026
f 2801 2987 2988
f 2801 2988 2989
f 2989 2800 2801
f 976 1698 1697
f 1698 2027 1697
f 977 976 1697
f 2028 1697 2027
f 2028 2801 2800
f 2027 2801 2028
f 2028 2029 1695
f 2800 2799 2028
f 2799 2029 2028
f 3650 3649 3848
f 3849 3850 3848
f 3850 3650 3848
f 3848 5521 3849
f 3848 3649 5521
f 179 516 178
f 990 271 179
f 179 178 506
f 506 990 179
f 1703 1702 991
f 2039 1702 1703
f 1703 990 1704
f 991 990 1703
f 2039 2806 2038
f 2038 1702 2039
f 3656 3855 3856
f 3855 3863 3856
f 3856 3863 5623
f 4620 4447 4619
f 21 19 205
f 205 22 21
f 205 295 22
f 205 579 295
f 2837 2821 2642
f 1740 288 567
f 567 576 1740
f 567 288 287
f 287 576 567
f 3857 3660 3483
f 3660 3002 3483
f 3483 3872 3857
f 3488 3872 3483
f 3012 3488 3483
f 3483 3002 3012
f 278 996 204
f 523 996 278
f 189 278 204
f 2819 1712 2049
f 2049 2812 2819
f 1719 2812 2049
f 5285 5113 4633
f 4454 3868 4453
f 4452 4624 4453
f 4453 3867 4452
f 4453 3868 3867
f 4453 4624 5112
f 5112 4454 4453
f 3661 3866 3662
f 3866 3868 3662
f 3662 3868 3869
f 285 526 193
f 526 525 193
f 292 293 192
f 2052 5374 2818
f 286 284 285
f 285 571 286
f 5534 284 286
f 286 571 5534
f 4462 5115 4308
f 4986 5115 4462
f 3669 3506 3509
f 3669 4314 4302
f 3669 3509 2822
f 2822 3356 3669
f 2644 1317 1086
f 1317 577 1086
f 1086 577 1309
f 13 1317 304
f 13 577 1317
f 304 207 13
f 13 207 12
f 13 10 11
f 12 10 13
f 5127 5128 4983
f 4313 4470 4983
f 4983 4986 4313
f 5128 4986 4983
f 4469 4312 3682
f 4469 4470 4312
f 4468 4984 4469
f 3682 4311 4469
f 4469 4311 4468
f 3920 3182 5122
f 3921 3182 3920
f 3061 2242 2243
f 2243 5122 3061
f 5298 4721 4465
f 5298 4309 5387
f 5298 5387 5299
f 5299 4721 5298
f 4634 5124 4981
f 5122 5124 4634
f 4634 4043 5122
f 4044 4043 4634
f 4722 4044 4634
f 1290 1072 563
f 1299 1072 1290
f 5122 1299 1290
f 7 5 299
f 1752 583 1087
f 4465 4466 4464
f 4464 5298 4465
f 4309 5298 4464
f 4466 4310 4464
f 4464 4310 4309
f 5387 3678 3677
f 3677 3510 5387
f 3677 3678 3679
f 2828 3510 2829
f 2829 2649 2828
f 2829 2648 2649
f 5119 4979 5118
f 5118 4979 4459
f 5118 5125 5119
f 5117 5125 5118
f 3355 3176 4032
f 4032 4031 3355
f 4032 3354 4033
f 3176 3354 4032
f 3693 3694 5546
f 5546 3516 3693
f 2844 2652 2653
f 2653 2652 1766
f 1766 1340 2653
f 2653 1340 1344
f 2846 3522 3523
f 2845 3522 2846
f 2846 2665 2845
f 1775 1768 1350
f 1350 2665 1775
f 1775 2665 2664
f 1350 1768 1351
f 621 619 1351
f 1351 619 1350
f 3376 3699 3524
f 2847 3377 3376
f 3523 3377 2847
f 2847 2846 3523
f 2664 2665 2847
f 2665 2846 2847
f 3698 3697 4324
f 3523 3697 3698
f 3698 3377 3523
f 3698 4486 3376
f 3376 3377 3698
f 322 321 5397
f 5397 615 322
f 616 615 619
f 616 619 621
f 324 32 31
f 31 37 324
f 655 325 324
f 324 325 32
f 2262 2263 2265
f 2262 1329 2263
f 604 602 605
f 1103 602 604
f 604 605 606
f 606 1105 604
f 1105 1103 604
f 603 1324 605
f 605 602 603
f 1329 2262 1330
f 1103 1329 1330
f 5308 4741 4627
f 5308 5306 5401
f 5308 4627 5306
f 3886 4627 4061
f 2120 1100 1333
f 1334 1099 2120
f 3070 3072 3203
f 3883 1336 3074
f 5307 5403 5310
f 4055 3936 3935
f 2267 3068 3071
f 3071 2268 2267
f 3071 3068 3886
f 3203 3072 3071
f 2267 2268 1331
f 1101 1330 1331
f 2121 1101 1331
f 1331 2268 2121
f 2122 2268 2269
f 2269 1333 2122
f 2269 3071 3072
f 2268 3071 2269
f 3072 3070 2269
f 4493 5000 4494
f 4493 5148 5000
f 4494 4328 4493
f 2483 3210 2485
f 3210 3209 2485
f 2485 3209 2487
f 3536 3718 3535
f 4496 4339 4499
f 666 1394 661
f 1395 1394 666
f 666 661 5410
f 5410 1395 666
f 46 1394 44
f 1798 2684 1799
f 1799 1394 1798
f 1800 1394 1799
f 5562 346 345
f 345 685 5562
f 2686 1423 690
f 690 685 2686
f 2686 2685 1824
f 3544 2872 2686
f 2872 2685 2686
f 312 1345 612
f 1345 1764 612
f 613 213 612
f 612 1106 613
f 612 1764 1106
f 2842 1764 2656
f 2656 3518 2842
f 2842 3518 3370
f 2842 3370 2843
f 2843 2477 2842
f 2477 1764 2842
f 1763 1346 2657
f 2657 2475 1763
f 2656 1345 1763
f 1763 2475 2656
f 3519 3686 3689
f 3689 3371 3519
f 3689 4320 4473
f 3686 4320 3689
f 3689 4318 3690
f 4473 4318 3689
f 3690 3518 3689
f 3689 3518 3371
f 4479 4478 4987
f 5137 5132 4987
f 5132 4479 4987
f 4473 4991 4477
f 4477 4318 4473
f 4478 4318 4477
f 4477 4987 4478
f 5142 5137 5136
f 5136 5135 5142
f 5137 4987 5136
f 4991 5135 5136
f 11 209 298
f 1309 577 298
f 298 583 1309
f 298 9 583
f 209 9 298
f 212 10 312
f 212 209 10
f 4474 4315 4321
f 5144 4998 4995
f 4998 4327 4995
f 4321 3703 3702
f 3374 3526 3702
f 3702 3526 4327
f 3702 3527 3374
f 3702 3703 3527
f 4457 4623 4614
f 4614 4451 4457
f 4457 4451 3857
f 3857 3872 4457
f 1304 1741 1083
f 2823 2637 3509
f 3509 3506 2823
f 291 292 192
f 2813 3664 1720
f 3009 3664 2813
f 191 199 279
f 192 202 191
f 282 199 524
f 524 993 282
f 1720 993 1264
f 2048 2813 1264
f 1264 2813 1720
f 4622 5286 5110
f 5110 4456 4622
f 4455 5286 4622
f 5288 5284 5289
f 5015 4501 5014
f 5015 5164 5165
f 5015 5014 5164
f 5165 4502 5015
f 4502 4501 5015
f 5168 5018 4505
f 3733 3731 3732
f 3552 3731 3733
f 3733 2881 3552
f 5182 5028 5029
f 5029 5181 5182
f 5028 4523 5029
f 5030 5181 5029
f 1498 1170 769
f 1885 1884 1497
f 1497 1884 1166
f 1886 2718 2539
f 1886 1170 1498
f 1498 2718 1886
f 1886 2717 1885
f 2539 2717 1886
f 1885 1497 1886
f 1886 1497 1170
f 4530 4531 4370
f 5186 5036 4530
f 5036 4531 4530
f 4530 5037 5186
f 227 71 393
f 71 392 393
f 393 2719 3574
f 3574 2718 393
f 393 2718 1498
f 1498 394 393
f 394 73 393
f 393 73 227
f 763 391 770
f 763 392 391
f 770 393 763
f 763 393 392
f 1867 1465 1466
f 227 1466 378
f 1473 228 378
f 72 80 227
f 227 73 72
f 226 80 72
f 72 73 226
f 736 1468 741
f 741 1466 736
f 2709 2708 1864
f 1864 2710 2709
f 1864 2708 1865
f 1865 1468 1864
f 4364 3753 4245
f 3570 2903 2902
f 2902 3567 3570
f 4512 5173 5023
f 5024 5173 4512
f 2689 2506 2876
f 2876 3549 2689
f 3551 3549 2876
f 2876 2690 2877
f 2506 2690 2876
f 693 2690 1420
f 1420 2688 693
f 689 694 2505
f 694 2690 2505
f 1397 39 2505
f 2505 41 1397
f 2505 352 41
f 2505 2690 693
f 1397 41 40
f 40 49 1397
f 40 41 1390
f 1390 49 40
f 4500 4346 3729
f 3729 3549 3551
f 4347 3730 3739
f 4500 3729 4347
f 4347 3729 3730
f 3548 3549 3727
f 3726 3548 3727
f 3727 4345 3726
f 5013 4345 3727
f 38 48 5705
f 48 5703 5705
f 5705 39 38
f 5705 5706 689
f 650 328 649
f 1386 1382 649
f 649 1382 650
f 649 648 1386
f 649 328 648
f 26 25 220
f 332 26 220
f 221 323 34
f 34 25 221
f 34 220 25
f 3688 3703 4315
f 3688 3687 3521
f 3688 4315 3687
f 3521 3368 3688
f 3368 3703 3688
f 3527 1356 2667
f 5153 4491 5152
f 5152 4491 5004
f 5158 5153 5152
f 5152 5155 5158
f 5151 5155 5152
f 5152 5003 5151
f 5004 5003 5152
f 4492 4330 4331
f 4331 4491 4492
f 4492 4493 4330
f 5148 4493 4492
f 654 1377 655
f 655 324 654
f 326 653 654
f 1378 1789 1377
f 1377 654 1378
f 1380 1790 1379
f 1379 653 1380
f 1790 1789 1379
f 1789 1378 1379
f 1379 654 653
f 1379 1378 654
f 35 330 27
f 330 28 27
f 3530 2858 2859
f 3390 2858 3530
f 2859 3391 3530
f 3530 3391 3707
f 2877 2878 2888
f 63 5707 53
f 63 355 5707
f 53 357 63
f 1389 1396 663
f 1389 658 1390
f 663 658 1389
f 1390 1803 1389
f 1805 1396 1389
f 337 658 1397
f 1390 658 337
f 2861 3531 2675
f 5001 3704 4488
f 3704 4334 4488
f 4488 5002 5001
f 3721 4336 3706
f 4336 4497 3706
f 5005 5002 5156
f 5156 4497 5005
f 5002 4497 5156
f 2677 1794 1795
f 1794 1385 1795
f 1795 1796 2677
f 1795 1385 1796
f 2492 1805 2679
f 2679 2869 2492
f 2492 2680 1805
f 2492 2869 2680
f 4340 4495 5008
f 4341 4495 4340
f 4340 3713 4341
f 1157 760 752
f 752 1474 1157
f 752 753 1474
f 1476 753 752
f 752 760 1476
f 1034 751 1476
f 1476 760 1034
f 760 1159 1034
f 4108 4109 3970
f 4108 3970 5193
f 3970 4109 3263
f 3262 3970 3263
f 3263 3115 3262
f 3114 3115 3263
f 5453 4669 5336
f 4669 4786 5336
f 5336 4536 4380
f 5336 4786 4536
f 5192 5041 5040
f 5193 5194 5192
f 5194 5041 5192
f 408 92 91
f 91 92 5584
f 409 811 5584
f 5584 92 409
f 409 92 408
f 408 810 409
f 409 810 811
f 4932 5462 4925
f 5581 5582 5463
f 5582 5462 5463
f 5462 4932 5463
f 4123 4794 5463
f 5463 4794 4931
f 4931 5464 5463
f 5580 5581 5463
f 5463 5464 5580
f 4787 4669 5453
f 4115 3972 3267
f 3972 3110 3267
f 4114 3267 3974
f 3974 4113 4114
f 4114 4113 4784
f 2073 2346 2161
f 3112 2346 2345
f 5339 5340 4784
f 5339 5456 5457
f 5457 5340 5339
f 5458 5459 5341
f 5341 5338 5458
f 5578 5459 5458
f 5458 4929 5578
f 5579 4929 5458
f 5458 5457 5579
f 4667 5338 4115
f 4667 4114 4784
f 4784 5340 4667
f 4115 3267 4667
f 3267 4114 4667
f 4667 5458 5338
f 4667 5340 5457
f 5457 5458 4667
f 3750 3751 3749
f 3751 3565 3749
f 5438 3750 3749
f 3749 3565 5438
f 1470 82 385
f 385 82 5438
f 1496 2716 1883
f 1883 1495 1496
f 5577 1495 1883
f 1165 1497 396
f 1138 1843 2150
f 2150 2327 2149
f 2149 1446 2150
f 3102 3248 3101
f 3101 2325 3102
f 3101 3248 3100
f 3100 2325 3101
f 1145 1446 2157
f 1145 1141 1146
f 2157 1141 1145
f 1145 2150 1446
f 1146 1138 1145
f 1138 2150 1145
f 1437 1142 711
f 711 1141 1437
f 1842 1142 1437
f 2320 1842 1437
f 1437 3243 2320
f 2319 3243 1437
f 1841 2319 1437
f 1437 1141 1841
f 4101 4660 3958
f 3252 3959 3958
f 3959 4101 3958
f 3958 4660 4246
f 4783 4660 5334
f 4246 4660 4783
f 4918 4247 4783
f 4247 4246 4783
f 2147 2330 2331
f 3107 3106 3252
f 3107 2329 3106
f 2148 2330 2147
f 2157 2330 2148
f 3253 3261 3098
f 2528 2330 3098
f 3098 3261 2528
f 3098 3252 3253
f 3098 3107 3252
f 3098 2330 2329
f 2329 3107 3098
f 4107 3417 3252
f 3252 3958 4107
f 4107 3958 4246
f 1484 2147 1872
f 2147 2339 1872
f 1872 1873 1484
f 1484 1873 1483
f 2340 1872 2339
f 1873 1872 2340
f 3419 3967 4106
f 4106 3420 3419
f 3419 3420 3256
f 3256 3257 3419
f 1149 1150 2154
f 2154 1448 1149
f 2152 1150 1149
f 1149 1448 2152
f 3957 4093 3400
f 3409 3401 3400
f 3400 4093 3409
f 4131 4262 4261
f 4131 4805 4262
f 4261 4132 4131
f 4131 4132 3288
f 4131 3288 3436
f 3436 4133 4131
f 4263 4805 4131
f 835 824 1193
f 825 2375 1193
f 1193 824 825
f 1192 835 1193
f 2179 2180 2383
f 2179 1565 2180
f 1566 1193 1194
f 1196 1565 1195
f 1195 1566 1194
f 1565 1566 1195
f 2569 2373 2166
f 2569 2166 2361
f 2361 2568 2569
f 1923 1928 2369
f 2371 1928 1923
f 3135 3294 3295
f 3295 3294 3899
f 3295 3899 3988
f 3295 3296 3135
f 3295 3988 3296
f 4144 3899 3900
f 3899 3294 3900
f 3294 3136 3987
f 3987 3900 3294
f 3987 3136 3986
f 4143 4144 3987
f 4144 3900 3987
f 3987 4141 4143
f 3986 4141 3987
f 1560 2183 1561
f 1561 1562 1197
f 1561 2182 1562
f 2183 2182 1561
f 2184 2183 1560
f 2183 2184 2378
f 3137 3136 2378
f 4813 4681 4810
f 4810 5483 4813
f 5290 4681 4813
f 4813 5483 5290
f 1201 839 5221
f 5221 1559 1201
f 1199 839 1201
f 1201 1560 1199
f 1201 1559 1560
f 1551 1552 2369
f 2369 1922 1551
f 2367 1552 1551
f 1551 1922 2367
f 1900 1515 1516
f 1515 788 1516
f 1508 1900 1516
f 1516 788 1508
f 1185 1521 2175
f 2175 2080 1185
f 1185 2080 1186
f 1185 1186 5205
f 5205 1521 1185
f 4254 4794 4123
f 4123 4122 4254
f 4254 4122 4121
f 4121 4122 3426
f 3426 3277 4121
f 3276 3277 3426
f 3426 4122 4123
f 3275 3276 3426
f 3426 4123 3275
f 5592 3602 3796
f 3796 3804 5592
f 3796 3602 3795
f 3795 3804 3796
f 4390 4257 4553
f 4553 4554 4390
f 105 104 232
f 232 104 231
f 232 231 102
f 846 1571 431
f 3605 2935 2744
f 3605 4397 3800
f 3605 2744 4397
f 2743 2935 2742
f 4396 3601 2742
f 2742 3601 2936
f 2936 2741 2742
f 230 233 102
f 426 109 230
f 848 437 841
f 437 436 841
f 841 435 848
f 841 436 435
f 819 424 1544
f 819 1544 1543
f 110 425 426
f 110 230 102
f 426 230 110
f 102 231 110
f 231 424 110
f 424 425 110
f 3794 4393 3777
f 3777 3430 3794
f 3430 3600 3794
f 5212 5211 5049
f 5049 5055 5212
f 5049 4546 5204
f 5204 5055 5049
f 4546 5055 5204
f 4556 5055 4546
f 4548 4547 5047
f 4547 5203 5047
f 5047 4544 4548
f 5047 5201 4544
f 428 818 1541
f 1541 1920 428
f 2932 3600 3430
f 2932 2734 3600
f 3430 3593 2932
f 2932 3593 2925
f 2932 2925 2926
f 3600 2734 2556
f 2556 2734 1920
f 1906 2732 1907
f 1907 1536 1906
f 416 399 83
f 83 84 416
f 3592 2924 3594
f 5220 5056 4560
f 5219 5220 4560
f 4560 4561 4396
f 4560 5056 4561
f 4560 5061 5219
f 4560 4396 4559
f 4559 5061 4560
f 817 1538 421
f 815 818 428
f 428 427 815
f 426 818 815
f 815 427 426
f 3797 3607 3805
f 3607 2747 3805
f 2747 3609 3805
f 3805 3609 3806
f 2945 2938 2748
f 2748 2570 2945
f 2945 2944 2938
f 1585 1941 1577
f 5717 5718 860
f 860 5718 441
f 1941 1585 1944
f 1944 1940 1941
f 2748 1940 1944
f 1944 2570 2748
f 2944 1587 2943
f 2943 3609 2944
f 2919 2540 2542
f 2542 1895 2722
f 2722 2919 2542
f 2542 1889 1895
f 2540 1889 2542
f 782 781 1506
f 1506 1501 782
f 781 780 1506
f 779 780 400
f 1505 780 779
f 400 401 779
f 3585 2918 2722
f 3776 2918 3585
f 2722 2543 3585
f 2720 1889 2540
f 2720 2540 2912
f 1168 1500 391
f 391 228 1168
f 1168 228 69
f 79 228 70
f 70 228 71
f 70 227 79
f 70 71 227
f 770 391 1169
f 391 1887 1169
f 2719 1887 2538
f 1887 2720 2538
f 69 228 68
f 228 78 68
f 389 69 68
f 68 5711 389
f 68 78 5711
f 1869 2714 1870
f 1473 1869 1870
f 1870 1464 1473
f 1463 1464 1870
f 377 78 1473
f 5711 78 377
f 3550 3558 3730
f 2877 2888 3550
f 3550 2888 1837
f 3550 2876 2877
f 3551 2876 3550
f 3550 3729 3551
f 3730 3729 3550
f 3739 3558 3557
f 3557 3558 2887
f 2887 2886 3557
f 357 358 703
f 703 358 702
f 778 401 777
f 777 2721 778
f 1505 779 778
f 778 779 401
f 94 400 399
f 94 401 400
f 4546 4386 3778
f 3778 3594 3777
f 3777 4387 3778
f 4387 4546 3778
f 2721 2543 1896
f 1896 778 2721
f 1896 2543 2722
f 2722 780 1896
f 2917 2543 2721
f 2917 3585 2543
f 87 88 410
f 403 95 87
f 87 410 403
f 414 88 87
f 87 402 414
f 87 95 402
f 415 88 414
f 414 806 415
f 415 806 807
f 807 410 415
f 410 88 415
f 2725 2726 2913
f 1899 2726 2725
f 2913 3579 2725
f 5044 5185 5199
f 3574 3761 3762
f 3761 4372 3762
f 3762 2718 3574
f 4528 5185 5038
f 5038 4372 4528
f 4528 5199 5185
f 4528 4371 4529
f 3761 4371 4528
f 4528 4372 3761
f 1892 775 1897
f 1504 775 1892
f 1892 1897 777
f 777 1504 1892
f 403 96 406
f 406 775 403
f 2916 3582 3583
f 3583 2723 2916
f 2915 2916 2724
f 2915 3582 2916
f 5196 5197 5042
f 5197 4540 5042
f 5042 4540 4539
f 4924 5196 5042
f 5042 4539 4924
f 3772 2915 4377
f 3582 2915 3772
f 3773 3583 3772
f 3772 3583 3582
f 4541 4540 5197
f 5197 5198 4541
f 3774 4542 4374
f 2907 2716 2541
f 2716 1884 2541
f 2541 2717 2907
f 2541 1884 2717
f 3572 3758 2907
f 3765 3758 3572
f 3572 2907 2908
f 2908 3765 3572
f 3766 3765 4373
f 3766 3758 3765
f 4373 3767 3766
f 3767 3758 3766
f 1468 81 383
f 383 81 1470
f 1470 1469 742
f 742 737 1470
f 742 1469 1468
f 1468 737 742
f 2711 1863 1862
f 2711 2710 1863
f 2712 2897 2711
f 2711 2897 2898
f 2898 2710 2711
f 2711 1861 2712
f 1862 1861 2711
f 4909 4095 5435
f 4241 4095 4909
f 5435 5434 4909
f 5434 4913 4909
f 4909 4913 4769
f 4769 4241 4909
f 3956 3407 3406
f 4241 3407 3956
f 3406 4095 3956
f 3956 4095 4241
f 3406 3240 3095
f 3240 2517 3095
f 3095 2516 3406
f 3095 2517 2516
f 2315 1843 1443
f 2315 1443 3241
f 3241 2516 2315
f 713 1442 1136
f 3748 4354 5569
f 5569 5423 61
f 3234 3028 3089
f 2303 2302 3089
f 3089 3028 2303
f 5323 4763 4766
f 4766 5324 5323
f 2301 2302 2141
f 2141 2142 2301
f 2301 3089 2302
f 2301 2300 3090
f 2301 2142 2300
f 2143 2142 1417
f 1417 2142 2141
f 1399 1408 1812
f 1812 1815 1399
f 1812 1408 1407
f 1407 1815 1812
f 675 683 1123
f 1123 676 675
f 1399 683 675
f 675 676 1399
f 2290 2134 2289
f 2134 2127 2289
f 2289 1122 2288
f 2127 1122 2289
f 5421 5556 5317
f 5317 4753 4648
f 5314 5416 5317
f 5317 4648 5314
f 2347 1163 2074
f 1163 1491 2074
f 2074 2158 2347
f 2074 1491 2158
f 2531 3257 3256
f 3256 2338 2531
f 2530 3257 2531
f 2531 2338 2530
f 3260 3257 2530
f 1479 1875 1876
f 1479 1478 1875
f 2161 3110 1161
f 1161 3110 3972
f 3972 3109 1161
f 3109 2158 1161
f 2158 1491 1161
f 758 1033 1161
f 1480 1481 751
f 1480 1877 1481
f 1033 1479 1480
f 1480 1876 1877
f 1480 1479 1876
f 2350 2349 2550
f 2550 2349 3281
f 2550 3281 3280
f 3280 2352 2550
f 2159 2070 1490
f 1490 1489 2159
f 1490 2070 2160
f 1490 2160 1156
f 1156 1489 1490
f 1164 2071 2159
f 2159 1489 1164
f 757 2071 1164
f 1156 757 1164
f 1164 1489 1156
f 2306 2305 3086
f 3086 2305 3952
f 3952 3953 3086
f 3953 3235 3086
f 4233 4232 4759
f 4760 4081 4233
f 4082 4232 4233
f 4221 4064 4228
f 4221 4228 4898
f 4898 4747 4221
f 4221 4747 4229
f 3888 3222 3938
f 3938 4072 3888
f 3939 3222 3888
f 3888 4072 3939
f 430 107 431
f 5592 107 430
f 845 1571 1570
f 845 844 1571
f 845 1570 5592
f 5592 844 845
f 5468 821 812
f 821 1547 812
f 812 1547 422
f 112 422 106
f 112 419 422
f 112 106 5468
f 5468 419 112
f 4388 3787 5468
f 5468 5348 4388
f 3595 2927 5468
f 3595 2737 2927
f 422 820 813
f 813 423 422
f 1548 1547 821
f 1548 1917 1547
f 1548 821 5468
f 5468 1917 1548
f 3434 3789 3433
f 820 1547 1546
f 1547 1918 1546
f 2929 2736 2928
f 2929 3434 3433
f 2928 3434 2929
f 3433 3597 2929
f 3597 2930 2929
f 2929 2930 2736
f 1918 2736 1545
f 1545 1546 1918
f 820 1546 1545
f 1545 424 1189
f 1544 424 1545
f 1545 813 820
f 1189 423 1545
f 423 813 1545
f 3787 4388 3788
f 2558 2737 2928
f 1918 2737 2558
f 2928 2736 2558
f 2558 2736 1918
f 1543 1544 1919
f 1919 2735 1543
f 1544 1545 1919
f 1919 1545 2736
f 1937 3604 437
f 1937 1580 1938
f 2573 2753 2940
f 1947 2753 2573
f 4400 5067 4565
f 3806 4400 4565
f 4565 5067 4558
f 4565 4558 3797
f 2760 1965 2583
f 2583 2952 2760
f 2760 2952 2951
f 118 1613 2760
f 2951 3620 2760
f 2760 885 118
f 1613 1618 1960
f 1960 2760 1613
f 1965 2760 1960
f 116 239 118
f 115 113 116
f 117 116 118
f 115 116 117
f 879 884 239
f 879 455 5723
f 462 895 139
f 139 138 140
f 5719 455 114
f 114 113 5719
f 114 116 113
f 239 116 114
f 253 475 923
f 923 928 253
f 136 475 253
f 253 138 136
f 140 138 253
f 253 928 140
f 140 928 1655
f 1655 929 140
f 259 488 937
f 481 259 937
f 937 488 1660
f 1660 481 937
f 3834 2975 3467
f 3467 3636 3834
f 2780 2003 2781
f 1998 2003 2780
f 2780 1659 1998
f 2024 2023 2016
f 3844 3644 3477
f 3644 2985 3477
f 484 262 170
f 262 942 170
f 2782 2781 2003
f 2782 942 2004
f 2004 2783 2782
f 2782 2972 2973
f 2782 2783 2972
f 5082 3825 4584
f 5248 5091 5260
f 5260 5259 5248
f 5259 5249 5248
f 1990 1651 931
f 3825 3632 3634
f 1652 931 930
f 4424 4423 3827
f 4424 3827 3640
f 4424 3835 4590
f 3640 3835 4424
f 4428 4592 3834
f 3834 3636 4428
f 4428 3636 3839
f 2772 2965 2964
f 2013 1685 1690
f 1690 2036 2013
f 969 158 267
f 267 968 969
f 1684 493 1685
f 1685 2013 1684
f 2018 2981 969
f 2616 2981 2018
f 2018 1684 2013
f 2018 2036 2035
f 2795 2616 2018
f 2018 2035 2795
f 1992 1649 924
f 924 1991 1992
f 924 1649 150
f 150 478 924
f 924 478 932
f 249 478 150
f 249 246 147
f 932 1651 1650
f 1650 1651 1991
f 1650 924 932
f 1991 924 1650
f 148 249 147
f 148 252 478
f 478 249 148
f 4410 3813 3621
f 4410 5079 3813
f 3621 3824 4410
f 4568 5072 4409
f 5230 5072 4568
f 243 141 462
f 462 139 243
f 2393 1954 2188
f 2393 2188 2580
f 1596 1954 2393
f 2393 2580 3301
f 3301 2389 2393
f 2393 2389 1595
f 1595 1596 2393
f 870 1596 1595
f 4400 3610 4401
f 4401 5064 4400
f 3610 3807 4401
f 5227 5064 4401
f 2939 2753 2754
f 2754 2753 1946
f 2754 5481 2939
f 2754 1946 5481
f 451 5481 850
f 5481 1584 850
f 3618 4408 3816
f 3816 4408 4569
f 4569 3817 3816
f 3816 3619 3618
f 3816 3817 3619
f 3814 4568 4409
f 3813 4568 3814
f 3620 3813 3616
f 3813 3814 3616
f 130 128 236
f 236 458 130
f 458 132 130
f 134 132 452
f 452 132 453
f 5593 134 452
f 452 453 5593
f 851 852 449
f 1584 1946 851
f 851 1946 1583
f 851 850 1584
f 851 449 451
f 451 850 851
f 4404 5481 5480
f 5480 5351 4404
f 5352 5351 5480
f 5480 5481 5482
f 5482 5352 5480
f 5062 4811 4809
f 4809 4680 5062
f 4809 4811 4812
f 4812 4680 4809
f 5600 5483 5595
f 5600 5599 5290
f 5290 5483 5600
f 3446 4153 3301
f 4821 4273 4822
f 4822 4944 4821
f 4822 4272 4823
f 4146 4683 4684
f 4684 4683 4815
f 4682 4146 4684
f 4684 4815 4682
f 5353 4815 4814
f 4815 4683 4814
f 5290 5353 4814
f 4814 4683 5290
f 3614 3811 2947
f 3818 3811 3614
f 2947 2948 3614
f 3614 2948 3818
f 5240 4577 4576
f 4576 5075 5240
f 4576 4577 4413
f 4414 5075 4576
f 4413 3822 4576
f 4576 3822 4414
f 5072 5243 5229
f 5231 4408 5229
f 5229 5243 5231
f 2761 3626 3625
f 3626 3823 3625
f 3628 3822 3627
f 3627 2958 3628
f 3627 3822 3626
f 3626 2958 3627
f 880 128 459
f 459 128 235
f 3466 3637 3838
f 2972 3637 3466
f 3838 3839 3466
f 3466 3839 2973
f 2973 2972 3466
f 867 1039 1210
f 1598 868 1210
f 868 867 1210
f 1210 1039 865
f 865 866 1210
f 1210 1599 1598
f 1210 866 1599
f 875 1040 1217
f 875 1217 1038
f 1038 865 875
f 865 1039 875
f 875 1039 1223
f 1223 1040 875
f 3149 2594 3316
f 3316 3455 3149
f 4842 4841 4955
f 4281 4841 4842
f 4166 4281 4842
f 4955 5505 4842
f 5505 4837 4842
f 5605 5503 5504
f 5504 4956 5505
f 5604 5605 5504
f 5504 5505 5604
f 4280 3454 4166
f 4166 4842 4280
f 4280 4842 4837
f 4837 4956 4949
f 4949 4280 4837
f 4163 4280 4949
f 4956 5504 4949
f 4949 5504 5503
f 921 920 922
f 922 5245 921
f 2592 2413 2593
f 3314 4163 4164
f 4164 3452 3314
f 5245 3452 4164
f 5358 5498 5499
f 5499 4833 5358
f 5358 4833 4832
f 5358 4832 5291
f 5291 5498 5358
f 2991 3480 2992
f 2992 2797 2991
f 2992 3480 3853
f 3853 3846 2992
f 3652 2797 2992
f 2992 3846 3652
f 3046 3333 3165
f 2622 2627 2445
f 2627 2220 2445
f 2445 1725 1724
f 3163 3337 3338
f 3338 3043 3163
f 2439 2209 3163
f 3163 2438 2439
f 3163 3043 2438
f 3501 3337 4017
f 3337 3163 4010
f 4010 3163 2209
f 4705 4868 4194
f 4194 4868 4706
f 4194 4010 3911
f 4011 4191 4192
f 2212 2436 2094
f 2094 1679 2212
f 4192 4191 4703
f 4865 4866 4703
f 4703 4866 4192
f 2009 1669 1244
f 2433 1669 2009
f 1244 956 2009
f 956 2431 2009
f 2204 2088 1644
f 2205 3156 2204
f 3156 4004 4005
f 4005 4173 4175
f 4005 4004 4173
f 4844 4694 5086
f 5086 4846 4844
f 4844 4847 4694
f 4844 4846 4847
f 1235 919 1236
f 917 919 1235
f 1235 1050 917
f 1644 1050 1235
f 1235 2204 1644
f 1236 2205 1235
f 2205 2204 1235
f 3320 3910 3321
f 3320 4005 3910
f 3156 4005 3320
f 5514 5364 4849
f 4849 5364 4850
f 3322 4006 3908
f 3908 4006 4178
f 3908 3154 3322
f 3908 4178 3154
f 4176 3909 3910
f 4695 3909 4176
f 4175 4695 4176
f 4176 4005 4175
f 3910 4005 4176
f 5514 5615 5614
f 5614 5364 5514
f 5613 5511 5614
f 5511 5364 5614
f 492 491 490
f 492 490 166
f 974 491 492
f 492 166 165
f 165 485 492
f 5263 5264 5094
f 5094 4599 5263
f 5264 4967 5094
f 4435 4599 4434
f 4434 3842 4435
f 4435 3842 3646
f 4435 2793 4436
f 3646 2793 4435
f 4436 4601 5093
f 5093 4435 4436
f 5095 5261 5093
f 5093 4601 5095
f 2615 2792 2022
f 2615 2983 2792
f 2022 2793 2615
f 2615 2793 3646
f 3646 2983 2615
f 3645 3842 3843
f 2792 3842 3645
f 3645 3843 3844
f 2984 2792 3645
f 3844 3477 3645
f 3645 2985 2984
f 3645 3477 2985
f 2606 2607 2428
f 2606 2608 2607
f 2428 2010 2606
f 2010 3328 2606
f 3470 4289 4290
f 4854 4283 4290
f 2429 2609 5268
f 5268 2012 2429
f 2607 2609 2429
f 2429 2012 2607
f 948 2012 1666
f 1666 2012 5268
f 2032 1699 1692
f 1692 2031 2032
f 1692 1693 2031
f 1692 981 980
f 980 1693 1692
f 503 981 982
f 982 983 503
f 982 1699 983
f 981 1692 982
f 982 1692 1699
f 2803 2033 2032
f 2032 2796 2803
f 2803 2804 2033
f 2803 2796 2993
f 512 1708 511
f 1708 986 511
f 511 986 274
f 274 173 511
f 511 173 512
f 187 996 197
f 188 996 187
f 287 188 187
f 187 522 287
f 197 522 187
f 1262 996 2051
f 2051 996 1712
f 1714 995 1262
f 1713 522 1714
f 1714 1708 1713
f 1714 2047 1708
f 197 996 277
f 996 995 277
f 1700 2034 2035
f 2035 1691 1700
f 1700 1691 983
f 983 1699 1700
f 2033 2034 1700
f 1700 1699 2033
f 1261 970 1686
f 1686 2020 1261
f 2019 2020 1686
f 1686 970 495
f 1686 495 969
f 969 2019 1686
f 269 970 499
f 499 1261 1689
f 499 970 1261
f 499 160 269
f 159 168 257
f 257 268 159
f 268 160 159
f 2794 2982 3647
f 3647 2793 2794
f 2794 2793 2021
f 2021 2020 2794
f 3840 2790 3648
f 3648 2790 2981
f 3648 3478 3840
f 3648 2995 3478
f 3648 2981 2995
f 3635 2961 2962
f 3630 2961 3635
f 3635 3832 3630
f 3635 3831 3832
f 4418 3831 3830
f 3831 3635 3830
f 4418 4581 4580
f 5247 4579 4580
f 4579 4418 4580
f 5251 4581 5085
f 5250 5251 5085
f 5085 5084 5250
f 248 151 465
f 465 897 248
f 898 248 897
f 2601 2435 2006
f 1663 2201 2601
f 2601 2201 2202
f 2603 2435 2601
f 3331 2604 2007
f 3331 3473 2604
f 2007 2603 3331
f 3331 2603 3160
f 3160 3474 3331
f 3331 3474 3473
f 2613 3330 2612
f 3158 2613 2604
f 3330 2613 3158
f 5612 5518 5611
f 1672 1248 963
f 963 1677 1672
f 1672 1677 2210
f 2210 966 1672
f 966 1248 1672
f 966 965 1249
f 1249 1248 966
f 963 1248 1249
f 1249 965 963
f 955 954 1241
f 1241 954 1669
f 1674 1679 957
f 1674 2212 1679
f 2007 2604 2434
f 2434 1664 2007
f 960 1664 1247
f 4288 4289 4184
f 4184 3329 4288
f 4288 3329 4287
f 4285 4857 4286
f 4182 4183 4286
f 4286 4287 4182
f 4963 4962 5519
f 4858 4288 4856
f 4856 4288 4287
f 4856 4963 4858
f 4962 4963 4856
f 4856 4286 4857
f 4287 4286 4856
f 3470 3471 4185
f 4185 4289 3470
f 4185 3471 4184
f 4184 4289 4185
f 4965 4854 4859
f 4854 4290 4859
f 4859 4290 4289
f 4859 4288 4858
f 4289 4288 4859
f 3057 3189 3878
f 3878 2241 3057
f 3057 2241 2248
f 3057 3188 3189
f 2066 2109 2250
f 2109 2241 2250
f 2250 2241 3878
f 3878 3018 2250
f 2250 3018 3065
f 3065 2472 2250
f 2250 2111 2066
f 2240 2111 2250
f 1295 549 2066
f 1294 549 1295
f 2066 2111 1295
f 1071 1294 1295
f 1295 2111 1071
f 2109 549 1078
f 551 1077 1078
f 1078 1296 2109
f 2227 2097 3051
f 5385 4882 5380
f 5385 5379 5537
f 5380 5379 5385
f 5381 5380 5386
f 4014 3166 3332
f 4014 3332 5269
f 2260 1753 2259
f 2259 2472 2260
f 1318 1753 1092
f 1092 587 1318
f 3195 2470 3063
f 3196 4052 3063
f 3063 2470 3196
f 1755 1320 2261
f 1320 2470 2261
f 1754 1753 2260
f 2260 1320 1754
f 1320 591 1754
f 1754 1092 1753
f 591 1092 1754
f 4640 4736 4214
f 4214 4048 4640
f 4214 4052 3927
f 3927 3878 4214
f 3878 4048 4214
f 3878 3189 3925
f 3925 4048 3878
f 4041 4048 3925
f 3189 3188 3925
f 3385 3384 3217
f 3385 3217 2481
f 2481 4070 3385
f 3386 3883 4223
f 4223 4070 3386
f 4224 4070 4223
f 1094 1320 1755
f 1094 593 1320
f 592 593 595
f 1097 1337 1096
f 1097 1336 1337
f 1286 1063 1737
f 1737 2234 1286
f 562 1063 1286
f 1286 2234 2230
f 2230 1285 1286
f 3352 3178 4036
f 3054 3178 3352
f 4884 5537 5384
f 3056 3176 2457
f 3056 3354 3176
f 1073 1072 1291
f 561 1072 1073
f 1291 559 1073
f 1073 559 561
f 1021 559 1074
f 1074 559 2112
f 1074 2112 1297
f 1074 557 1021
f 1298 559 1291
f 2112 559 1298
f 1298 2069 2112
f 1298 2113 2069
f 1291 1072 1298
f 1072 2113 1298
f 2114 2115 2239
f 2239 2113 2114
f 2244 2113 2239
f 2239 2242 2244
f 1735 2106 2235
f 2235 1287 1735
f 1735 1287 1065
f 1735 1065 1734
f 1734 2106 1735
f 2455 2106 2454
f 2454 3178 2455
f 2455 3178 3054
f 2455 3054 2235
f 2235 2106 2455
f 560 1287 1736
f 560 559 1021
f 560 1063 562
f 560 1736 1063
f 1021 557 1062
f 1062 560 1021
f 1287 560 1062
f 558 556 1065
f 557 556 558
f 558 1062 557
f 1065 1287 558
f 1287 1062 558
f 1020 555 1076
f 1020 1064 555
f 1020 1076 553
f 553 554 1020
f 1020 554 1064
f 1076 1296 1293
f 1293 1077 1076
f 1296 1078 1293
f 1293 1078 1077
f 2067 2116 2248
f 1296 2116 2067
f 2248 2109 2067
f 2109 1296 2067
f 2068 2116 1297
f 2246 2116 2068
f 1297 2112 2068
f 2112 2246 2068
f 1731 2232 2107
f 2232 2451 2107
f 2107 1732 1731
f 2107 2451 2452
f 2452 1732 2107
f 552 554 551
f 1289 554 552
f 2453 2237 2108
f 2108 2231 2453
f 2464 2465 3192
f 3367 3191 3192
f 3192 4049 3367
f 3192 4054 4049
f 3191 2463 3192
f 3192 2463 2464
f 3931 3926 4219
f 4219 4054 3931
f 4732 3926 4218
f 4217 4733 4218
f 4218 4733 4732
f 3924 3923 4040
f 3924 3188 3187
f 3187 3923 3924
f 3924 4040 4636
f 4636 4639 3924
f 4639 4041 3924
f 4047 3923 3880
f 3923 3186 3880
f 3880 3922 4047
f 3186 3922 3880
f 3021 2246 3058
f 3058 3186 3021
f 3185 3186 3058
f 3185 3922 3186
f 3185 3058 3881
f 3881 3922 3185
f 1640 1047 1239
f 1239 909 1240
f 907 909 1239
f 1239 1047 907
f 4698 4171 4178
f 4698 4849 4850
f 4698 4178 4177
f 3160 2603 2423
f 905 1233 1642
f 1642 1044 905
f 1642 1641 1044
f 1233 2200 1642
f 1642 2200 2424
f 3906 3473 3324
f 3473 3474 3324
f 3154 4171 4007
f 4007 2208 3154
f 2422 2086 2207
f 2207 2086 1640
f 1640 1239 2207
f 1240 2208 2207
f 2207 1239 1240
f 918 916 1225
f 920 917 918
f 1225 1635 918
f 918 1635 920
f 915 1050 1645
f 917 1050 915
f 1645 1234 915
f 915 918 917
f 916 918 915
f 915 1234 1048
f 1048 1224 915
f 1224 916 915
f 1225 916 1982
f 1636 2413 1982
f 1982 916 1636
f 3902 4155 4003
f 4003 3310 3902
f 3902 4002 4155
f 3310 4002 3902
f 2400 2407 3036
f 3036 3310 2400
f 2407 3142 3036
f 3142 3310 3036
f 4450 4615 5105
f 5105 4615 4623
f 4623 5287 5105
f 5105 5287 5109
f 5109 5280 5105
f 3858 4615 4450
f 4450 3659 3858
f 3857 4451 3858
f 4451 4615 3858
f 3858 3660 3857
f 3859 3860 2808
f 3859 3659 4450
f 3000 2808 3486
f 2808 3860 3486
f 1704 1705 2041
f 2041 2619 2807
f 2042 2808 2041
f 2808 2619 2041
f 2041 1706 2042
f 2041 1705 1706
f 989 518 273
f 989 1705 518
f 273 1706 989
f 1706 1705 989
f 2802 2801 2026
f 2987 2801 2802
f 2026 5521 2802
f 5521 2987 2802
f 1696 1695 977
f 1696 2028 1695
f 977 1697 1696
f 1697 2028 1696
f 516 179 517
f 517 179 271
f 517 271 991
f 991 1702 517
f 517 1702 516
f 992 1702 1701
f 1702 2038 1701
f 5623 992 1701
f 2806 2997 2805
f 2805 2997 5623
f 3655 2806 3656
f 3656 3856 3655
f 3655 2997 2806
f 5623 2997 3655
f 3655 3856 5623
f 5277 5285 542
f 5112 5285 5277
f 5277 5279 5112
f 5529 5622 4446
f 4446 4620 5529
f 4446 5622 5623
f 5623 3863 4446
f 4446 3863 4447
f 4447 4620 4446
f 1084 1749 1748
f 1739 1748 2642
f 1739 1740 1082
f 1082 1302 1739
f 17 208 296
f 2836 3356 2822
f 2822 2821 2836
f 2821 2837 2836
f 529 280 198
f 198 279 529
f 198 189 279
f 278 189 198
f 198 280 523
f 523 278 198
f 1719 2049 1263
f 1263 2049 1712
f 4707 5113 4624
f 4707 4633 5113
f 4633 4707 4632
f 2226 2099 5285
f 3869 3491 3492
f 3492 3491 3006
f 3492 3662 3869
f 3006 3662 3492
f 3005 3004 3661
f 3661 3662 3005
f 2818 3004 3005
f 3005 3662 3006
f 285 193 194
f 202 293 194
f 200 193 525
f 2824 3507 3508
f 3508 2639 2824
f 2639 2460 2824
f 1306 293 574
f 5114 4978 4461
f 4978 4305 4461
f 4980 4307 4308
f 4308 5115 4980
f 4980 5115 5116
f 4980 4461 4307
f 4980 5116 5114
f 5114 4461 4980
f 4308 4307 3671
f 2827 3667 3504
f 5534 2827 3504
f 2827 2635 2636
f 2636 3667 2827
f 2636 2635 1745
f 3503 3667 2826
f 3674 3667 3503
f 570 573 285
f 574 293 569
f 293 292 569
f 569 291 574
f 292 291 569
f 528 997 526
f 526 527 528
f 5374 997 528
f 528 527 5374
f 201 195 5374
f 5374 527 201
f 526 195 201
f 201 527 526
f 1718 997 5374
f 5374 2052 1718
f 4471 3684 4313
f 4314 3684 4471
f 4313 4986 4471
f 4986 4462 4471
f 2645 2644 1746
f 2644 1086 1746
f 1746 1309 2645
f 1746 1086 1309
f 210 13 11
f 577 13 210
f 11 298 210
f 210 298 577
f 4985 4983 4470
f 4470 4469 4985
f 5127 4983 4985
f 4985 4469 4984
f 4985 5126 5127
f 4985 4984 5126
f 4042 4044 3921
f 3921 3920 4042
f 4042 4043 4044
f 5122 4043 4042
f 4042 3920 5122
f 3059 2242 3060
f 2242 3061 3060
f 3183 3059 3060
f 5122 3182 3181
f 3181 3061 5122
f 3181 3060 3061
f 3181 3182 3183
f 3183 3060 3181
f 4981 4721 4719
f 4719 4634 4981
f 4719 4721 4722
f 4722 4634 4719
f 563 1069 1070
f 1070 1290 563
f 1070 1069 5122
f 5122 1290 1070
f 5 581 300
f 300 299 5
f 1310 299 300
f 2648 2829 2647
f 582 299 1310
f 1310 1087 582
f 582 1087 583
f 3511 2829 3510
f 3511 3677 3679
f 3510 3677 3511
f 3679 3680 3511
f 3680 3360 3511
f 4460 4978 5117
f 5117 5118 4460
f 4460 5118 4459
f 4460 4305 4978
f 4459 3674 4460
f 4210 4031 4209
f 4031 4032 4209
f 4713 4210 4209
f 4209 4878 4713
f 4209 4208 4878
f 4033 4208 4209
f 4209 4032 4033
f 4305 4460 3673
f 2646 1309 1752
f 1752 2647 2646
f 2645 1309 2646
f 3358 3512 3682
f 2832 3512 3358
f 3682 2833 3358
f 3358 2833 2832
f 3681 4311 3682
f 3682 3512 3681
f 3517 3516 2844
f 2844 2653 3517
f 3517 3693 3516
f 3517 3372 3691
f 2843 3372 3517
f 2655 2477 2843
f 2843 3517 2655
f 2655 3517 2653
f 1765 2477 2655
f 1344 1765 2655
f 2655 2653 1344
f 2663 1775 2664
f 2664 2847 2663
f 1768 1775 2663
f 2663 1351 1768
f 623 1353 624
f 624 323 623
f 5143 5135 5144
f 5142 5135 5143
f 4996 4482 4325
f 4996 4486 5142
f 4996 4325 4486
f 5142 5143 4996
f 4485 3698 4324
f 4485 4324 5139
f 5139 4994 4485
f 4485 4994 4486
f 4486 3698 4485
f 320 322 615
f 615 616 320
f 320 616 319
f 321 322 320
f 37 321 320
f 320 324 37
f 319 36 320
f 2266 2262 2265
f 2266 3067 3198
f 2265 3067 2266
f 2267 2262 2266
f 3198 3068 2266
f 2266 3068 2267
f 1324 603 1089
f 601 602 600
f 601 603 602
f 601 1089 603
f 600 1088 601
f 1088 1325 601
f 1101 602 1104
f 1104 1330 1101
f 1104 602 1103
f 1103 1330 1104
f 2118 2262 2267
f 2118 1330 2262
f 2267 1331 2118
f 2118 1331 1330
f 5401 5402 5309
f 5309 5308 5401
f 4741 5308 5309
f 5309 4742 4741
f 5309 5403 5307
f 5402 5403 5309
f 4644 4742 4743
f 4743 5309 5307
f 4742 5309 4743
f 4741 4742 4643
f 4627 4741 4643
f 4643 4061 4627
f 2120 1090 596
f 596 1100 2120
f 1102 596 598
f 1100 596 1102
f 1102 1101 2121
f 598 1101 1102
f 3935 3936 3204
f 3203 3935 3204
f 3204 3070 3203
f 2120 1333 2270
f 1333 2269 2270
f 2270 2269 3070
f 3070 3204 3073
f 3073 2270 3070
f 4063 4223 3883
f 1336 1097 2124
f 5404 5403 5408
f 5408 5310 5404
f 5404 5310 5403
f 5408 4750 4895
f 4895 4750 4224
f 4224 4223 4895
f 3885 3935 3203
f 3202 3071 3886
f 3203 3071 3202
f 3710 4330 4329
f 4330 4493 4329
f 3712 3710 4329
f 4329 4328 3712
f 4329 4493 4328
f 2484 2275 2483
f 2483 2485 2484
f 1783 2275 2484
f 1359 1783 2484
f 1782 1359 2484
f 2484 2276 1782
f 2486 2276 2484
f 2484 2487 2486
f 2484 2485 2487
f 2681 1803 1802
f 3718 3536 3717
f 4496 4338 3717
f 4338 3718 3717
f 3717 4339 4496
f 5007 5157 5158
f 4496 4499 5007
f 5158 5155 5007
f 5007 5155 4496
f 4339 3715 4498
f 4498 4499 4339
f 3715 4340 4498
f 5157 5007 4498
f 4498 5007 4499
f 5008 5157 4498
f 4498 4340 5008
f 341 1394 660
f 1394 665 660
f 1393 1394 1800
f 1393 665 1394
f 51 44 1394
f 2684 2865 2683
f 2683 1799 2684
f 2865 3539 2683
f 3539 2866 2683
f 2683 2866 2494
f 2683 2494 1800
f 1800 1799 2683
f 1820 2686 1422
f 1825 2686 1820
f 1819 2686 1824
f 1423 2686 1819
f 1819 1824 5562
f 5562 1423 1819
f 3544 2686 2873
f 1826 2688 2507
f 8 213 6
f 8 612 213
f 312 612 8
f 8 212 312
f 8 9 209
f 209 212 8
f 611 1346 1107
f 1346 1763 1107
f 1107 1345 611
f 1107 1763 1345
f 4987 4477 4992
f 4992 5136 4987
f 4992 4477 4991
f 4991 5136 4992
f 4321 3702 4483
f 4483 3702 4327
f 4483 4474 4321
f 4483 4327 4998
f 4998 5145 5133
f 5133 4990 4998
f 5133 5145 5134
f 5134 4989 5133
f 4989 4990 5133
f 3666 1712 2819
f 3666 3488 3012
f 3666 3872 3488
f 4623 4457 3865
f 3865 4457 3872
f 3865 4458 4623
f 3872 3666 3865
f 3865 3666 3489
f 3665 4458 3865
f 3865 3489 3665
f 2462 1741 2637
f 2637 2823 2462
f 1308 1083 1741
f 290 291 190
f 190 289 290
f 204 289 190
f 190 189 204
f 203 191 279
f 279 189 203
f 203 291 192
f 192 191 203
f 189 190 203
f 203 190 291
f 281 191 202
f 199 191 281
f 281 524 199
f 2048 1264 1715
f 993 524 1715
f 1715 1264 993
f 4455 4622 3871
f 3871 4456 3864
f 3871 4622 4456
f 3864 3009 3871
f 5111 5286 4455
f 5111 5289 5286
f 5111 4625 5288
f 5288 5289 5111
f 5282 5286 5283
f 5286 5289 5283
f 5283 5289 5284
f 4508 5020 5170
f 1832 2883 2695
f 2882 2883 1832
f 2881 3733 3553
f 3553 2882 2881
f 695 365 5423
f 365 695 363
f 363 695 696
f 364 363 696
f 361 1460 368
f 4359 3743 2702
f 395 769 1170
f 1170 1497 395
f 395 1497 1165
f 226 73 395
f 395 73 394
f 1165 396 395
f 764 394 1498
f 1498 769 764
f 764 395 394
f 769 395 764
f 2909 3576 3577
f 2909 3577 2908
f 2539 2718 2909
f 2718 3576 2909
f 2908 2717 2909
f 2909 2717 2539
f 4370 4252 3764
f 2908 3577 3764
f 3764 4252 2908
f 2902 2713 2706
f 2713 1867 2706
f 2706 3567 2902
f 2706 1867 3567
f 2713 1869 1868
f 1868 1867 2713
f 3567 1867 1866
f 1866 1867 1466
f 1466 1865 1866
f 79 227 379
f 227 378 379
f 379 228 79
f 379 378 228
f 380 381 1468
f 1468 736 380
f 1466 381 380
f 380 736 1466
f 2708 2709 2899
f 4245 3753 2899
f 2899 3753 3568
f 2899 3752 4245
f 2899 3566 3752
f 2898 3566 2899
f 2899 2710 2898
f 2899 2709 2710
f 741 1468 1467
f 1468 1865 1467
f 1467 1466 741
f 1467 1865 1466
f 3568 3569 2900
f 2900 2899 3568
f 2708 2899 2900
f 3568 3753 3754
f 3754 3569 3568
f 3753 4364 3754
f 3754 4364 4523
f 4522 5029 4523
f 4523 4364 4522
f 5030 5029 4522
f 4245 5030 4522
f 4522 4364 4245
f 2903 3570 3571
f 2713 2903 3571
f 2904 2714 3571
f 3571 2714 2713
f 3756 4366 4525
f 5027 4524 5183
f 5027 4366 4524
f 5027 4525 4366
f 5183 5026 5027
f 4511 4512 5023
f 4356 4512 4511
f 4511 5023 4510
f 5024 4512 4513
f 4513 4512 4356
f 4356 4357 4513
f 1822 2690 1827
f 1822 1420 2690
f 2688 1420 1822
f 1822 1827 2689
f 2689 2688 1822
f 354 2505 39
f 39 5705 354
f 688 2505 693
f 693 2688 688
f 3728 3729 4346
f 3549 3729 3728
f 3728 3727 3549
f 3728 4346 5013
f 5013 3727 3728
f 5016 3739 4500
f 4500 4347 5016
f 5016 4347 3739
f 317 625 618
f 618 627 317
f 220 34 317
f 627 219 317
f 317 219 332
f 332 220 317
f 1773 2667 1356
f 2660 2667 1773
f 3374 3527 2852
f 3527 2667 2852
f 2852 3526 3374
f 4999 4491 5153
f 4999 4492 4491
f 5153 5148 4999
f 5148 4492 4999
f 327 324 30
f 327 654 324
f 327 30 326
f 326 654 327
f 621 622 318
f 622 623 318
f 4331 3390 3708
f 3390 3530 3708
f 3708 4332 4331
f 3707 4332 3708
f 3708 3530 3707
f 705 1424 5706
f 5706 5707 705
f 5707 355 705
f 1838 1839 1424
f 1424 1425 1838
f 1828 1839 1838
f 1803 2679 1804
f 1804 1389 1803
f 2679 1805 1804
f 1805 1389 1804
f 1397 49 338
f 338 337 1397
f 338 49 1390
f 1390 337 338
f 3533 2677 2863
f 4335 4488 4334
f 4335 3706 4497
f 3721 3706 3388
f 2863 3542 3388
f 3388 3542 3721
f 3388 3533 2863
f 3706 3533 3388
f 3539 3715 3538
f 3538 2866 3539
f 3714 3715 3539
f 3714 4340 3715
f 3714 3539 3713
f 3713 4340 3714
f 1493 1486 1157
f 1157 2163 1493
f 2163 2075 1493
f 2072 1159 1158
f 1158 1159 760
f 1158 760 1157
f 1157 1486 1158
f 4109 4108 4111
f 4669 4787 4111
f 4670 4786 4669
f 5193 5192 4670
f 5040 4786 4670
f 4670 5192 5040
f 4255 4123 4789
f 4925 4255 4789
f 4789 4932 4925
f 4123 5463 4789
f 4789 5463 4932
f 5453 5455 5337
f 5337 4787 5453
f 3110 2346 3111
f 2346 3112 3111
f 2161 1161 1160
f 2345 2344 3113
f 3113 3112 2345
f 3113 2344 3114
f 3114 3263 3113
f 5452 3768 3579
f 5452 3579 2913
f 3769 3768 5452
f 2913 2726 5452
f 4380 3769 5452
f 5452 2726 1899
f 1899 1894 5452
f 5452 1894 1502
f 1502 772 5452
f 772 407 5452
f 5452 407 97
f 97 91 5452
f 5452 91 5584
f 5452 5584 5583
f 5583 5453 5452
f 5438 738 384
f 384 385 5438
f 384 738 1470
f 1470 385 384
f 767 1495 5577
f 1496 1495 767
f 76 387 77
f 5577 76 77
f 2906 2716 3573
f 2906 3573 5577
f 768 1166 1496
f 1496 387 768
f 768 1497 1166
f 75 74 226
f 226 395 75
f 75 395 396
f 75 387 74
f 75 396 387
f 2325 2150 2151
f 2152 2324 2151
f 2324 2325 2151
f 3100 2327 2326
f 2327 2150 2326
f 2326 2325 3100
f 2326 2150 2325
f 5449 5334 4918
f 4918 4783 5449
f 5449 4783 5334
f 2528 2340 2527
f 2527 2340 2339
f 2527 2330 2528
f 2527 2331 2330
f 2527 2339 2147
f 2147 2331 2527
f 1450 2148 2147
f 2157 2148 1450
f 747 746 1484
f 1484 1483 747
f 3957 3400 3408
f 3094 4094 3408
f 3408 4094 3957
f 2520 2519 3239
f 3238 2520 3239
f 3239 3408 3400
f 3239 3401 3238
f 3239 3400 3401
f 4260 4131 4133
f 4263 4131 4260
f 4260 4133 3437
f 3437 4263 4260
f 1194 1193 836
f 836 1195 1194
f 827 1193 2375
f 2371 1196 827
f 2568 2375 2374
f 2375 1930 2374
f 2374 1930 2373
f 2374 2569 2568
f 2373 2569 2374
f 1557 2373 1925
f 2373 1930 1925
f 1925 2375 1557
f 1925 1930 2375
f 2384 2187 2186
f 2187 1566 2186
f 2383 2384 2186
f 2186 2179 2383
f 1565 2179 2186
f 2186 1566 1565
f 1567 1566 2187
f 1193 1566 1567
f 2187 2178 1567
f 2178 1568 1567
f 1567 1568 1192
f 1192 1193 1567
f 2369 1554 1553
f 1553 1923 2369
f 1553 1554 2371
f 2371 1923 1553
f 838 1199 1200
f 1200 1197 838
f 1200 1561 1197
f 1199 1560 1200
f 1560 1561 1200
f 2379 3136 3033
f 2379 2378 3136
f 2183 2378 2379
f 3135 2380 2379
f 2379 3033 3135
f 2380 2182 2379
f 2379 2182 2183
f 1560 1559 2185
f 2185 2184 1560
f 2185 1559 5221
f 4794 4254 4793
f 4793 4930 4931
f 4931 4794 4793
f 4793 4254 4121
f 4121 5465 4793
f 5465 4930 4793
f 3432 3597 3791
f 3791 4390 4554
f 3791 2735 3432
f 1575 1936 1574
f 1933 2742 2741
f 1933 2740 1932
f 1933 2741 2740
f 1932 1571 1933
f 440 431 105
f 4396 2742 3606
f 2935 3605 3606
f 3606 2742 2935
f 101 436 437
f 437 233 101
f 101 234 435
f 435 436 101
f 814 425 424
f 424 819 814
f 1543 425 814
f 814 819 1543
f 4557 4546 4393
f 4393 4556 4557
f 4557 4556 4546
f 4393 3794 3793
f 3793 4556 4393
f 3793 3794 3600
f 4391 3791 4554
f 4555 4391 4554
f 4554 5054 4555
f 5202 5208 5201
f 5201 5047 5202
f 5202 5047 5203
f 1920 1541 1542
f 1542 1541 818
f 1542 818 426
f 2933 2555 2734
f 2734 2932 2933
f 2926 2555 2933
f 2933 2932 2926
f 1908 1907 2732
f 1908 1909 1537
f 1537 1536 1908
f 1536 1907 1908
f 86 416 412
f 802 1536 803
f 803 416 802
f 803 412 416
f 802 416 417
f 418 802 417
f 417 416 84
f 417 84 418
f 2924 3592 2731
f 2730 1909 2731
f 1909 1908 2731
f 1540 1916 1539
f 1539 817 1540
f 1916 1538 1539
f 1538 817 1539
f 429 1187 1540
f 429 108 1187
f 421 108 429
f 1577 5714 1586
f 1586 1585 1577
f 1586 5714 5717
f 5717 860 1586
f 1586 860 1585
f 858 1587 1945
f 1585 860 1202
f 1202 1944 1585
f 858 1945 1202
f 1202 1945 1944
f 3806 3609 3442
f 3609 2943 3442
f 3608 3806 3442
f 3442 2943 3608
f 1890 1895 1501
f 1501 1506 1890
f 1890 780 1895
f 1890 1506 780
f 1167 1500 771
f 1500 762 771
f 1501 1167 771
f 389 1501 771
f 771 762 389
f 390 69 389
f 389 762 390
f 390 1168 69
f 390 762 1500
f 1500 1168 390
f 2911 2720 2912
f 2912 2919 2911
f 2919 2918 2911
f 2911 3776 3760
f 2911 2918 3776
f 1888 2720 1887
f 391 1500 1888
f 1888 1887 391
f 1888 1500 1889
f 1889 2720 1888
f 1499 1169 1887
f 1499 1887 2719
f 2719 393 1499
f 1499 393 770
f 770 1169 1499
f 3575 2719 2910
f 2719 2538 2910
f 53 5708 54
f 5708 375 54
f 54 357 53
f 54 375 357
f 2705 2714 2905
f 2705 1870 2714
f 1871 1848 1463
f 1463 1870 1871
f 1473 734 376
f 376 377 1473
f 376 734 5711
f 5711 377 376
f 1457 371 360
f 733 1461 728
f 5708 1848 728
f 1848 733 728
f 732 1461 1458
f 1458 1457 732
f 4348 1837 3558
f 3558 3550 4348
f 4348 3550 1837
f 2697 1836 1835
f 1835 1836 1433
f 4506 3739 3738
f 3739 3557 3738
f 3738 4349 4506
f 64 357 55
f 64 358 357
f 1837 1838 1434
f 1434 1838 1425
f 1434 703 702
f 702 1433 1434
f 85 94 399
f 399 416 85
f 85 416 86
f 401 94 85
f 414 402 85
f 402 401 85
f 4385 4386 5048
f 5048 4547 4385
f 4385 4547 3781
f 3781 3780 4385
f 2730 2731 3591
f 3591 2731 3592
f 3591 2923 2730
f 3591 3590 2923
f 3781 3590 3591
f 3591 3780 3781
f 3779 3778 4386
f 4386 4385 3779
f 3779 4385 3780
f 3779 3591 3592
f 3780 3591 3779
f 3779 3592 3594
f 3594 3778 3779
f 1505 778 1891
f 778 1896 1891
f 1891 780 1505
f 1891 1896 780
f 3775 4381 3776
f 4374 4381 3775
f 3775 3774 4374
f 4378 4377 3771
f 4377 2915 3771
f 3771 2915 3580
f 773 1894 1899
f 1899 2725 773
f 1502 1894 773
f 773 772 1502
f 773 407 772
f 3579 3768 3770
f 3770 2725 3579
f 3770 3768 3769
f 4378 3771 3770
f 3770 3771 3580
f 4527 5038 5037
f 4527 4372 5038
f 5037 4530 4527
f 3763 3576 2718
f 2718 3762 3763
f 3763 4530 4370
f 4370 3764 3763
f 3577 3576 3763
f 3763 3764 3577
f 5199 4528 4543
f 4543 4381 4542
f 4529 4381 4543
f 4543 4528 4529
f 4543 4542 5044
f 5044 5199 4543
f 2724 775 1898
f 775 1893 1898
f 1898 2545 2724
f 1898 2725 2545
f 1898 773 2725
f 1893 773 1898
f 775 406 774
f 406 773 774
f 3580 2915 2914
f 2545 2725 2914
f 2724 2545 2914
f 2914 2915 2724
f 2914 3770 3580
f 2725 3770 2914
f 4540 4541 4376
f 3773 3772 4376
f 4376 3772 4377
f 4377 4539 4376
f 4539 4540 4376
f 5043 4541 5198
f 5043 3774 4541
f 4542 3774 5043
f 5044 4542 5043
f 5043 5198 5044
f 4375 3581 2723
f 4375 3774 3581
f 4541 3774 4375
f 4375 3583 3773
f 2723 3583 4375
f 3773 4376 4375
f 4375 4376 4541
f 382 737 1468
f 1468 383 382
f 1470 737 382
f 382 383 1470
f 2516 2517 2314
f 2314 2315 2516
f 2314 1442 1844
f 1844 1843 2314
f 1843 2315 2314
f 2313 1442 2314
f 2314 2517 2313
f 1139 1843 1844
f 1139 713 1843
f 1844 1442 1139
f 1442 713 1139
f 721 2150 1843
f 5569 2699 2895
f 2895 3559 5569
f 3559 3560 3747
f 5569 3559 3747
f 3747 3748 5569
f 5569 61 62
f 61 363 62
f 5423 365 67
f 67 61 5423
f 365 363 67
f 67 363 61
f 3233 3951 3234
f 3234 3089 3233
f 4763 4090 4089
f 4090 3951 4089
f 3950 4087 4088
f 1412 1417 2141
f 2143 1417 1412
f 3075 3023 2290
f 2290 2289 3075
f 3222 3023 3075
f 3938 3222 3075
f 5416 5421 5417
f 5417 5317 5416
f 5421 5317 5417
f 1482 747 1483
f 746 747 1482
f 1875 1478 1482
f 1482 757 746
f 1482 2071 757
f 1032 1163 1482
f 1163 2071 1482
f 2342 3260 2530
f 2530 2338 2342
f 2338 1875 2342
f 3418 3419 3257
f 3257 3260 3418
f 3967 3419 3418
f 4247 3967 3418
f 3418 4246 4247
f 3418 4107 4246
f 749 1479 1033
f 1478 1479 749
f 1032 1482 749
f 749 1482 1478
f 1488 1161 1491
f 1488 1491 1163
f 2351 1904 2350
f 2350 2550 2351
f 2351 2352 1904
f 2351 2550 2352
f 2306 3086 3027
f 3027 3086 3235
f 3027 3235 3954
f 3027 3087 2306
f 3954 3087 3027
f 4902 4233 4759
f 4760 4233 4902
f 4902 4759 4901
f 4901 4753 4902
f 4902 5421 4760
f 4902 5556 5421
f 4753 5317 4902
f 4902 5317 5556
f 3397 4082 3945
f 4082 4233 3945
f 3945 4081 3397
f 3945 4233 4081
f 3380 4064 3379
f 4064 4221 3379
f 3379 3209 3380
f 3379 4221 4065
f 3379 4065 3378
f 3379 3378 3208
f 3208 3209 3379
f 4222 4221 4229
f 4065 4221 4222
f 4222 4229 5146
f 5146 4065 4222
f 431 844 432
f 432 430 431
f 432 844 5592
f 5592 430 432
f 420 419 5468
f 5468 812 420
f 422 419 420
f 420 812 422
f 4549 5348 4550
f 4549 4388 5348
f 4550 4551 4549
f 5468 3787 3786
f 3786 3595 5468
f 3787 3788 3786
f 4389 3788 4388
f 4389 4549 4551
f 4388 4549 4389
f 4389 4551 4552
f 4552 3789 4389
f 3789 3788 4389
f 2737 3595 3596
f 2928 2737 3596
f 3595 3786 3596
f 3596 3786 3788
f 3596 3434 2928
f 3789 3434 3596
f 3596 3788 3789
f 2557 2930 2735
f 2735 1919 2557
f 2736 2930 2557
f 2557 1919 2736
f 3604 1937 2745
f 3603 3604 2745
f 2745 2934 3603
f 1576 437 848
f 1576 1937 437
f 848 1580 1576
f 1580 1937 1576
f 2942 3610 2751
f 3797 3805 4399
f 4399 3805 3806
f 3806 4565 4399
f 1618 1975 1976
f 1976 1975 1965
f 1976 1960 1618
f 1965 1960 1976
f 2955 2952 2586
f 2586 2952 2583
f 1975 1974 2586
f 2583 1965 2586
f 1965 1975 2586
f 2586 2956 2955
f 2586 1974 2956
f 1619 1975 1618
f 443 1587 858
f 456 879 239
f 455 879 456
f 239 114 456
f 456 114 455
f 5723 1618 883
f 883 879 5723
f 883 1618 1613
f 1613 884 883
f 884 879 883
f 1628 895 462
f 1628 1974 1975
f 1975 1619 1628
f 2765 1628 462
f 1974 1628 2765
f 2956 1974 2765
f 3621 2956 2765
f 2765 3824 3621
f 1986 1655 1654
f 1654 1655 928
f 1654 928 1653
f 1653 1985 1654
f 1654 1985 1986
f 2776 929 1987
f 929 1655 1987
f 1987 1986 2776
f 1987 1655 1986
f 2974 2975 2780
f 2780 2781 2974
f 2974 3467 2975
f 3636 3467 2974
f 2973 3636 2974
f 2974 2782 2973
f 2781 2782 2974
f 2025 972 2984
f 1258 972 2025
f 2015 2025 2024
f 2015 2024 2016
f 2789 3644 2986
f 2986 2788 2789
f 2788 2023 2789
f 2023 2024 2789
f 973 972 1258
f 163 485 484
f 484 170 163
f 163 492 485
f 163 170 942
f 163 164 496
f 496 492 163
f 163 972 164
f 942 972 163
f 5083 5082 4584
f 5249 5082 5083
f 5083 5248 5249
f 5091 5248 5083
f 930 931 479
f 251 144 479
f 4422 4423 4584
f 4584 3825 4422
f 3825 3634 4422
f 3827 4423 3826
f 3826 3633 3827
f 4423 4422 3826
f 3826 4422 3634
f 930 929 1656
f 1656 1652 930
f 3632 931 2774
f 4594 4424 4590
f 4423 4424 4594
f 5089 4592 4591
f 4592 4428 4591
f 4589 5089 4591
f 4591 3839 4589
f 4591 4428 3839
f 2773 2965 2772
f 2773 1991 1990
f 2772 1991 2773
f 3632 2965 2773
f 1990 931 2773
f 2773 931 3632
f 3462 3632 3825
f 3462 2965 3632
f 3825 4421 3462
f 3462 4421 3828
f 968 267 494
f 493 1684 494
f 494 1684 968
f 158 493 494
f 494 267 158
f 969 968 1260
f 1260 2018 969
f 968 1684 1260
f 1684 2018 1260
f 2017 2013 2036
f 2036 2018 2017
f 2017 2018 2013
f 146 148 147
f 147 145 146
f 252 148 146
f 146 1651 932
f 932 252 146
f 146 931 1651
f 146 479 931
f 251 479 146
f 464 1622 892
f 3623 2767 4411
f 4411 3824 3623
f 4574 3824 4411
f 3813 5079 4574
f 4574 4568 3813
f 5079 4410 4574
f 4574 4410 3824
f 4411 5078 4574
f 5078 5244 4574
f 4574 5244 5230
f 5230 4568 4574
f 254 140 476
f 141 243 254
f 254 139 140
f 254 243 139
f 142 144 141
f 142 254 476
f 141 254 142
f 143 144 251
f 141 144 143
f 1209 1954 1596
f 1596 870 1209
f 1953 1954 1209
f 1209 870 1953
f 877 1953 869
f 1953 870 869
f 869 1220 877
f 1595 1220 869
f 869 870 1595
f 4564 4401 3807
f 1582 1207 852
f 1582 851 1583
f 852 851 1582
f 1947 1207 1582
f 1583 2753 1582
f 1582 2753 1947
f 5595 4944 5488
f 5488 5600 5595
f 3301 2580 3141
f 3141 3446 3301
f 3997 4273 4153
f 4153 3446 3997
f 3447 3997 3446
f 3448 4149 3447
f 4942 5493 4943
f 4823 4942 4943
f 4943 4822 4823
f 4943 5493 5599
f 5599 5600 4943
f 5600 5488 4943
f 4944 4822 4943
f 4943 5488 4944
f 4409 5072 5070
f 5072 5229 5070
f 5070 5229 4408
f 4573 5076 5242
f 4412 4573 5242
f 5242 5243 4412
f 5231 5243 5242
f 5242 5232 5231
f 3315 3455 3454
f 3315 3149 3455
f 3315 3454 3453
f 2593 2594 3315
f 2594 3149 3315
f 3315 2592 2593
f 3453 3454 4165
f 4165 4163 3453
f 2412 2592 2411
f 2413 2592 2412
f 2412 1982 2413
f 5245 2410 2590
f 2590 2410 2411
f 1984 2410 5245
f 920 2411 1984
f 2411 2410 1984
f 4163 4949 4279
f 3165 2212 2442
f 4628 5370 4865
f 4865 4703 4628
f 5524 5525 4628
f 5525 5370 4628
f 4628 4703 4191
f 3166 3046 2441
f 2441 2213 3166
f 3046 3165 2441
f 3165 2442 2441
f 2214 2213 1680
f 1681 2215 2214
f 2214 2215 2440
f 2440 3166 2214
f 3166 2213 2214
f 1256 1676 949
f 949 1676 1681
f 1681 2214 949
f 949 1257 1256
f 947 1257 949
f 946 947 949
f 949 948 946
f 950 1668 948
f 1242 1668 950
f 1270 1725 2055
f 1725 2445 2055
f 2055 2445 2220
f 2056 1270 2055
f 2055 2220 2056
f 2446 1724 2210
f 2446 2445 1724
f 2210 2622 2446
f 2622 2445 2446
f 5371 5525 5526
f 5371 5370 5525
f 5371 4866 4865
f 4865 5370 5371
f 4192 4866 4704
f 3911 4010 3336
f 3336 4010 2209
f 4195 4194 4706
f 4010 4194 4195
f 4195 4017 3337
f 3337 4010 4195
f 3164 2436 3045
f 3045 3335 3164
f 2436 2212 3045
f 3045 2212 3165
f 3165 3335 3045
f 3913 4011 4192
f 3913 3335 4011
f 4192 3164 3913
f 3164 3335 3913
f 2611 2605 2433
f 3155 3320 3321
f 3155 2203 2427
f 3041 2203 3155
f 3155 3321 3322
f 3322 3041 3155
f 4697 3909 5514
f 5514 4849 4697
f 4177 3909 4697
f 4697 4698 4177
f 4849 4698 4697
f 5520 5519 5613
f 5613 5614 5520
f 5520 5515 4965
f 5520 5615 5515
f 5520 5614 5615
f 2022 2792 2014
f 2014 1688 2022
f 2014 2792 2984
f 2984 972 2014
f 972 1688 2014
f 497 972 263
f 497 1688 972
f 497 971 1688
f 263 162 497
f 2022 1688 1259
f 1688 971 1259
f 1689 2022 1259
f 1259 971 1689
f 483 1659 936
f 483 1998 1659
f 2003 1998 483
f 483 2782 2003
f 942 2782 483
f 161 162 263
f 266 497 162
f 971 497 266
f 4433 4599 4598
f 4599 5094 4598
f 4598 5094 4967
f 4598 4967 5265
f 5265 4597 4598
f 4598 4597 4433
f 4600 5261 5263
f 5263 4599 4600
f 4599 4435 4600
f 4600 5093 5261
f 4435 5093 4600
f 2608 2606 3161
f 3327 2608 3161
f 3161 3469 3327
f 3328 3469 3161
f 3161 2606 3328
f 4180 3469 3470
f 3470 4290 4180
f 4283 3469 4180
f 4180 4290 4283
f 1665 5268 946
f 1665 1666 5268
f 946 948 1665
f 948 1666 1665
f 3654 3847 3854
f 3654 3479 3847
f 2804 2803 3654
f 2995 2804 3654
f 3654 3854 3478
f 3478 2995 3654
f 3012 3013 2820
f 2820 3013 2811
f 2820 2051 1712
f 2820 3666 3012
f 1712 3666 2820
f 1262 2051 2050
f 2050 2820 2811
f 2051 2820 2050
f 2050 1714 1262
f 2047 1714 2050
f 521 277 995
f 521 1714 522
f 995 1714 521
f 521 522 197
f 197 277 521
f 2811 3013 3003
f 3003 2621 2811
f 3012 3002 3003
f 3003 3013 3012
f 3003 3002 2810
f 2810 2621 3003
f 1710 987 1709
f 987 986 1709
f 1709 986 1708
f 160 499 265
f 265 159 160
f 162 161 265
f 2982 2794 2617
f 2617 2794 2020
f 2617 2790 2982
f 2020 2790 2617
f 3464 3635 2962
f 3464 3830 3635
f 5080 5252 5247
f 5247 4580 5080
f 5080 4581 5252
f 5080 4580 4581
f 3829 3631 3828
f 3631 3829 3459
f 3830 3464 3459
f 1623 897 1624
f 1623 898 897
f 1624 1968 1623
f 1968 1969 1623
f 464 898 1623
f 1623 1622 464
f 1969 1622 1623
f 151 248 149
f 248 898 149
f 150 152 149
f 152 151 149
f 149 898 464
f 464 246 149
f 149 249 150
f 246 249 149
f 1663 2601 1662
f 1662 2601 2006
f 2006 1245 1662
f 1662 945 1663
f 1662 1245 945
f 2612 2431 2430
f 2430 2613 2612
f 2604 2613 2430
f 2430 2434 2604
f 3472 3158 2604
f 4183 3330 3472
f 3330 3158 3472
f 4860 4857 4285
f 3906 3324 4009
f 957 1253 1252
f 1252 1674 957
f 2212 1674 1252
f 2093 2212 1252
f 1671 958 960
f 960 1247 1671
f 1670 958 1671
f 1671 2431 1670
f 1671 2430 2431
f 3019 3057 2248
f 3188 3057 3019
f 2240 2250 2249
f 551 1078 1019
f 1019 549 550
f 1019 1078 549
f 4204 4714 4715
f 5386 4882 4881
f 4881 5538 5386
f 4881 4882 4715
f 4715 4714 4881
f 4880 4709 4881
f 4881 4718 4880
f 4881 4714 4718
f 1013 536 1003
f 1003 1271 1013
f 3501 4017 4199
f 3051 3169 3017
f 3017 2227 3051
f 4205 4036 4715
f 4715 4882 4205
f 4882 5385 4205
f 4205 4206 4036
f 5378 5379 5295
f 4711 5378 5295
f 5295 4708 4711
f 3873 4202 4038
f 5269 4188 4187
f 4187 4014 5269
f 5097 4605 4862
f 5522 4863 5367
f 4863 4862 5367
f 5367 4862 4605
f 5367 4605 4603
f 4603 4439 5367
f 4702 4188 4701
f 2258 1753 1318
f 2258 2259 1753
f 2258 1318 1319
f 1319 2110 2258
f 2110 2240 2258
f 588 1097 1096
f 1095 586 588
f 588 1096 1095
f 3195 3063 3363
f 3363 3063 4052
f 1755 2261 2257
f 3384 3385 4066
f 4067 3384 4066
f 4066 4070 4224
f 4066 3385 4070
f 4225 4067 4066
f 4066 4224 4225
f 595 593 1327
f 593 1094 1327
f 1327 1094 1755
f 1755 2257 1327
f 1320 593 1093
f 593 592 1093
f 1093 591 1320
f 594 592 595
f 1099 592 594
f 595 1090 594
f 2120 1099 594
f 594 1090 2120
f 564 1286 1285
f 564 563 562
f 562 1286 564
f 1284 1283 564
f 564 1738 1284
f 564 1285 1738
f 566 563 564
f 564 1283 566
f 4036 4206 4035
f 4035 3352 4036
f 5537 4884 4883
f 4883 5385 5537
f 4883 4205 5385
f 557 1074 1075
f 555 557 1075
f 2238 2239 2115
f 2238 5122 2243
f 2238 2115 5122
f 2243 2242 2238
f 2242 2239 2238
f 1289 552 1068
f 1068 552 1282
f 4054 3192 3366
f 3366 3931 4054
f 4217 4218 4050
f 4050 4218 3926
f 2254 2466 2465
f 3879 3924 4041
f 3188 3924 3879
f 4041 3925 3879
f 3879 3925 3188
f 2247 2246 3062
f 2246 3021 3062
f 2248 2247 3062
f 3062 3021 3186
f 3062 3019 2248
f 3062 3186 3187
f 3188 3019 3062
f 3187 3188 3062
f 3325 3324 3474
f 2602 2601 2202
f 2202 2423 2602
f 2603 2601 2602
f 2602 2423 2603
f 1641 1642 2085
f 2202 1641 2085
f 2085 2423 2202
f 2424 2423 2085
f 2085 1642 2424
f 2424 2200 3153
f 3153 2423 2424
f 2200 4009 3153
f 3153 4009 3324
f 3324 3325 3153
f 3001 3660 3484
f 3660 3858 3484
f 3484 3659 3001
f 3484 3858 3659
f 3658 3859 2808
f 3658 2043 2809
f 2809 3659 3658
f 3659 3859 3658
f 3658 2808 2042
f 3658 2042 519
f 519 2043 3658
f 3861 4292 3485
f 1704 2041 2040
f 2040 2041 2807
f 2040 2807 2039
f 2040 1703 1704
f 2039 1703 2040
f 2037 1701 2038
f 2037 2038 2806
f 2806 2805 2037
f 5623 1701 2037
f 2037 2805 5623
f 5533 5622 5529
f 5104 4975 4621
f 4619 5104 4621
f 4621 4620 4619
f 5529 4620 4621
f 4621 4975 5529
f 4299 4201 4298
f 5278 5104 5279
f 5279 5277 5278
f 1313 1084 1748
f 1313 1302 1314
f 579 1084 1313
f 1313 1739 1302
f 1748 1739 1313
f 295 579 1313
f 1314 297 1313
f 297 295 1313
f 1740 1739 2461
f 2822 1740 2461
f 2461 2821 2822
f 2642 2821 2461
f 2461 1739 2642
f 3356 2836 3515
f 3514 3683 4313
f 4313 3684 3514
f 3513 3683 3514
f 19 296 580
f 580 205 19
f 579 205 580
f 580 1084 579
f 1749 1084 580
f 578 296 208
f 578 303 1316
f 578 208 303
f 1085 578 1316
f 206 296 19
f 19 18 206
f 206 18 217
f 17 296 206
f 16 17 206
f 206 217 16
f 2651 2837 2642
f 2651 2836 2837
f 2642 1748 2651
f 1748 1749 2651
f 2651 3515 2836
f 1719 1263 994
f 529 1719 994
f 994 280 529
f 994 1263 1712
f 523 280 994
f 994 1712 523
f 3914 3168 5285
f 5285 4022 3914
f 3051 3168 3914
f 5292 4707 4624
f 5292 4624 4452
f 5292 4632 4707
f 5375 4632 5292
f 4025 3877 3915
f 3915 3169 3051
f 3915 3877 3169
f 3051 3914 3915
f 3915 3914 4022
f 4633 4632 4023
f 5285 4633 4023
f 4023 4022 5285
f 3052 3168 3051
f 3051 2226 3052
f 5285 3168 3052
f 3052 2226 5285
f 5285 2099 1277
f 1277 1059 5285
f 542 5285 1058
f 5285 1059 1058
f 2817 2052 2818
f 2818 3005 2817
f 1742 2460 2639
f 2639 1306 1742
f 1743 1306 2639
f 1743 2459 1744
f 1744 1080 1743
f 1743 1080 573
f 293 1306 1743
f 573 570 1743
f 4308 3671 3670
f 3670 4462 4308
f 3506 3669 3670
f 4302 4462 3670
f 3670 3669 4302
f 2641 2823 3506
f 2641 2462 2823
f 1741 2462 2641
f 2641 1308 1741
f 4307 4461 3672
f 3672 3671 4307
f 3508 3507 3672
f 3672 3673 3508
f 3672 4461 4305
f 4305 3673 3672
f 3668 3504 3667
f 3668 3676 5534
f 5534 3504 3668
f 1744 2459 2638
f 2638 2459 2826
f 2826 3667 2638
f 3667 2636 2638
f 4304 4303 4463
f 5534 3676 4304
f 4304 5382 5534
f 4463 5382 4304
f 3676 3668 3675
f 3675 3668 3667
f 3675 4304 3676
f 4303 4304 3675
f 3675 3667 3674
f 4463 4303 4976
f 4976 5119 4977
f 4977 4463 4976
f 4976 4979 5119
f 4976 4303 4979
f 4459 4979 4306
f 4979 4303 4306
f 4306 3674 4459
f 4306 3675 3674
f 4303 3675 4306
f 294 570 285
f 285 194 294
f 294 1743 570
f 294 194 293
f 293 1743 294
f 1301 2638 2636
f 1301 572 285
f 1301 1300 572
f 1745 1300 1301
f 1301 2636 1745
f 4314 4471 4472
f 4472 4471 4462
f 4302 4314 4472
f 4472 4462 4302
f 1311 300 581
f 1310 300 1311
f 581 1312 1311
f 1311 1312 1750
f 1750 2648 1311
f 2648 1310 1311
f 1752 1087 1751
f 1751 2647 1752
f 1751 1087 1310
f 1751 1310 2648
f 2648 2647 1751
f 7 299 211
f 299 582 211
f 211 582 583
f 211 9 7
f 583 9 211
f 2831 2646 2647
f 2831 3512 2832
f 2831 2832 2645
f 2645 2646 2831
f 4311 3681 4211
f 4211 3680 4467
f 4468 4311 4211
f 4211 4984 4468
f 4467 4982 4211
f 4211 4982 5125
f 5125 4984 4211
f 3692 4316 3694
f 3694 3693 3692
f 3693 3517 3692
f 4319 4316 3692
f 3691 4319 3692
f 3692 3517 3691
f 2848 2847 3376
f 2848 2663 2847
f 3376 3524 2848
f 2662 2663 2848
f 1352 2663 2662
f 1352 623 622
f 1353 623 1352
f 1351 2663 1352
f 1352 622 621
f 621 1351 1352
f 224 323 35
f 224 623 323
f 35 318 224
f 224 318 623
f 2662 2661 1774
f 1774 1352 2662
f 2660 1773 1354
f 624 1353 1354
f 1353 2661 1354
f 1354 1355 624
f 4482 4995 4326
f 4326 4995 4327
f 5144 4995 4997
f 4997 5143 5144
f 4997 4995 4482
f 4482 4996 4997
f 4997 4996 5143
f 2662 2848 2849
f 2849 2848 3524
f 29 320 36
f 326 30 29
f 29 36 326
f 30 324 29
f 324 320 29
f 4644 4743 4645
f 5307 5310 4645
f 4645 4743 5307
f 3936 4055 4645
f 4645 4055 4644
f 4062 4643 4742
f 4061 4643 4062
f 4062 4742 4644
f 4644 4055 4062
f 4062 4055 3935
f 3935 3885 4062
f 597 1756 1091
f 2256 1756 597
f 1091 599 597
f 597 596 1090
f 597 599 598
f 598 596 597
f 1332 1333 1100
f 1100 1102 1332
f 2122 1333 1332
f 2121 2122 1332
f 1332 1102 2121
f 2270 3073 2271
f 2271 3073 3074
f 3883 3074 3207
f 3074 3073 3207
f 3936 4645 4056
f 2272 3074 1336
f 1336 2124 2272
f 2272 2271 3074
f 2124 2271 2272
f 1335 2124 1098
f 1098 2124 592
f 1098 592 1099
f 1098 1334 1335
f 1099 1334 1098
f 5548 5310 5408
f 5408 4895 5548
f 5548 4895 5310
f 3934 3885 3203
f 3203 3202 3934
f 4061 4062 3934
f 3934 4062 3885
f 3886 4061 3934
f 3934 3202 3886
f 3537 3536 2867
f 2867 3538 3537
f 2866 3538 2867
f 3716 3536 3537
f 3716 3717 3536
f 4339 3717 3716
f 3716 3715 4339
f 3537 3538 3716
f 3716 3538 3715
f 342 1394 341
f 342 51 1394
f 44 51 1392
f 51 342 1392
f 1392 342 341
f 341 660 1392
f 1392 660 665
f 665 1393 1392
f 1392 1393 1800
f 686 2686 685
f 685 345 686
f 345 347 686
f 348 345 346
f 348 347 345
f 346 47 348
f 2509 2686 1825
f 2509 2873 2686
f 3545 3546 3724
f 3545 2873 3546
f 3545 3724 3544
f 3544 2873 3545
f 4474 4483 4475
f 4998 4990 4475
f 4475 4483 4998
f 3687 4315 4475
f 4315 4474 4475
f 3520 3687 4475
f 4476 4320 4475
f 4475 4320 3520
f 4475 4989 4476
f 4475 4990 4989
f 3011 3666 2819
f 3489 3666 3011
f 2819 3010 3011
f 3011 3010 3665
f 3665 3489 3011
f 575 1308 291
f 1083 1308 575
f 1304 1083 575
f 289 1304 575
f 999 281 202
f 202 194 999
f 999 194 193
f 193 200 999
f 524 281 999
f 999 1715 524
f 999 998 1265
f 4455 3871 3870
f 3870 3871 3663
f 3663 3491 3870
f 3663 3871 3490
f 3490 3871 3009
f 4626 5111 4455
f 4455 3870 4626
f 4626 3870 3491
f 4625 5111 4626
f 3869 4625 4626
f 4626 3491 3869
f 4351 4505 3735
f 4351 4509 4505
f 4351 4508 4509
f 1833 1832 2695
f 2885 3557 2886
f 2886 2697 2885
f 702 358 359
f 360 700 359
f 358 64 359
f 55 360 359
f 359 64 55
f 5020 4508 4352
f 4352 4508 3733
f 4507 5020 4352
f 4352 4353 4507
f 3732 4353 4352
f 4352 3733 3732
f 4509 4508 5019
f 4505 4509 5019
f 5170 5171 5019
f 5019 4508 5170
f 5019 5171 5168
f 5168 4505 5019
f 698 699 361
f 361 364 698
f 3733 4508 3734
f 3734 3553 3733
f 4508 4351 3734
f 3734 4351 3553
f 3555 2883 2882
f 2882 3553 3555
f 3555 4351 3735
f 3553 4351 3555
f 1432 695 5423
f 5423 1829 1432
f 2691 1829 5423
f 2691 1830 1829
f 2881 1830 2691
f 59 363 66
f 363 364 66
f 66 361 59
f 66 364 361
f 2881 2882 2692
f 2692 1830 2881
f 2882 1832 2692
f 60 363 59
f 59 361 60
f 4514 5175 5024
f 5024 4513 4514
f 5182 5175 5025
f 5175 4514 5025
f 5025 5183 5182
f 5025 5026 5183
f 3413 3743 3561
f 3561 2892 3413
f 2702 3743 3413
f 3413 2892 2702
f 2901 2900 3569
f 3569 3754 2901
f 2708 2900 2901
f 4365 3754 4523
f 4365 4523 5028
f 5028 4524 4365
f 4524 4366 4365
f 3756 4525 4367
f 5034 5027 5026
f 4525 5027 5034
f 3748 3747 3746
f 3746 3747 3560
f 353 5705 689
f 353 354 5705
f 689 2505 353
f 2505 354 353
f 352 2505 351
f 2505 688 351
f 351 688 2688
f 625 317 222
f 222 317 34
f 323 625 222
f 222 34 323
f 621 318 225
f 225 318 36
f 225 36 319
f 225 616 621
f 319 616 225
f 326 36 223
f 36 318 223
f 223 28 326
f 223 27 28
f 35 27 223
f 223 318 35
f 704 705 355
f 704 1425 1424
f 1424 705 704
f 704 1434 1425
f 703 1434 704
f 2510 1828 2693
f 1828 1838 2693
f 2693 2878 2510
f 2693 2888 2878
f 1837 2888 2693
f 2693 1838 1837
f 2677 3533 2678
f 2678 1794 2677
f 2678 2861 2675
f 2675 1793 2678
f 1793 1794 2678
f 3705 3533 3706
f 3706 4335 3705
f 3705 4335 4334
f 4487 4497 5002
f 4487 4335 4497
f 5002 4488 4487
f 4488 4335 4487
f 1486 1493 2162
f 2072 1158 2162
f 2162 1158 1486
f 2162 1493 2075
f 2162 2075 2344
f 2162 2344 2345
f 2345 2346 2162
f 2346 2073 2162
f 2162 1159 2072
f 2162 2073 1159
f 4110 4670 4669
f 4669 4111 4110
f 4110 4111 4108
f 4110 4108 5193
f 5193 4670 4110
f 4787 5337 4788
f 4788 5337 5455
f 4788 5339 4784
f 4788 5455 5456
f 5456 5339 4788
f 4112 4111 4787
f 4109 4111 4112
f 4112 3971 4109
f 3266 3267 3110
f 3110 3111 3266
f 3974 3267 3266
f 3266 3111 3112
f 1159 2073 1492
f 1492 2073 2161
f 759 1034 1159
f 1159 1160 759
f 1033 1480 759
f 759 1161 1033
f 759 1160 1161
f 3112 3113 3264
f 3264 3113 3263
f 3264 3263 4109
f 4109 3971 3264
f 5454 5336 4380
f 4380 5452 5454
f 5453 5336 5454
f 5454 5452 5453
f 5577 388 766
f 766 767 5577
f 1496 767 766
f 766 387 1496
f 766 388 387
f 387 388 386
f 386 77 387
f 386 388 5577
f 5577 77 386
f 2715 1883 2716
f 2716 2906 2715
f 5577 1883 2715
f 2715 2906 5577
f 387 396 765
f 765 768 387
f 765 396 1497
f 1497 768 765
f 1452 1447 2152
f 2152 2151 1452
f 1452 2150 1447
f 1452 2151 2150
f 2157 1450 1445
f 1445 1450 2147
f 3097 3239 2519
f 3408 3239 3097
f 3097 2519 3094
f 3094 3408 3097
f 826 836 1193
f 1193 827 826
f 1195 836 826
f 1196 1195 826
f 826 827 1196
f 2371 827 1556
f 1556 827 2375
f 2377 2378 2184
f 2184 2185 2377
f 3137 2378 2377
f 5221 3137 2377
f 2377 2185 5221
f 3790 3791 3597
f 4390 3791 3790
f 3790 3597 3433
f 3433 4257 3790
f 4257 4390 3790
f 1935 1574 1936
f 2744 2743 1935
f 1935 1936 2744
f 2743 2742 1935
f 1573 1574 1935
f 438 437 1575
f 1572 846 1573
f 1573 1933 1572
f 1571 846 1572
f 1572 1933 1571
f 1934 1933 1573
f 2742 1933 1934
f 1573 1935 1934
f 1934 1935 2742
f 843 846 431
f 431 440 843
f 1573 846 843
f 843 440 1573
f 105 232 439
f 439 440 105
f 1573 440 439
f 439 1574 1573
f 3801 3605 3800
f 3801 3606 3605
f 3801 3800 4559
f 4559 4396 3801
f 4396 3606 3801
f 100 230 109
f 100 109 229
f 233 230 100
f 100 101 233
f 229 234 100
f 234 101 100
f 3600 2556 2931
f 3791 4391 3792
f 3598 2735 3792
f 2735 3791 3792
f 4556 3793 4392
f 4391 4555 4392
f 4392 3792 4391
f 5055 4556 4392
f 5052 4555 5054
f 5052 5210 5211
f 5052 5054 5210
f 5052 4392 4555
f 5055 4392 5052
f 5211 5212 5052
f 5052 5212 5055
f 5208 5202 5209
f 5209 5203 5210
f 5209 5202 5203
f 86 412 413
f 413 806 414
f 805 806 413
f 414 85 413
f 413 85 86
f 1537 1533 804
f 804 1533 805
f 412 803 804
f 805 413 804
f 804 413 412
f 804 1536 1537
f 804 803 1536
f 2924 2731 2553
f 2553 2731 1908
f 2732 2924 2553
f 2553 1908 2732
f 1540 817 816
f 816 429 1540
f 816 817 421
f 421 429 816
f 2750 1587 2944
f 2750 1945 1587
f 2944 2945 2750
f 2750 2945 2570
f 2570 1944 2750
f 1944 1945 2750
f 859 1202 860
f 858 1202 859
f 240 117 118
f 2571 2943 1587
f 1587 1943 2571
f 3578 2911 3760
f 2720 2911 3578
f 3578 2538 2720
f 3578 2910 2538
f 3760 3575 3578
f 3575 2910 3578
f 1870 2705 1852
f 1852 1871 1870
f 56 360 55
f 56 1457 360
f 55 357 56
f 357 1461 56
f 2524 1461 733
f 733 2704 2524
f 2524 2704 1461
f 2904 3410 2890
f 2890 2905 2904
f 1461 2704 1853
f 1458 1461 1853
f 2704 2890 1853
f 374 728 1461
f 357 375 374
f 374 1461 357
f 374 375 5708
f 5708 728 374
f 372 1461 727
f 1461 732 727
f 727 1457 372
f 727 732 1457
f 1835 1433 1426
f 2698 1433 1836
f 1836 2697 2698
f 2698 1434 1433
f 2698 2886 2887
f 2698 2697 2886
f 2887 1837 2698
f 1837 1434 2698
f 3776 3585 3584
f 3584 3775 3776
f 3585 2917 3584
f 3584 2917 2721
f 2721 3581 3584
f 3581 3774 3584
f 3774 3775 3584
f 408 91 405
f 405 91 97
f 97 407 405
f 407 773 405
f 405 89 408
f 96 89 405
f 405 406 96
f 405 773 406
f 4379 3769 4380
f 4379 3770 3769
f 4379 4538 4378
f 4378 3770 4379
f 4369 3762 4372
f 4372 4527 4369
f 4369 3763 3762
f 4369 4527 4530
f 4530 3763 4369
f 1503 773 1893
f 1503 774 773
f 1503 1893 775
f 775 774 1503
f 1843 713 712
f 712 721 1843
f 712 713 1136
f 1136 721 712
f 2150 721 1148
f 1148 1136 2152
f 1148 721 1136
f 1860 2699 5569
f 5569 1849 1860
f 5569 724 729
f 367 62 363
f 5569 62 367
f 3232 3233 3089
f 3090 3950 3232
f 4656 4766 4763
f 4763 4089 4656
f 5324 4766 4765
f 4766 4656 4765
f 4765 4656 4088
f 4657 5325 4765
f 5325 5324 4765
f 4765 4087 4657
f 4765 4088 4087
f 1132 1133 2143
f 2143 1412 1132
f 1132 2141 1133
f 1132 1412 2141
f 3077 2289 2288
f 3077 3075 2289
f 3077 3221 3940
f 3940 3938 3077
f 3938 3075 3077
f 3024 3221 3077
f 3077 2287 3024
f 2288 2287 3077
f 1874 1483 1873
f 1874 1482 1483
f 1875 1482 1874
f 748 758 1032
f 1032 749 748
f 748 1033 758
f 748 749 1033
f 1162 1488 1163
f 1163 758 1162
f 1161 1488 1162
f 758 1161 1162
f 2934 2745 2746
f 3607 2934 2746
f 2746 2747 3607
f 2746 1937 1938
f 2746 2745 1937
f 2746 1939 2747
f 1938 1939 2746
f 1948 1207 1947
f 125 235 127
f 448 125 127
f 3611 3810 3807
f 3611 2942 2941
f 2940 3444 3611
f 3611 2941 2940
f 3611 3444 3809
f 3809 3810 3611
f 4566 5063 4567
f 5065 4564 4567
f 4567 5063 5224
f 5224 5225 4567
f 5225 5065 4567
f 2941 2942 2752
f 1581 1948 2752
f 2940 2941 2752
f 2752 2573 2940
f 1947 2573 2752
f 2752 1948 1947
f 1206 1581 1942
f 5068 4565 3797
f 3797 4399 5068
f 5068 4399 4565
f 1627 2765 462
f 1683 492 496
f 974 492 1683
f 1683 2015 2016
f 2791 2985 3644
f 3644 2789 2791
f 2024 2025 2791
f 2791 2789 2024
f 164 972 264
f 972 973 264
f 496 164 264
f 264 973 496
f 3825 5082 4583
f 4583 4421 3825
f 4583 5082 5249
f 4583 5249 5250
f 5250 5084 4583
f 4584 4423 4585
f 4585 5083 4584
f 4585 4594 4590
f 4423 4594 4585
f 4590 5091 4585
f 5091 5083 4585
f 1988 1656 929
f 2966 3634 3632
f 3632 2774 2966
f 3463 2964 2965
f 2965 3462 3463
f 3463 3462 3828
f 3828 3631 3463
f 3463 3631 2964
f 147 464 247
f 464 892 247
f 247 145 147
f 247 892 145
f 2767 3623 2766
f 2954 2765 2587
f 2587 2766 2954
f 2954 2766 3623
f 476 930 255
f 255 142 476
f 144 142 255
f 930 479 255
f 255 479 144
f 2767 1620 470
f 5218 5227 5226
f 5227 4401 5226
f 5226 5225 5218
f 5226 5065 5225
f 3446 3141 3302
f 3302 3447 3446
f 2580 2579 3302
f 3302 3141 2580
f 3302 2579 2394
f 3302 2394 3139
f 3139 3448 3302
f 3448 3447 3302
f 4272 4822 3992
f 3992 4149 4272
f 3992 3447 4149
f 3992 4822 4273
f 4273 3997 3992
f 3997 3447 3992
f 5232 5242 5241
f 5241 5242 5076
f 5241 4948 5232
f 5241 5076 4948
f 2767 1971 3624
f 4412 2767 3624
f 3624 3823 4412
f 3624 3625 3823
f 2761 3625 2953
f 3625 3624 2953
f 2953 3624 1971
f 3151 3315 3453
f 2592 3315 3151
f 3453 3314 3151
f 3314 2592 3151
f 3454 4280 4277
f 4277 4165 3454
f 4277 4280 4163
f 4163 4165 4277
f 1983 1635 1225
f 1225 1982 1983
f 1982 2412 1983
f 2411 1635 1983
f 1983 2412 2411
f 3314 3452 3313
f 3313 2590 3314
f 3313 3452 5245
f 5245 2590 3313
f 3314 2590 2591
f 2591 2590 2411
f 2591 2592 3314
f 2411 2592 2591
f 1632 922 920
f 5245 922 1632
f 4278 4164 4163
f 4163 4279 4278
f 5245 4164 4278
f 4278 4279 5245
f 4957 4949 5503
f 4957 4578 5081
f 1680 2442 953
f 955 1241 953
f 953 2212 2093
f 953 2442 2212
f 953 1253 955
f 2093 1252 953
f 953 1252 1253
f 4864 4628 4190
f 4190 4702 4864
f 4864 4702 4863
f 3334 3335 3165
f 4011 3335 3334
f 4190 4628 3334
f 4191 4011 3334
f 3334 4628 4191
f 3334 3912 4190
f 3334 3165 3333
f 3333 3912 3334
f 3166 4014 4013
f 4014 4187 4013
f 1680 2213 2095
f 2213 2441 2095
f 2095 2442 1680
f 2095 2441 2442
f 4867 4704 4866
f 4866 5371 4867
f 4705 4704 4867
f 4193 3164 4192
f 4192 4704 4193
f 4705 4194 4193
f 4193 4704 4705
f 2217 2216 1678
f 2437 2216 3162
f 3162 2216 2217
f 3911 3336 3162
f 3159 3329 3471
f 3159 2611 3329
f 3471 2605 3159
f 2605 2611 3159
f 2431 3329 2432
f 3329 2611 2432
f 2432 2009 2431
f 2433 2009 2432
f 2432 2611 2433
f 2426 3155 2427
f 2427 2088 2426
f 2088 2204 2426
f 2426 2204 3156
f 4965 4859 4964
f 4964 5520 4965
f 4858 4963 4964
f 4964 4859 4858
f 4964 4963 5519
f 5519 5520 4964
f 261 483 936
f 169 483 261
f 936 489 261
f 489 169 261
f 260 161 263
f 942 483 260
f 260 483 169
f 169 161 260
f 263 972 260
f 260 972 942
f 3479 3654 2994
f 2994 3654 2803
f 2994 2803 2993
f 2994 2993 3653
f 3653 3479 2994
f 2047 2050 2046
f 2811 2621 2046
f 2046 2050 2811
f 1708 2047 2046
f 2046 1709 1708
f 2810 2045 2046
f 2046 2621 2810
f 2046 2045 1710
f 1710 1709 2046
f 498 499 1689
f 498 265 499
f 1689 971 498
f 971 266 498
f 498 266 162
f 162 265 498
f 258 265 161
f 258 169 489
f 258 161 169
f 159 265 258
f 168 159 258
f 258 488 168
f 489 488 258
f 3830 3459 4419
f 4419 4581 4418
f 4418 3830 4419
f 4419 3459 3829
f 2963 3464 2962
f 2963 3459 3464
f 2962 2770 2963
f 3631 3459 2963
f 2772 2964 2963
f 2964 3631 2963
f 1664 2434 2008
f 2434 2430 2008
f 2008 1247 1664
f 2008 1671 1247
f 2430 1671 2008
f 4183 3472 4186
f 4285 4286 4186
f 4186 4286 4183
f 4186 3472 2604
f 4186 3473 4285
f 2604 3473 4186
f 4961 4856 4857
f 4962 4856 4961
f 4960 4860 4700
f 4852 4961 4960
f 4857 4860 4960
f 4960 4961 4857
f 5366 5365 5612
f 5612 5611 5366
f 4850 5365 4851
f 5365 5366 4851
f 4851 5366 4852
f 4851 4698 4850
f 4008 4007 4171
f 550 1282 1067
f 1067 1019 550
f 1282 552 1067
f 1067 552 551
f 551 1019 1067
f 4714 4204 4203
f 4203 4039 4718
f 4718 4714 4203
f 4037 4204 4715
f 4715 4036 4037
f 4037 3179 3351
f 4037 4036 2236
f 2236 3179 4037
f 3351 4039 4037
f 4039 4203 4037
f 4037 4203 4204
f 1276 536 1053
f 536 1013 1053
f 4017 4195 4295
f 4295 4199 4017
f 4295 4195 4706
f 2056 3347 2628
f 2628 3347 3501
f 3501 4199 2628
f 4710 5293 4711
f 4710 4632 5375
f 5375 5293 4710
f 5377 5378 4711
f 4711 5293 5377
f 5377 5536 5378
f 5535 5536 5377
f 5377 5375 5535
f 5377 5293 5375
f 5296 5295 5379
f 4708 5295 5296
f 3876 3877 4025
f 3876 4026 3916
f 4709 4629 5297
f 5297 4881 4709
f 5538 4881 5297
f 5386 5538 5297
f 5297 5381 5386
f 4439 5521 5523
f 5523 5367 4439
f 5521 5522 5523
f 5522 5367 5523
f 4861 4862 4863
f 4863 4702 4861
f 4861 4702 4701
f 4861 4701 5097
f 5097 4862 4861
f 2472 2259 2473
f 2259 2258 2473
f 2473 2250 2472
f 2473 2249 2250
f 2240 2249 2473
f 2473 2258 2240
f 1097 588 590
f 591 1093 590
f 590 1093 592
f 592 2124 590
f 590 2124 1097
f 587 1092 589
f 589 1092 591
f 591 590 589
f 589 590 588
f 4052 4214 4215
f 4215 4214 4736
f 4215 4736 4735
f 2469 2261 2470
f 2469 2257 2261
f 2469 2470 3195
f 2469 3195 4051
f 1326 1090 595
f 595 1327 1326
f 1326 1327 2257
f 2257 2469 1326
f 1326 2469 4051
f 4051 2468 1326
f 1326 2468 2256
f 2256 597 1326
f 1326 597 1090
f 4717 4883 4884
f 1297 555 1292
f 555 1075 1292
f 1292 1074 1297
f 1292 1075 1074
f 1289 1068 1733
f 2237 1289 1733
f 1733 2108 2237
f 1733 1068 1282
f 1733 1282 2231
f 2231 2108 1733
f 3066 3192 2465
f 3066 3366 3192
f 4217 4050 3930
f 3930 3929 4217
f 2255 2254 1325
f 1325 1756 2255
f 2255 1756 2256
f 1324 1089 1758
f 2252 1324 1758
f 2423 3153 3039
f 3039 3153 3325
f 3160 2423 3039
f 3039 3474 3160
f 3039 3325 3474
f 3860 3859 4449
f 4449 4613 3860
f 4616 4613 4449
f 4449 3859 4450
f 4450 4616 4449
f 5106 4616 4450
f 4450 5105 5106
f 5106 5280 5281
f 5106 5105 5280
f 4617 4613 5108
f 4292 4617 5108
f 5284 4292 5108
f 5108 5283 5284
f 4448 3861 3860
f 3860 4613 4448
f 4448 4613 4617
f 4448 4617 4292
f 4292 3861 4448
f 3657 3486 3860
f 3860 3861 3657
f 3000 3486 3657
f 3657 2999 3000
f 3485 2999 3657
f 3657 3861 3485
f 5526 5525 5619
f 3339 3340 3494
f 5529 4975 4974
f 4974 5533 5529
f 5623 5622 5621
f 5622 5533 5621
f 5621 5521 5623
f 5621 5522 5521
f 5524 5522 5621
f 3685 3684 4314
f 3685 3515 3684
f 4314 3669 3685
f 3685 3669 3356
f 3356 3515 3685
f 1749 580 1315
f 1315 580 296
f 1315 2651 1749
f 296 578 1315
f 578 1085 1315
f 3515 2651 1315
f 3515 1315 2650
f 4452 5374 5376
f 5376 5292 4452
f 5374 5375 5376
f 5375 5292 5376
f 4025 3915 4024
f 4024 4710 4025
f 4632 4710 4024
f 4024 4023 4632
f 4024 3915 4022
f 4022 4023 4024
f 1717 1718 2052
f 2052 2817 1717
f 526 997 1717
f 997 1718 1717
f 1717 525 526
f 2816 3005 3006
f 2816 2817 3005
f 2053 2817 2816
f 283 200 525
f 525 998 283
f 283 999 200
f 998 999 283
f 1081 1306 574
f 1081 1742 1306
f 2825 1743 2639
f 2825 2639 3508
f 2826 2459 2825
f 2459 1743 2825
f 2825 3503 2826
f 3508 3673 2825
f 2825 3673 4460
f 3674 3503 2825
f 2825 4460 3674
f 3505 2641 3506
f 3506 3670 3505
f 3505 3670 3671
f 3507 2824 3505
f 3505 3672 3507
f 3671 3672 3505
f 1305 1080 1744
f 1744 2638 1305
f 2638 1301 1305
f 573 1080 1305
f 285 573 1305
f 1305 1301 285
f 2830 2831 2647
f 2830 3511 3360
f 2830 2647 2829
f 2829 3511 2830
f 3359 3360 3680
f 3680 4211 3359
f 3359 2830 3360
f 2831 2830 3359
f 3359 4211 3681
f 3359 3681 3512
f 3512 2831 3359
f 1769 2661 1353
f 1769 1774 2661
f 1353 1352 1769
f 1352 1774 1769
f 1355 1354 1770
f 1770 1354 1773
f 1770 1356 1355
f 1770 1773 1356
f 4482 4326 3700
f 3700 3524 3699
f 3699 4325 3700
f 4325 4482 3700
f 3525 1354 2661
f 2660 1354 3525
f 4223 4063 4646
f 4646 4895 4223
f 4063 4056 4646
f 2123 2124 1335
f 2123 2271 2124
f 1335 1334 2123
f 2123 1334 2120
f 2120 2270 2123
f 2270 2271 2123
f 3937 4063 3883
f 3883 3207 3937
f 3937 4056 4063
f 3936 4056 3884
f 4056 3937 3884
f 2868 2867 3536
f 3535 2681 2868
f 2868 3536 3535
f 1801 1392 1800
f 1422 2686 691
f 2686 686 691
f 44 1392 45
f 45 348 47
f 45 47 46
f 46 44 45
f 347 348 2508
f 2508 45 1392
f 348 45 2508
f 2508 686 347
f 2508 691 686
f 2688 1826 1821
f 1821 1421 2688
f 290 289 568
f 289 575 568
f 568 291 290
f 568 575 291
f 2054 1265 2053
f 2054 999 1265
f 1715 999 2054
f 2053 2816 2054
f 3663 3490 3008
f 3008 3490 3009
f 1428 700 699
f 3737 5018 5017
f 5017 4349 3737
f 4349 3738 3737
f 1829 1830 1431
f 1431 1432 1829
f 696 695 1431
f 695 1432 1431
f 2880 2881 2879
f 2881 2691 2879
f 5423 2880 2879
f 2879 2691 5423
f 363 60 369
f 361 368 369
f 369 60 361
f 360 371 58
f 58 1460 361
f 58 371 1460
f 361 699 362
f 362 65 361
f 360 65 362
f 362 700 360
f 699 700 362
f 3743 4359 4358
f 4358 4513 4357
f 4358 4514 4513
f 4515 5025 4514
f 4515 4358 4359
f 4514 4358 4515
f 2702 2892 2526
f 2526 1856 2702
f 2892 1857 2526
f 2526 1857 1856
f 1459 1457 2702
f 2702 1856 1459
f 1459 1857 1460
f 1856 1857 1459
f 1472 740 1465
f 1465 1867 1472
f 1867 1868 1472
f 1473 740 1472
f 1472 1869 1473
f 1472 1868 1869
f 1473 378 735
f 735 740 1473
f 1465 740 735
f 1466 1465 735
f 735 378 1466
f 3567 1866 2707
f 2707 2901 3567
f 2708 2901 2707
f 2707 1865 2708
f 2707 1866 1865
f 3754 4365 3755
f 3567 2901 3755
f 3755 2901 3754
f 3755 4365 4366
f 3755 4366 3756
f 3755 3570 3567
f 3756 3570 3755
f 3757 4367 3742
f 3742 3410 3757
f 3756 4367 3757
f 3757 3410 2904
f 2904 3571 3757
f 3757 3570 3756
f 3757 3571 3570
f 5176 5034 5026
f 4356 4511 4355
f 4355 3746 4356
f 3748 3746 4355
f 4354 3748 4355
f 4510 4354 4355
f 4355 4511 4510
f 1859 1860 1849
f 3745 3414 3412
f 3745 4357 4356
f 3745 3412 4357
f 4356 3746 3745
f 3745 3746 3560
f 3560 3414 3745
f 1460 1857 2701
f 2701 1857 2892
f 355 63 356
f 356 704 355
f 356 63 357
f 357 703 356
f 703 704 356
f 2861 2678 2862
f 2862 2678 3533
f 3532 4334 3704
f 3532 3705 4334
f 3532 3704 3531
f 3531 2861 3532
f 2861 2862 3532
f 3971 4112 3265
f 3265 3266 3112
f 3112 3264 3265
f 3265 3264 3971
f 3973 4113 3974
f 3974 3266 3973
f 3973 3265 4113
f 3266 3265 3973
f 1487 1160 1159
f 1159 1492 1487
f 2161 1160 1487
f 1487 1492 2161
f 751 1034 750
f 1034 759 750
f 750 1480 751
f 750 759 1480
f 2147 1144 1143
f 1143 1445 2147
f 1143 1144 2157
f 2157 1445 1143
f 1555 2375 1924
f 1555 1556 2375
f 1555 1924 2371
f 2371 1556 1555
f 437 438 103
f 102 233 103
f 103 233 437
f 103 232 102
f 103 439 232
f 438 439 103
f 1574 439 847
f 1575 1574 847
f 3431 3793 3600
f 3600 2931 3431
f 3599 4392 3793
f 3792 4392 3599
f 3598 3792 3599
f 3793 3431 3599
f 3599 3431 2931
f 5053 4554 4553
f 5053 5054 4554
f 4553 4257 5053
f 5210 5054 5053
f 5053 5209 5210
f 4257 5208 5053
f 5208 5209 5053
f 441 113 442
f 442 113 115
f 442 860 441
f 442 859 860
f 115 117 442
f 117 443 442
f 442 443 858
f 858 859 442
f 1587 443 1203
f 1203 443 117
f 2749 2571 1943
f 2943 2571 2749
f 3608 2943 2749
f 1848 1871 1851
f 1851 1852 1848
f 1871 1852 1851
f 1462 733 1848
f 1848 1852 1462
f 1462 2704 733
f 1462 1852 2704
f 372 1457 373
f 1457 56 373
f 373 1461 372
f 373 56 1461
f 3562 4359 2702
f 3562 2703 3563
f 2889 2890 2704
f 2905 2890 2889
f 2889 2705 2905
f 3564 1853 2890
f 3564 3410 3742
f 3564 2890 3410
f 702 359 701
f 701 1433 702
f 701 1426 1433
f 701 359 700
f 2694 701 700
f 1426 701 2694
f 1835 1426 2694
f 2694 2697 1835
f 2694 2885 2697
f 4380 4536 4537
f 4537 4379 4380
f 4536 5040 4537
f 5040 5041 4537
f 4537 5041 4538
f 4538 4379 4537
f 2152 1447 1147
f 1147 1148 2152
f 1447 2150 1147
f 2150 1148 1147
f 1456 1849 5569
f 5569 729 1456
f 366 724 5569
f 5569 367 366
f 3029 2301 3090
f 3090 3232 3029
f 3089 2301 3029
f 3029 3232 3089
f 3950 4088 3895
f 3895 3232 3950
f 3233 3232 3895
f 3894 4656 4089
f 3951 3233 3894
f 3894 4089 3951
f 4088 4656 3894
f 3233 3895 3894
f 3894 3895 4088
f 1873 2340 2341
f 2341 1874 1873
f 2341 2340 2528
f 3260 2342 2341
f 2341 2342 1875
f 1875 1874 2341
f 852 1207 853
f 1207 1948 853
f 853 1948 1581
f 126 459 235
f 235 125 126
f 854 1581 1206
f 854 448 1581
f 1205 1943 1587
f 3443 3611 3807
f 2942 3611 3443
f 3443 3807 3610
f 3610 2942 3443
f 3809 4566 4402
f 4566 4567 4402
f 4402 3810 3809
f 3807 3810 4402
f 4402 4564 3807
f 4402 4567 4564
f 1581 2752 2572
f 2572 2752 2942
f 2572 1942 1581
f 2572 2942 2751
f 2751 1942 2572
f 135 138 137
f 138 139 137
f 469 470 1620
f 143 470 469
f 141 143 469
f 496 973 1687
f 1687 1683 496
f 1687 973 1258
f 1258 2025 1687
f 2025 2015 1687
f 2015 1683 1687
f 1682 1683 2016
f 974 1683 1682
f 1682 2016 5608
f 5608 974 1682
f 2985 2791 2614
f 2614 2791 2025
f 2984 2985 2614
f 2614 2025 2984
f 3828 4421 4420
f 4421 4583 4420
f 4420 3829 3828
f 4581 4419 4420
f 4420 4419 3829
f 1989 1988 2774
f 931 1652 1989
f 1989 2774 931
f 1652 1656 1989
f 1656 1988 1989
f 3634 2966 2967
f 2967 2966 2774
f 1972 1627 1620
f 1972 1620 2767
f 2767 2766 1972
f 3622 3623 3824
f 3622 2954 3623
f 3824 2765 3622
f 2765 2954 3622
f 145 470 244
f 251 146 244
f 244 146 145
f 244 143 251
f 244 470 143
f 1621 1971 2767
f 2767 470 1621
f 1621 470 145
f 145 892 1621
f 1621 892 1622
f 1622 1971 1621
f 4401 4564 5066
f 5066 5226 4401
f 5066 4564 5065
f 5065 5226 5066
f 1970 1971 1622
f 1970 1969 2761
f 1970 1622 1969
f 920 1984 1633
f 1633 1632 920
f 1633 1984 5245
f 5245 1632 1633
f 4838 4279 4949
f 5245 4279 4838
f 4838 5246 5245
f 5081 5246 4838
f 5502 4957 5503
f 5606 5607 5502
f 5502 5503 5606
f 4578 4957 5502
f 5502 5607 4416
f 4416 4578 5502
f 952 950 951
f 951 953 952
f 952 2010 1242
f 1242 950 952
f 952 1669 2010
f 952 1241 1669
f 952 953 1241
f 5368 5522 5524
f 5524 4628 5368
f 4628 4864 5368
f 5368 4863 5522
f 5368 4864 4863
f 4190 3912 4012
f 4012 3912 3333
f 4012 3333 3166
f 3166 4013 4012
f 951 949 1255
f 949 1254 1255
f 1255 953 951
f 1255 1254 953
f 1680 953 1675
f 953 1254 1675
f 1675 2214 1680
f 1675 949 2214
f 1675 1254 949
f 5369 4867 5371
f 5526 5527 5369
f 5369 5371 5526
f 4705 4867 5369
f 5372 4705 5369
f 5369 5528 5372
f 5527 5528 5369
f 2217 3164 4015
f 3164 4193 4015
f 4015 3162 2217
f 3911 3162 4015
f 4015 4194 3911
f 4015 4193 4194
f 2092 2216 2437
f 2092 1678 2216
f 2092 2437 2209
f 2209 1678 2092
f 1673 2209 1250
f 1673 1678 2209
f 1673 1250 2217
f 2217 1678 1673
f 2437 3162 3044
f 3044 3162 3336
f 2209 2437 3044
f 3044 3336 2209
f 3320 3155 3042
f 3155 2426 3042
f 3156 3320 3042
f 3042 2426 3156
f 2771 2770 1992
f 2771 2963 2770
f 2772 2963 2771
f 2771 1991 2772
f 1992 1991 2771
f 5517 4961 4852
f 5517 5366 5611
f 5517 5611 5518
f 5518 4962 5517
f 4962 4961 5517
f 4700 4852 4853
f 4853 4960 4700
f 4852 4960 4853
f 4007 4008 3152
f 2208 4007 3152
f 3152 2207 2208
f 3152 3040 2422
f 2422 2207 3152
f 4696 4851 4852
f 4696 4008 4171
f 4171 4698 4696
f 4698 4851 4696
f 4009 4172 4179
f 4179 4860 4285
f 4700 4860 4179
f 4179 4285 3906
f 3906 4009 4179
f 4699 4172 4008
f 4699 4696 4852
f 4008 4696 4699
f 4699 4852 4700
f 4700 4179 4699
f 4699 4179 4172
f 3907 4172 4009
f 4008 4172 3907
f 3048 3014 2224
f 3174 3014 3048
f 4706 4869 4877
f 4877 4295 4706
f 1272 2057 1730
f 3500 4199 4018
f 3500 2628 4199
f 2056 2628 2447
f 2447 2628 2629
f 542 1058 541
f 541 1058 1059
f 1059 1277 541
f 1009 541 540
f 2227 3017 3050
f 3050 3017 3169
f 4631 3876 4025
f 4631 4710 4711
f 4025 4710 4631
f 4026 3876 4631
f 4711 4708 4631
f 4708 4026 4631
f 532 2104 1061
f 1061 1014 532
f 4708 5296 4630
f 4630 5379 5380
f 4630 5296 5379
f 5294 5297 4629
f 5294 4630 5380
f 5380 5381 5294
f 5381 5297 5294
f 3928 3363 4052
f 4052 4215 3928
f 4034 4035 4206
f 3352 4035 4034
f 4033 3354 4034
f 4716 4717 4206
f 4883 4717 4716
f 4206 4205 4716
f 4205 4883 4716
f 3366 3066 3193
f 2465 2466 3193
f 3193 3066 2465
f 3364 3930 4050
f 3364 3193 3064
f 3364 3064 3194
f 3194 3929 3364
f 3929 3930 3364
f 2467 2468 3194
f 3194 3064 2467
f 2256 2468 2467
f 2467 2255 2256
f 2467 3193 2466
f 3064 3193 2467
f 2466 2254 2467
f 2254 2255 2467
f 2253 2254 2465
f 2465 2252 2253
f 2252 1758 2253
f 1089 601 1757
f 1757 1758 1089
f 1757 601 1325
f 1325 2254 1757
f 2254 2253 1757
f 1757 2253 1758
f 5107 4613 4616
f 4616 5106 5107
f 5107 5108 4613
f 5281 5282 5107
f 5107 5106 5281
f 5282 5283 5107
f 5283 5108 5107
f 5616 5527 5526
f 5373 5525 5524
f 5373 5619 5525
f 5619 5373 5530
f 1011 5277 542
f 3339 3494 3493
f 3493 5277 3339
f 4196 3494 4201
f 4196 3493 3494
f 5277 3493 4196
f 4870 4974 4975
f 4870 5277 4301
f 4870 5278 5277
f 4870 4975 5104
f 5104 5278 4870
f 3515 2650 2835
f 1747 1315 1085
f 1747 2650 1315
f 1747 1085 1316
f 2053 1265 1716
f 1716 2817 2053
f 1716 1717 2817
f 1265 998 1716
f 1716 998 525
f 525 1717 1716
f 2641 3505 2640
f 2460 1742 2640
f 2640 2824 2460
f 2640 3505 2824
f 3375 2849 3524
f 3524 3700 3375
f 2850 3525 2661
f 2850 3375 3700
f 2849 3375 2850
f 2850 2661 2662
f 2662 2849 2850
f 2660 3525 2851
f 2851 3525 3526
f 3526 2852 2851
f 2851 2667 2660
f 2851 2852 2667
f 4895 4646 4745
f 4744 4056 4645
f 4744 4646 4056
f 4744 4745 4646
f 4895 4745 4744
f 5310 4895 4744
f 4744 4645 5310
f 3205 3207 3073
f 3936 3884 3205
f 3205 3937 3207
f 3205 3884 3937
f 3205 3204 3936
f 3205 3073 3204
f 2681 1802 2493
f 2493 2868 2681
f 1391 664 1392
f 1391 1801 1802
f 1392 1801 1391
f 1390 664 1391
f 1391 1803 1390
f 1391 1802 1803
f 659 664 1390
f 1392 664 659
f 1800 2494 2682
f 2682 1801 1800
f 2494 2866 2682
f 2866 2867 2682
f 2867 2868 2682
f 2868 2493 2682
f 1802 1801 2682
f 2682 2493 1802
f 43 2508 1392
f 1390 41 43
f 1422 691 2687
f 691 2508 2687
f 2687 1820 1422
f 1825 1820 2687
f 2687 2509 1825
f 2873 2509 2687
f 2507 2875 2687
f 2687 1826 2507
f 2687 1821 1826
f 1421 1821 2687
f 3007 3491 3663
f 3006 3491 3007
f 3663 3008 3007
f 2048 1715 2814
f 2814 2813 2048
f 3009 2813 2814
f 2814 3008 3009
f 1832 1833 1429
f 1833 1428 1429
f 698 1430 1429
f 699 698 1429
f 1429 1428 699
f 4350 4505 5018
f 5018 3737 4350
f 1831 2692 1832
f 1832 1429 1831
f 1831 1429 1430
f 1830 2692 1831
f 1831 1431 1830
f 1430 1431 1831
f 697 364 696
f 696 1431 697
f 697 1431 1430
f 697 698 364
f 697 1430 698
f 57 65 360
f 360 58 57
f 361 65 57
f 57 58 361
f 3561 3743 3744
f 3743 4358 3744
f 3744 4358 4357
f 3744 3412 3561
f 4357 3412 3744
f 1457 1459 731
f 731 1459 1460
f 4526 4367 4525
f 3742 4367 4361
f 4367 4526 4361
f 2699 1860 2700
f 1860 1859 2700
f 2700 2895 2699
f 2700 3560 3559
f 3559 2895 2700
f 1460 2701 1455
f 3412 3414 2893
f 3561 3412 2893
f 2893 2892 3561
f 2893 2701 2892
f 3705 3532 3389
f 3389 3532 2862
f 3533 3705 3389
f 3389 2862 3533
f 4668 3265 4112
f 4787 4788 4668
f 4668 4112 4787
f 4113 3265 4668
f 4784 4113 4668
f 4668 4788 4784
f 842 439 438
f 842 847 439
f 842 438 1575
f 1575 847 842
f 3598 3599 2733
f 2733 3599 2931
f 2733 2931 2556
f 2733 426 3598
f 2733 1542 426
f 2733 2556 1920
f 1920 1542 2733
f 2702 1457 1855
f 1855 3562 2702
f 2703 3562 1855
f 2523 1852 2705
f 2705 2889 2523
f 2704 1852 2523
f 2523 2889 2704
f 1427 2694 700
f 700 1428 1427
f 1850 1456 729
f 1850 729 724
f 1850 1859 1849
f 1849 1456 1850
f 724 366 1850
f 363 369 1850
f 1850 367 363
f 1850 366 367
f 1850 369 368
f 2528 3261 2529
f 2529 2341 2528
f 2529 3261 3417
f 3417 4107 2529
f 3260 2341 2529
f 4107 3418 2529
f 2529 3418 3260
f 127 129 447
f 447 129 450
f 447 448 127
f 450 852 447
f 852 853 447
f 1581 448 447
f 447 853 1581
f 880 459 888
f 894 1619 1618
f 895 1628 894
f 894 1628 1619
f 1620 1627 893
f 893 469 1620
f 893 1627 462
f 4582 4583 5084
f 4582 4420 4583
f 5084 5085 4582
f 4582 5085 4581
f 4581 4420 4582
f 3633 3826 3461
f 3461 2967 3633
f 3461 3826 3634
f 3634 2967 3461
f 3633 2967 2777
f 2776 3633 2777
f 2774 1988 2777
f 2777 2967 2774
f 2777 929 2776
f 2777 1988 929
f 1627 1972 1973
f 2587 2765 1973
f 2765 1627 1973
f 1973 2766 2587
f 1973 1972 2766
f 2589 2953 1971
f 1971 1970 2589
f 2761 2953 2589
f 2589 1970 2761
f 4949 4957 4950
f 4950 4838 4949
f 4950 4957 5081
f 5081 4838 4950
f 4189 4012 4013
f 4188 4702 4189
f 4189 4702 4190
f 4190 4012 4189
f 4189 4187 4188
f 4189 4013 4187
f 4852 5366 5512
f 5512 5517 4852
f 5366 5517 5512
f 3040 3152 3323
f 3323 3152 4008
f 4008 3907 3323
f 3323 3907 4009
f 3323 2200 3040
f 3323 4009 2200
f 2225 3048 2224
f 2225 2062 1276
f 2225 2224 2062
f 3047 3917 3918
f 2104 3917 3047
f 4295 4877 4294
f 4018 4199 4294
f 4199 4295 4294
f 3348 3345 2629
f 2629 2628 3348
f 2628 3500 3348
f 1726 2447 2057
f 2057 1272 1726
f 2056 2447 1726
f 1726 1003 2056
f 1726 1271 1003
f 2221 2447 2629
f 2057 2447 2221
f 1730 2057 2221
f 2449 2623 2059
f 2059 1728 2449
f 4201 3494 3495
f 3495 3494 3340
f 2098 1277 2099
f 2099 2226 2098
f 3051 2097 2098
f 2098 2226 3051
f 3170 3876 3916
f 3916 3171 3170
f 3170 3171 3050
f 3170 3050 3169
f 3169 3877 3170
f 3877 3876 3170
f 1730 2221 2450
f 2450 2221 2629
f 4027 4026 4708
f 4708 4630 4027
f 3916 4026 4027
f 3917 4630 4028
f 4630 5294 4028
f 4028 5294 4629
f 4028 4629 3918
f 3918 3917 4028
f 3195 3363 4053
f 3363 3928 4053
f 4051 3195 4053
f 4053 3928 4215
f 4053 4216 4051
f 4735 4216 4053
f 4053 4215 4735
f 4206 4717 4207
f 4207 4034 4206
f 4207 4884 5384
f 4207 4717 4884
f 5384 4885 4207
f 4885 4712 4207
f 4207 4712 4208
f 4207 4208 4033
f 4033 4034 4207
f 3352 4034 3353
f 3353 4034 3354
f 3365 3364 4050
f 3193 3364 3365
f 3365 4050 3926
f 3366 3193 3365
f 3926 3931 3365
f 3931 3366 3365
f 5526 5619 5618
f 5618 5616 5526
f 5619 5530 5618
f 5524 5621 5620
f 5620 5373 5524
f 5620 5621 5533
f 4972 5530 5373
f 5373 5620 4972
f 3339 5277 2632
f 5277 2625 2632
f 2632 3340 3339
f 5277 1011 1721
f 4300 4299 4301
f 4301 5277 4300
f 5277 4196 4300
f 4201 4299 4300
f 4300 4196 4201
f 4871 4870 4301
f 4974 4870 4871
f 4301 4299 4871
f 3357 3514 3684
f 3357 2835 3514
f 3684 3515 3357
f 3515 2835 3357
f 3513 3514 2834
f 3514 2835 2834
f 2834 2835 2650
f 291 1308 1307
f 1308 2641 1307
f 2641 2640 1307
f 574 291 1307
f 1307 1081 574
f 1742 1081 1307
f 1307 2640 1742
f 3701 2850 3700
f 3525 2850 3701
f 3701 3700 4326
f 3701 4326 4327
f 4327 3526 3701
f 3526 3525 3701
f 1392 659 339
f 339 659 1390
f 3546 2873 2874
f 2873 2687 2874
f 2875 3546 2874
f 2874 2687 2875
f 1715 2054 2815
f 2815 2814 1715
f 2815 2054 2816
f 2815 3007 3008
f 3008 2814 2815
f 2815 2816 3006
f 3006 3007 2815
f 2883 3555 3556
f 726 731 1460
f 1457 731 726
f 4517 5176 5026
f 4525 5034 4517
f 5034 5176 4517
f 4517 4526 4525
f 4517 4361 4526
f 3740 3562 3563
f 5026 5025 3740
f 5025 4515 3740
f 3740 4515 4359
f 4359 3562 3740
f 1460 1455 730
f 1455 1850 730
f 2522 2700 1859
f 1854 2525 2703
f 2703 1855 1854
f 1458 1853 1854
f 1853 2525 1854
f 1854 1457 1458
f 1854 1855 1457
f 1853 3564 2891
f 2891 2525 1853
f 3563 2703 2891
f 2703 2525 2891
f 459 126 238
f 238 888 459
f 1618 463 461
f 461 894 1618
f 461 463 135
f 141 469 245
f 469 893 245
f 462 141 245
f 245 893 462
f 3173 3919 3873
f 3048 3919 3173
f 4038 3350 3173
f 3173 3873 4038
f 3173 3350 3174
f 3174 3048 3173
f 4029 4629 4709
f 3918 4629 4029
f 3048 2225 2102
f 2102 3919 3048
f 1276 1053 2102
f 2102 2225 1276
f 1053 1274 2102
f 538 1014 1061
f 1061 1060 538
f 2063 2102 1274
f 3345 3348 3499
f 3499 3348 3500
f 5531 4969 5532
f 5532 5616 5531
f 5372 5528 5532
f 5532 5617 5372
f 5532 5528 5527
f 5527 5616 5532
f 4968 4969 4877
f 5617 5532 4968
f 4968 5532 4969
f 4968 4868 5372
f 5372 5617 4968
f 4869 4868 4968
f 4968 4877 4869
f 4876 4294 4877
f 4877 4969 4876
f 1008 1728 2059
f 1008 1266 1728
f 4016 4197 4297
f 3341 3495 3340
f 2061 1723 2444
f 2097 2227 2065
f 2065 1278 2097
f 1057 541 1277
f 1277 2098 1057
f 1057 2098 2097
f 2219 2450 3344
f 1730 2450 1729
f 1729 2450 1006
f 2629 3345 2630
f 2630 2450 2629
f 3345 3499 2630
f 3344 2450 2630
f 5531 5616 4970
f 5616 5618 4970
f 3497 3343 3344
f 1007 1006 1269
f 1007 532 1006
f 1269 1728 1007
f 1728 1266 1007
f 3875 3171 3916
f 3916 4027 3875
f 1279 2096 1055
f 1278 2065 1279
f 1018 1278 1279
f 3177 2456 2235
f 2235 3054 3177
f 3054 3352 3177
f 3352 3353 3177
f 2457 2456 3177
f 3177 3056 2457
f 3354 3056 3177
f 3177 3353 3354
f 4973 4972 5620
f 5533 4974 4973
f 4973 5620 5533
f 1010 1721 1011
f 542 541 1010
f 1010 1011 542
f 1010 1727 1723
f 1010 1723 2061
f 1010 541 1009
f 1009 1727 1010
f 2643 1317 3513
f 3513 2834 2643
f 1316 1317 2643
f 2643 1747 1316
f 2650 1747 2643
f 2643 2834 2650
f 42 43 1392
f 1392 50 42
f 1390 43 42
f 42 50 1390
f 340 339 1390
f 1390 50 340
f 1392 339 340
f 340 50 1392
f 2508 43 350
f 41 352 350
f 350 43 41
f 352 351 350
f 2688 1421 692
f 692 687 2688
f 2508 687 692
f 1421 2687 692
f 692 2687 2508
f 4505 4350 3736
f 4350 3556 3736
f 3735 4505 3736
f 3736 3555 3735
f 3736 3556 3555
f 2883 3556 2884
f 2884 3556 2885
f 3554 4350 3737
f 3554 3556 4350
f 2885 3556 3554
f 3557 2885 3554
f 3554 3738 3557
f 3554 3737 3738
f 371 1457 370
f 1457 726 370
f 1460 371 370
f 370 726 1460
f 4360 3740 3563
f 725 1850 368
f 725 730 1850
f 725 368 1460
f 1460 730 725
f 1858 1455 2701
f 2701 2522 1858
f 1858 2522 1859
f 1859 1850 1858
f 1858 1850 1455
f 2701 2893 2894
f 2894 2522 2701
f 2894 2893 3414
f 2894 3414 3560
f 3560 2700 2894
f 2700 2522 2894
f 3563 2891 3411
f 3411 2891 3564
f 3618 3619 2949
f 3619 2948 2949
f 2949 2948 2757
f 2757 2585 2949
f 2757 880 1963
f 1963 2585 2757
f 118 885 457
f 457 240 118
f 117 240 119
f 119 1203 117
f 242 461 135
f 894 461 242
f 135 137 242
f 242 137 139
f 242 139 895
f 895 894 242
f 3919 2102 3172
f 3172 3047 3918
f 4030 4029 4709
f 3919 4029 4030
f 4030 4709 4718
f 4030 4718 4202
f 4202 3873 4030
f 3873 3919 4030
f 1004 1272 1730
f 1271 1726 1004
f 1004 1726 1272
f 1015 1060 1274
f 1015 1274 1053
f 2102 2063 2223
f 1274 1060 2103
f 2103 2063 1274
f 1061 2104 2103
f 2103 1060 1061
f 2103 2223 2063
f 2104 3047 2103
f 3047 2223 2103
f 4294 4876 4200
f 4018 4294 4200
f 4200 3500 4018
f 4200 3499 3500
f 5531 4970 4293
f 4293 4970 4875
f 4293 4969 5531
f 4293 4876 4969
f 4293 4200 4876
f 1266 1008 539
f 539 1279 1055
f 1009 540 539
f 539 1008 1009
f 539 540 1018
f 1018 1279 539
f 4021 4016 4298
f 4298 4201 4021
f 4201 3495 4021
f 4298 4016 4873
f 4873 4016 4297
f 3342 3341 2634
f 2059 2623 3342
f 3342 2634 2059
f 2623 3343 3342
f 3343 3497 3342
f 1267 1008 2059
f 2059 2060 1267
f 1009 1008 1267
f 1267 1727 1009
f 2060 1727 1267
f 2633 3341 3340
f 2634 3341 2633
f 3340 2632 2633
f 2061 2444 2443
f 2443 2444 2625
f 5277 2061 2443
f 2443 2625 5277
f 2059 2634 2218
f 2218 2060 2059
f 1056 1278 1018
f 1018 540 1056
f 2097 1278 1056
f 1056 1057 2097
f 1056 540 541
f 541 1057 1056
f 3344 3343 2631
f 2631 2219 3344
f 2631 3343 2623
f 2623 2449 2631
f 2449 2219 2631
f 1269 1006 2058
f 2058 2219 2449
f 1006 2450 2058
f 2450 2219 2058
f 2058 1728 1269
f 2058 2449 1728
f 1014 538 1268
f 1268 1729 1006
f 1006 532 1268
f 1268 532 1014
f 4875 4970 4874
f 4874 4873 4297
f 4972 4873 4874
f 4019 4293 4875
f 533 1017 532
f 532 1007 533
f 1055 1017 533
f 2096 2222 2064
f 3016 2222 2096
f 3050 3171 3016
f 3016 2096 3050
f 3049 3875 4027
f 3049 4630 3917
f 3049 4027 4630
f 3171 3875 3049
f 3049 3917 2104
f 3049 3016 3171
f 2222 3016 3049
f 2104 2064 3049
f 3049 2064 2222
f 3050 2096 2228
f 2096 1279 2228
f 2227 3050 2228
f 2228 2065 2227
f 2228 1279 2065
f 4974 4871 4872
f 4872 4973 4974
f 4872 4871 4299
f 4872 4299 4298
f 4298 4873 4872
f 4972 4973 4872
f 4872 4873 4972
f 1722 1010 2061
f 1721 1010 1722
f 1722 2061 5277
f 5277 1721 1722
f 349 687 2508
f 2508 350 349
f 2688 687 349
f 349 351 2688
f 349 350 351
f 2695 2883 2696
f 2883 2884 2696
f 2696 1833 2695
f 5026 3740 4516
f 3740 4360 4516
f 4516 4517 5026
f 4361 4517 4516
f 4516 4360 4361
f 3741 3564 3742
f 3741 3411 3564
f 3742 4361 3741
f 3563 3411 3741
f 3741 4360 3563
f 4361 4360 3741
f 880 888 1615
f 888 887 1615
f 2758 2949 2585
f 2585 1963 2758
f 2758 1615 887
f 2758 4408 3618
f 3618 2949 2758
f 888 238 124
f 124 887 888
f 124 238 126
f 124 126 125
f 120 119 240
f 240 457 120
f 120 457 241
f 1587 1203 444
f 1203 119 444
f 3874 4029 3919
f 3919 3172 3874
f 3918 4029 3874
f 3874 3172 3918
f 537 1013 1271
f 1271 1004 537
f 537 1053 1013
f 537 1015 1053
f 537 538 1060
f 1060 1015 537
f 3047 3172 3015
f 3015 2223 3047
f 3015 3172 2102
f 2102 2223 3015
f 4197 4016 3496
f 3496 3497 4197
f 3496 3342 3497
f 3496 4021 3495
f 4016 4021 3496
f 3495 3341 3496
f 3341 3342 3496
f 2448 2218 2634
f 2060 2218 2448
f 2448 1727 2060
f 1723 1727 2448
f 2448 2444 1723
f 1005 1268 538
f 1005 1004 1730
f 1730 1729 1005
f 1729 1268 1005
f 4971 4970 5618
f 4971 4874 4970
f 4971 5618 5530
f 5530 4972 4971
f 4972 4874 4971
f 3498 3497 3344
f 3498 4019 3497
f 3344 2630 3498
f 4296 4874 4297
f 4875 4874 4296
f 4296 4019 4875
f 4297 4197 4296
f 1055 533 1016
f 1016 539 1055
f 1266 539 1016
f 1016 1007 1266
f 1016 533 1007
f 1273 1017 1055
f 1055 2096 1273
f 2096 2064 1273
f 532 1017 1273
f 2104 532 1273
f 1273 2064 2104
f 1834 2696 2884
f 1834 2884 2885
f 1833 2696 1834
f 2885 2694 1834
f 2694 1427 1834
f 1834 1428 1833
f 1834 1427 1428
f 1958 1963 880
f 880 1615 1958
f 1958 2758 1963
f 1615 2758 1958
f 3620 3616 2950
f 3616 2759 2950
f 887 2759 3617
f 3617 2758 887
f 3617 2759 3616
f 4408 2758 3617
f 3617 3616 3814
f 123 124 125
f 122 120 241
f 857 1205 1587
f 1587 444 857
f 2444 2448 2624
f 2625 2444 2624
f 2634 2633 2624
f 2624 2448 2634
f 2624 2632 2625
f 2624 2633 2632
f 4293 4019 4198
f 4019 3498 4198
f 4198 3498 2630
f 4198 2630 3499
f 3499 4200 4198
f 4200 4293 4198
f 3497 4019 4020
f 4019 4296 4020
f 4197 3497 4020
f 4020 4296 4197
f 1964 2759 887
f 885 2760 1964
f 885 1614 886
f 886 457 885
f 241 457 886
f 886 1614 887
f 3815 3814 4409
f 3815 3617 3814
f 4409 5070 3815
f 3815 5070 4408
f 4408 3617 3815
f 125 448 446
f 446 123 125
f 121 444 119
f 119 120 121
f 120 122 121
f 887 1614 1959
f 1959 1964 887
f 1959 1614 885
f 885 1964 1959
f 2584 2950 2759
f 2759 1964 2584
f 3620 2950 2584
f 2584 2760 3620
f 2584 1964 2760
f 448 854 855
f 855 446 448
f 855 854 1206
f 855 1942 2751
f 1206 1942 855
f 123 446 1204
f 123 1204 237
f 124 123 237
f 237 1204 121
f 237 121 122
f 446 855 1589
f 1589 1204 446
f 1589 855 2751
f 2751 3610 1589
f 1589 3610 3608
f 3608 2749 1589
f 887 124 460
f 124 237 460
f 241 886 460
f 460 886 887
f 460 122 241
f 460 237 122
f 1943 1205 1588
f 1588 2749 1943
f 1588 1589 2749
f 1205 857 1588
f 1204 1589 445
f 444 121 445
f 121 1204 445
f 856 857 444
f 444 445 856
f 856 1588 857
f 1589 1588 856
f 856 445 1589
f 154 156 155
f 154 155 153
f 5 7 6
f 6 4 5
f 3 5 4
f 3 4 2
f 1 20 22
f 22 20 21
f 5653 5643 5644
f 5653 5689 5624
f 5632 5633 5653
f 5634 5639 5653
f 5653 5662 5665
f 5653 5640 5641
f 5651 5650 5653
f 5637 5636 5653
f 5664 5663 5653
f 5653 5638 5637
f 5653 5668 5667
f 5646 5647 5653
f 5653 5627 5628
f 5656 5657 5653
f 5665 5666 5653
f 5624 5625 5653
f 5653 5629 5632
f 5628 5631 5653
f 5644 5645 5653
f 5667 5672 5653
f 5653 5678 5679
f 5653 5687 5686
f 5674 5675 5653
f 5653 5658 5659
f 5653 5661 5664
f 5679 5680 5653
f 5653 5673 5674
f 5653 5684 5683
f 5630 5629 5653
f 5653 5631 5630
f 5683 5688 5653
f 5653 5635 5634
f 5653 5652 5656
f 5641 5642 5653
f 5653 5645 5646
f 5653 5649 5651
f 5653 5681 5682
f 5677 5678 5653
f 5653 5655 5654
f 5663 5662 5653
f 5653 5657 5658
f 5659 5660 5653
f 5670 5669 5653
f 5653 5671 5670
f 5636 5640 5653
f 5653 5625 5626
f 5626 5627 5653
f 5653 5688 5687
f 5653 5639 5638
f 5653 5633 5635
f 5653 5676 5677
f 5686 5685 5653
f 5642 5643 5653
f 5648 5649 5653
f 5653 5647 5648
f 5653 5680 5681
f 5660 5661 5653
f 5653 5666 5668
f 5669 5673 5653
f 5653 5672 5671
f 5682 5684 5653
f 5653 5685 5689
f 5650 5655 5653
f 5675 5676 5653
f 945 964 965
f 965 966 945
f 5705 5714 5715
f 5705 5698 5699
f 5705 5722 5723
f 5699 5700 5705
f 5705 5718 5717
f 5705 5704 5702
f 5695 5692 5705
f 5705 5712 5713
f 5705 5693 5724
f 5702 5698 5705
f 5705 5701 5691
f 5708 5707 5705
f 5700 5701 5705
f 5690 5712 5705
f 5717 5714 5705
f 5715 5716 5705
f 5724 5720 5705
f 5723 5719 5705
f 5691 5696 5705
f 5705 5716 5690
f 5721 5722 5705
f 5705 5720 5721
f 5705 5692 5693
f 5705 5696 5697
f 5705 5694 5695
f 5713 5710 5705
f 5705 5709 5708
f 5697 5694 5705
f 5705 5707 5706
f 5705 5710 5711
f 5711 5709 5705
f 5719 5718 5705
f 5705 5703 5704
f 130 132 131
f 131 129 130
f 130 129 127
f 127 128 130
f 561 559 560
f 562 561 560
f 6 7 8
f 7 9 8
f 950 949 951
f 948 949 950
f 589 588 586
f 586 587 589
f 1005 537 1004
f 538 537 1005
